l================================================================================
JobID = 13380203
User = u25914, Account = nim00020
Partition = grete:shared, Nodelist = ggpu211
================================================================================
Start fitting for 25000 iterations /  164 epochs
with 153 iterations per epoch
Training with mixed precision

Epoch 0:   0%|          | 0/25000 [00:00<?, ?it/s]
Epoch 0:   0%|          | 1/25000 [00:15<110:48:50, 15.96s/it]
Epoch 0:   0%|          | 2/25000 [00:39<142:15:53, 20.49s/it]
Epoch 0:   0%|          | 3/25000 [00:40<81:32:44, 11.74s/it] 
Epoch 0:   0%|          | 4/25000 [00:42<53:01:03,  7.64s/it]
Epoch 0:   0%|          | 5/25000 [00:43<37:14:56,  5.36s/it]
Epoch 0:   0%|          | 6/25000 [00:44<27:44:32,  4.00s/it]
Epoch 0:   0%|          | 7/25000 [00:46<21:56:16,  3.16s/it]
Epoch 0:   0%|          | 8/25000 [00:47<17:54:39,  2.58s/it]
Epoch 0:   0%|          | 9/25000 [00:49<15:13:09,  2.19s/it]
Epoch 0:   0%|          | 10/25000 [00:50<13:23:18,  1.93s/it]
Epoch 0:   0%|          | 11/25000 [01:17<66:43:43,  9.61s/it]
Epoch 0:   0%|          | 12/25000 [01:18<49:15:14,  7.10s/it]
Epoch 0:   0%|          | 13/25000 [01:20<37:08:48,  5.35s/it]
Epoch 0:   0%|          | 14/25000 [01:21<28:43:53,  4.14s/it]
Epoch 0:   0%|          | 15/25000 [01:22<22:52:10,  3.30s/it]
Epoch 0:   0%|          | 16/25000 [01:24<18:46:54,  2.71s/it]
Epoch 0:   0%|          | 17/25000 [01:25<15:55:39,  2.30s/it]
Epoch 0:   0%|          | 18/25000 [01:26<13:55:57,  2.01s/it]
Epoch 0:   0%|          | 19/25000 [01:28<12:32:21,  1.81s/it]
Epoch 0:   0%|          | 20/25000 [01:29<11:33:50,  1.67s/it]
Epoch 0:   0%|          | 21/25000 [01:30<11:01:18,  1.59s/it]
Epoch 0:   0%|          | 22/25000 [01:32<10:30:13,  1.51s/it]
Epoch 0:   0%|          | 23/25000 [01:33<10:08:15,  1.46s/it]
Epoch 0:   0%|          | 24/25000 [01:34<9:53:07,  1.42s/it] 
Epoch 0:   0%|          | 25/25000 [01:36<9:42:22,  1.40s/it]
Epoch 0:   0%|          | 26/25000 [01:37<9:34:59,  1.38s/it]
Epoch 0:   0%|          | 27/25000 [02:14<84:11:14, 12.14s/it]
Epoch 0:   0%|          | 28/25000 [02:16<61:42:57,  8.90s/it]
Epoch 0:   0%|          | 29/25000 [02:17<45:59:04,  6.63s/it]
Epoch 0:   0%|          | 30/25000 [02:18<34:58:27,  5.04s/it]
Epoch 0:   0%|          | 31/25000 [02:20<27:15:56,  3.93s/it]
Epoch 0:   0%|          | 32/25000 [02:21<22:03:13,  3.18s/it]
Epoch 0:   0%|          | 33/25000 [02:22<18:13:14,  2.63s/it]
Epoch 0:   0%|          | 34/25000 [02:24<15:32:24,  2.24s/it]
Epoch 0:   0%|          | 35/25000 [02:25<13:39:56,  1.97s/it]
Epoch 0:   0%|          | 36/25000 [02:26<12:21:05,  1.78s/it]
Epoch 0:   0%|          | 37/25000 [02:28<11:26:03,  1.65s/it]
Epoch 0:   0%|          | 38/25000 [02:29<10:47:20,  1.56s/it]
Epoch 0:   0%|          | 39/25000 [02:31<10:20:22,  1.49s/it]
Epoch 0:   0%|          | 40/25000 [02:32<10:01:20,  1.45s/it]
Epoch 0:   0%|          | 41/25000 [02:33<9:48:06,  1.41s/it] 
Epoch 0:   0%|          | 42/25000 [02:35<9:38:36,  1.39s/it]
Epoch 0:   0%|          | 43/25000 [02:36<9:32:09,  1.38s/it]
Epoch 0:   0%|          | 44/25000 [02:37<9:27:35,  1.36s/it]
Epoch 0:   0%|          | 45/25000 [02:39<9:24:27,  1.36s/it]
Epoch 0:   0%|          | 46/25000 [02:40<9:22:10,  1.35s/it]
Epoch 0:   0%|          | 47/25000 [02:41<9:20:33,  1.35s/it]
Epoch 0:   0%|          | 48/25000 [02:43<9:19:18,  1.34s/it]
Epoch 0:   0%|          | 49/25000 [02:44<9:18:37,  1.34s/it]
Epoch 0:   0%|          | 50/25000 [02:45<9:18:04,  1.34s/it]
Epoch 0:   0%|          | 51/25000 [02:47<9:17:38,  1.34s/it]
Epoch 0:   0%|          | 52/25000 [02:48<9:17:27,  1.34s/it]
Epoch 0:   0%|          | 53/25000 [02:49<9:17:12,  1.34s/it]
Epoch 0:   0%|          | 54/25000 [02:51<9:26:44,  1.36s/it]
Epoch 0:   0%|          | 55/25000 [02:52<9:23:45,  1.36s/it]
Epoch 0:   0%|          | 56/25000 [02:53<9:21:42,  1.35s/it]
Epoch 0:   0%|          | 57/25000 [02:55<9:20:08,  1.35s/it]
Epoch 0:   0%|          | 58/25000 [02:56<9:19:03,  1.34s/it]
Epoch 0:   0%|          | 59/25000 [03:10<35:35:15,  5.14s/it]
Epoch 0:   0%|          | 60/25000 [03:11<27:41:25,  4.00s/it]
Epoch 0:   0%|          | 61/25000 [03:13<22:09:48,  3.20s/it]
Epoch 0:   0%|          | 62/25000 [03:14<18:17:37,  2.64s/it]
Epoch 0:   0%|          | 63/25000 [03:15<15:35:04,  2.25s/it]
Epoch 0:   0%|          | 64/25000 [03:17<13:41:18,  1.98s/it]
Epoch 0:   0%|          | 65/25000 [03:18<12:21:40,  1.78s/it]
Epoch 0:   0%|          | 66/25000 [03:19<11:25:53,  1.65s/it]
Epoch 0:   0%|          | 67/25000 [03:21<10:56:35,  1.58s/it]
Epoch 0:   0%|          | 68/25000 [03:22<10:26:25,  1.51s/it]
Epoch 0:   0%|          | 69/25000 [03:23<10:05:13,  1.46s/it]
Epoch 0:   0%|          | 70/25000 [03:25<9:50:26,  1.42s/it] 
Epoch 0:   0%|          | 71/25000 [03:26<9:40:06,  1.40s/it]
Epoch 0:   0%|          | 72/25000 [03:27<9:32:47,  1.38s/it]
Epoch 0:   0%|          | 73/25000 [03:29<9:27:42,  1.37s/it]
Epoch 0:   0%|          | 74/25000 [03:30<9:24:06,  1.36s/it]
Epoch 0:   0%|          | 75/25000 [03:31<9:21:39,  1.35s/it]
Epoch 0:   0%|          | 76/25000 [03:33<9:19:51,  1.35s/it]
Epoch 0:   0%|          | 77/25000 [03:55<52:45:24,  7.62s/it]
Epoch 0:   0%|          | 78/25000 [03:56<39:42:27,  5.74s/it]
Epoch 0:   0%|          | 79/25000 [03:58<30:34:22,  4.42s/it]
Epoch 0:   0%|          | 80/25000 [03:59<24:10:42,  3.49s/it]
Epoch 0:   0%|          | 81/25000 [04:00<19:49:21,  2.86s/it]
Epoch 0:   0%|          | 82/25000 [04:02<16:39:26,  2.41s/it]
Epoch 0:   0%|          | 83/25000 [04:03<14:26:11,  2.09s/it]
Epoch 0:   0%|          | 84/25000 [04:05<12:53:00,  1.86s/it]
Epoch 0:   0%|          | 85/25000 [04:06<11:47:39,  1.70s/it]
Epoch 0:   0%|          | 86/25000 [04:07<11:01:54,  1.59s/it]
Epoch 0:   0%|          | 87/25000 [04:09<10:29:57,  1.52s/it]
Epoch 0:   0%|          | 88/25000 [04:10<10:07:38,  1.46s/it]
Epoch 0:   0%|          | 89/25000 [04:11<9:51:58,  1.43s/it] 
Epoch 0:   0%|          | 90/25000 [04:13<9:41:09,  1.40s/it]
Epoch 0:   0%|          | 91/25000 [04:14<9:33:21,  1.38s/it]
Epoch 0:   0%|          | 92/25000 [04:15<9:28:04,  1.37s/it]
Epoch 0:   0%|          | 93/25000 [04:20<15:41:02,  2.27s/it]
Epoch 0:   0%|          | 94/25000 [04:21<13:45:17,  1.99s/it]
Epoch 0:   0%|          | 95/25000 [04:22<12:24:16,  1.79s/it]
Epoch 0:   0%|          | 96/25000 [04:24<11:27:39,  1.66s/it]
Epoch 0:   0%|          | 97/25000 [04:25<10:47:53,  1.56s/it]
Epoch 0:   0%|          | 98/25000 [04:26<10:20:06,  1.49s/it]
Epoch 0:   0%|          | 99/25000 [04:28<10:00:35,  1.45s/it]
Epoch 0:   0%|          | 100/25000 [04:29<9:46:53,  1.41s/it]
Epoch 0:   0%|          | 101/25000 [04:30<10:00:03,  1.45s/it]
Epoch 0:   0%|          | 102/25000 [04:32<9:52:18,  1.43s/it] 
Epoch 0:   0%|          | 103/25000 [04:33<9:41:02,  1.40s/it]
Epoch 0:   0%|          | 104/25000 [04:35<9:33:14,  1.38s/it]
Epoch 0:   0%|          | 105/25000 [04:36<9:27:53,  1.37s/it]
Epoch 0:   0%|          | 106/25000 [04:37<9:24:02,  1.36s/it]
Epoch 0:   0%|          | 107/25000 [04:39<9:21:24,  1.35s/it]
Epoch 0:   0%|          | 108/25000 [04:40<9:19:28,  1.35s/it]
Epoch 0:   0%|          | 109/25000 [04:50<28:14:35,  4.08s/it]
Epoch 0:   0%|          | 110/25000 [04:52<22:32:53,  3.26s/it]
Epoch 0:   0%|          | 111/25000 [04:53<18:33:34,  2.68s/it]
Epoch 0:   0%|          | 112/25000 [04:54<15:45:58,  2.28s/it]
Epoch 0:   0%|          | 113/25000 [04:57<17:23:12,  2.52s/it]
Epoch 0:   0%|          | 114/25000 [04:59<15:02:04,  2.17s/it]
Epoch 0:   0%|          | 115/25000 [05:00<13:17:46,  1.92s/it]
Epoch 0:   0%|          | 116/25000 [05:01<12:04:50,  1.75s/it]
Epoch 0:   0%|          | 117/25000 [05:03<11:13:45,  1.62s/it]
Epoch 0:   0%|          | 118/25000 [05:04<10:38:03,  1.54s/it]
Epoch 0:   0%|          | 119/25000 [05:08<15:38:36,  2.26s/it]
Epoch 0:   0%|          | 120/25000 [05:09<13:43:27,  1.99s/it]
Epoch 0:   0%|          | 121/25000 [05:11<12:22:43,  1.79s/it]
Epoch 0:   0%|          | 122/25000 [05:12<11:26:19,  1.66s/it]
Epoch 0:   0%|          | 123/25000 [05:13<10:46:42,  1.56s/it]
Epoch 0:   0%|          | 124/25000 [05:15<10:19:01,  1.49s/it]
Epoch 0:   0%|          | 125/25000 [05:16<9:59:36,  1.45s/it] 
Epoch 0:   1%|          | 126/25000 [05:18<9:50:03,  1.42s/it]
Epoch 0:   1%|          | 127/25000 [05:19<9:39:20,  1.40s/it]
Epoch 0:   1%|          | 128/25000 [05:20<9:31:49,  1.38s/it]
Epoch 0:   1%|          | 129/25000 [06:05<99:22:14, 14.38s/it]
Epoch 0:   1%|          | 130/25000 [06:06<72:19:59, 10.47s/it]
Epoch 0:   1%|          | 131/25000 [06:30<100:29:16, 14.55s/it]
Epoch 0:   1%|          | 132/25000 [06:32<73:06:56, 10.58s/it] 
Epoch 0:   1%|          | 133/25000 [06:33<53:57:15,  7.81s/it]
Epoch 0:   1%|          | 134/25000 [06:34<40:32:25,  5.87s/it]
Epoch 0:   1%|          | 135/25000 [06:36<31:09:08,  4.51s/it]
Epoch 0:   1%|          | 136/25000 [06:37<24:34:42,  3.56s/it]
Epoch 0:   1%|          | 137/25000 [06:38<19:58:35,  2.89s/it]
Epoch 0:   1%|          | 138/25000 [06:40<16:45:20,  2.43s/it]
Epoch 0:   1%|          | 139/25000 [06:41<14:30:09,  2.10s/it]
Epoch 0:   1%|          | 140/25000 [06:42<12:55:26,  1.87s/it]
Epoch 0:   1%|          | 141/25000 [06:44<11:49:09,  1.71s/it]
Epoch 0:   1%|          | 142/25000 [06:45<11:02:40,  1.60s/it]
Epoch 0:   1%|          | 143/25000 [06:46<10:30:15,  1.52s/it]
Epoch 0:   1%|          | 144/25000 [06:48<10:07:26,  1.47s/it]
Epoch 0:   1%|          | 145/25000 [06:49<9:51:32,  1.43s/it] 
Epoch 0:   1%|          | 146/25000 [06:50<9:40:18,  1.40s/it]
Epoch 0:   1%|          | 147/25000 [07:35<98:51:20, 14.32s/it]
Epoch 0:   1%|          | 148/25000 [07:36<71:58:16, 10.43s/it]
Epoch 0:   1%|          | 149/25000 [07:38<53:09:12,  7.70s/it]
Epoch 0:   1%|          | 150/25000 [07:39<39:58:45,  5.79s/it]
Epoch 0:   1%|          | 151/25000 [07:40<30:45:40,  4.46s/it]
Epoch 0:   1%|          | 152/25000 [07:42<24:18:20,  3.52s/it]
Epoch 0:   1%|          | 153/25000 [07:43<19:47:05,  2.87s/it]
Epoch 1: average [s/it]: 3.029606, current metric: 0.723004, best metric: 0.723004:   1%|          | 153/25000 [11:44<19:47:05,  2.87s/it]
Epoch 1: average [s/it]: 3.029606, current metric: 0.723004, best metric: 0.723004:   1%|          | 154/25000 [12:17<582:04:32, 84.34s/it]
Epoch 1: average [s/it]: 3.029606, current metric: 0.723004, best metric: 0.723004:   1%|          | 155/25000 [12:56<488:12:20, 70.74s/it]
Epoch 1: average [s/it]: 3.029606, current metric: 0.723004, best metric: 0.723004:   1%|          | 156/25000 [14:19<513:12:08, 74.37s/it]
Epoch 1: average [s/it]: 3.029606, current metric: 0.723004, best metric: 0.723004:   1%|          | 157/25000 [14:21<362:01:24, 52.46s/it]
Epoch 1: average [s/it]: 3.029606, current metric: 0.723004, best metric: 0.723004:   1%|          | 158/25000 [14:22<256:35:19, 37.18s/it]
Epoch 1: average [s/it]: 3.029606, current metric: 0.723004, best metric: 0.723004:   1%|          | 159/25000 [14:23<182:22:46, 26.43s/it]
Epoch 1: average [s/it]: 3.029606, current metric: 0.723004, best metric: 0.723004:   1%|          | 160/25000 [14:25<130:25:55, 18.90s/it]
Epoch 1: average [s/it]: 3.029606, current metric: 0.723004, best metric: 0.723004:   1%|          | 161/25000 [14:26<94:04:09, 13.63s/it] 
Epoch 1: average [s/it]: 3.029606, current metric: 0.723004, best metric: 0.723004:   1%|          | 162/25000 [14:27<68:37:00,  9.95s/it]
Epoch 1: average [s/it]: 3.029606, current metric: 0.723004, best metric: 0.723004:   1%|          | 163/25000 [14:29<50:47:59,  7.36s/it]
Epoch 1: average [s/it]: 3.029606, current metric: 0.723004, best metric: 0.723004:   1%|          | 164/25000 [14:30<38:19:54,  5.56s/it]
Epoch 1: average [s/it]: 3.029606, current metric: 0.723004, best metric: 0.723004:   1%|          | 165/25000 [14:31<29:36:10,  4.29s/it]
Epoch 1: average [s/it]: 3.029606, current metric: 0.723004, best metric: 0.723004:   1%|          | 166/25000 [14:33<23:29:31,  3.41s/it]
Epoch 1: average [s/it]: 3.029606, current metric: 0.723004, best metric: 0.723004:   1%|          | 167/25000 [14:34<19:12:48,  2.79s/it]
Epoch 1: average [s/it]: 3.029606, current metric: 0.723004, best metric: 0.723004:   1%|          | 168/25000 [14:35<16:13:21,  2.35s/it]
Epoch 1: average [s/it]: 3.029606, current metric: 0.723004, best metric: 0.723004:   1%|          | 169/25000 [14:37<14:07:37,  2.05s/it]
Epoch 1: average [s/it]: 3.029606, current metric: 0.723004, best metric: 0.723004:   1%|          | 170/25000 [14:38<12:39:41,  1.84s/it]
Epoch 1: average [s/it]: 3.029606, current metric: 0.723004, best metric: 0.723004:   1%|          | 171/25000 [14:39<11:38:06,  1.69s/it]
Epoch 1: average [s/it]: 3.029606, current metric: 0.723004, best metric: 0.723004:   1%|          | 172/25000 [15:51<155:29:27, 22.55s/it]
Epoch 1: average [s/it]: 3.029606, current metric: 0.723004, best metric: 0.723004:   1%|          | 173/25000 [15:52<111:38:14, 16.19s/it]
Epoch 1: average [s/it]: 3.029606, current metric: 0.723004, best metric: 0.723004:   1%|          | 174/25000 [15:53<80:55:00, 11.73s/it] 
Epoch 1: average [s/it]: 3.029606, current metric: 0.723004, best metric: 0.723004:   1%|          | 175/25000 [15:55<59:24:43,  8.62s/it]
Epoch 1: average [s/it]: 3.029606, current metric: 0.723004, best metric: 0.723004:   1%|          | 176/25000 [15:56<44:21:25,  6.43s/it]
Epoch 1: average [s/it]: 3.029606, current metric: 0.723004, best metric: 0.723004:   1%|          | 177/25000 [15:57<33:49:01,  4.90s/it]
Epoch 1: average [s/it]: 3.029606, current metric: 0.723004, best metric: 0.723004:   1%|          | 178/25000 [15:59<26:26:32,  3.83s/it]
Epoch 1: average [s/it]: 3.029606, current metric: 0.723004, best metric: 0.723004:   1%|          | 179/25000 [16:00<21:16:41,  3.09s/it]
Epoch 1: average [s/it]: 3.029606, current metric: 0.723004, best metric: 0.723004:   1%|          | 180/25000 [16:01<17:39:49,  2.56s/it]
Epoch 1: average [s/it]: 3.029606, current metric: 0.723004, best metric: 0.723004:   1%|          | 181/25000 [16:03<15:08:05,  2.20s/it]
Epoch 1: average [s/it]: 3.029606, current metric: 0.723004, best metric: 0.723004:   1%|          | 182/25000 [16:04<13:21:45,  1.94s/it]
Epoch 1: average [s/it]: 3.029606, current metric: 0.723004, best metric: 0.723004:   1%|          | 183/25000 [16:05<12:07:28,  1.76s/it]
Epoch 1: average [s/it]: 3.029606, current metric: 0.723004, best metric: 0.723004:   1%|          | 184/25000 [16:07<11:15:29,  1.63s/it]
Epoch 1: average [s/it]: 3.029606, current metric: 0.723004, best metric: 0.723004:   1%|          | 185/25000 [16:08<11:06:27,  1.61s/it]
Epoch 1: average [s/it]: 3.029606, current metric: 0.723004, best metric: 0.723004:   1%|          | 186/25000 [16:10<10:32:49,  1.53s/it]
Epoch 1: average [s/it]: 3.029606, current metric: 0.723004, best metric: 0.723004:   1%|          | 187/25000 [16:11<10:09:18,  1.47s/it]
Epoch 1: average [s/it]: 3.029606, current metric: 0.723004, best metric: 0.723004:   1%|          | 188/25000 [17:32<174:27:24, 25.31s/it]
Epoch 1: average [s/it]: 3.029606, current metric: 0.723004, best metric: 0.723004:   1%|          | 189/25000 [17:33<124:53:33, 18.12s/it]
Epoch 1: average [s/it]: 3.029606, current metric: 0.723004, best metric: 0.723004:   1%|          | 190/25000 [17:35<90:11:28, 13.09s/it] 
Epoch 1: average [s/it]: 3.029606, current metric: 0.723004, best metric: 0.723004:   1%|          | 191/25000 [17:36<65:54:03,  9.56s/it]
Epoch 1: average [s/it]: 3.029606, current metric: 0.723004, best metric: 0.723004:   1%|          | 192/25000 [17:37<48:53:50,  7.10s/it]
Epoch 1: average [s/it]: 3.029606, current metric: 0.723004, best metric: 0.723004:   1%|          | 193/25000 [17:39<36:59:39,  5.37s/it]
Epoch 1: average [s/it]: 3.029606, current metric: 0.723004, best metric: 0.723004:   1%|          | 194/25000 [17:40<28:39:57,  4.16s/it]
Epoch 1: average [s/it]: 3.029606, current metric: 0.723004, best metric: 0.723004:   1%|          | 195/25000 [17:41<22:50:07,  3.31s/it]
Epoch 1: average [s/it]: 3.029606, current metric: 0.723004, best metric: 0.723004:   1%|          | 196/25000 [17:43<18:45:17,  2.72s/it]
Epoch 1: average [s/it]: 3.029606, current metric: 0.723004, best metric: 0.723004:   1%|          | 197/25000 [17:44<15:53:50,  2.31s/it]
Epoch 1: average [s/it]: 3.029606, current metric: 0.723004, best metric: 0.723004:   1%|          | 198/25000 [17:45<13:54:01,  2.02s/it]
Epoch 1: average [s/it]: 3.029606, current metric: 0.723004, best metric: 0.723004:   1%|          | 199/25000 [17:47<12:29:58,  1.81s/it]
Epoch 1: average [s/it]: 3.029606, current metric: 0.723004, best metric: 0.723004:   1%|          | 200/25000 [17:48<11:31:17,  1.67s/it]
Epoch 1: average [s/it]: 3.029606, current metric: 0.723004, best metric: 0.723004:   1%|          | 201/25000 [17:50<11:35:52,  1.68s/it]
Epoch 1: average [s/it]: 3.029606, current metric: 0.723004, best metric: 0.723004:   1%|          | 202/25000 [17:51<11:12:12,  1.63s/it]
Epoch 1: average [s/it]: 3.029606, current metric: 0.723004, best metric: 0.723004:   1%|          | 203/25000 [17:53<10:36:40,  1.54s/it]
Epoch 1: average [s/it]: 3.029606, current metric: 0.723004, best metric: 0.723004:   1%|          | 204/25000 [18:40<105:49:03, 15.36s/it]
Epoch 1: average [s/it]: 3.029606, current metric: 0.723004, best metric: 0.723004:   1%|          | 205/25000 [18:42<76:50:16, 11.16s/it] 
Epoch 1: average [s/it]: 3.029606, current metric: 0.723004, best metric: 0.723004:   1%|          | 206/25000 [18:43<56:33:10,  8.21s/it]
Epoch 1: average [s/it]: 3.029606, current metric: 0.723004, best metric: 0.723004:   1%|          | 207/25000 [18:44<42:21:10,  6.15s/it]
Epoch 1: average [s/it]: 3.029606, current metric: 0.723004, best metric: 0.723004:   1%|          | 208/25000 [18:46<32:24:51,  4.71s/it]
Epoch 1: average [s/it]: 3.029606, current metric: 0.723004, best metric: 0.723004:   1%|          | 209/25000 [18:47<25:27:27,  3.70s/it]
Epoch 1: average [s/it]: 3.029606, current metric: 0.723004, best metric: 0.723004:   1%|          | 210/25000 [18:48<20:35:07,  2.99s/it]
Epoch 1: average [s/it]: 3.029606, current metric: 0.723004, best metric: 0.723004:   1%|          | 211/25000 [18:50<17:10:24,  2.49s/it]
Epoch 1: average [s/it]: 3.029606, current metric: 0.723004, best metric: 0.723004:   1%|          | 212/25000 [18:51<14:47:22,  2.15s/it]
Epoch 1: average [s/it]: 3.029606, current metric: 0.723004, best metric: 0.723004:   1%|          | 213/25000 [18:52<13:07:17,  1.91s/it]
Epoch 1: average [s/it]: 3.029606, current metric: 0.723004, best metric: 0.723004:   1%|          | 214/25000 [18:54<11:56:58,  1.74s/it]
Epoch 1: average [s/it]: 3.029606, current metric: 0.723004, best metric: 0.723004:   1%|          | 215/25000 [18:55<11:07:49,  1.62s/it]
Epoch 1: average [s/it]: 3.029606, current metric: 0.723004, best metric: 0.723004:   1%|          | 216/25000 [18:56<10:33:32,  1.53s/it]
Epoch 1: average [s/it]: 3.029606, current metric: 0.723004, best metric: 0.723004:   1%|          | 217/25000 [18:58<10:09:33,  1.48s/it]
Epoch 1: average [s/it]: 3.029606, current metric: 0.723004, best metric: 0.723004:   1%|          | 218/25000 [18:59<9:52:36,  1.43s/it] 
Epoch 1: average [s/it]: 3.029606, current metric: 0.723004, best metric: 0.723004:   1%|          | 219/25000 [19:00<9:40:54,  1.41s/it]
Epoch 1: average [s/it]: 3.029606, current metric: 0.723004, best metric: 0.723004:   1%|          | 220/25000 [20:53<240:14:33, 34.90s/it]
Epoch 1: average [s/it]: 3.029606, current metric: 0.723004, best metric: 0.723004:   1%|          | 221/25000 [20:55<170:55:45, 24.83s/it]
Epoch 1: average [s/it]: 3.029606, current metric: 0.723004, best metric: 0.723004:   1%|          | 222/25000 [20:56<122:24:49, 17.79s/it]
Epoch 1: average [s/it]: 3.029606, current metric: 0.723004, best metric: 0.723004:   1%|          | 223/25000 [20:57<88:27:05, 12.85s/it] 
Epoch 1: average [s/it]: 3.029606, current metric: 0.723004, best metric: 0.723004:   1%|          | 224/25000 [20:59<64:40:41,  9.40s/it]
Epoch 1: average [s/it]: 3.029606, current metric: 0.723004, best metric: 0.723004:   1%|          | 225/25000 [21:00<48:02:15,  6.98s/it]
Epoch 1: average [s/it]: 3.029606, current metric: 0.723004, best metric: 0.723004:   1%|          | 226/25000 [21:01<36:23:27,  5.29s/it]
Epoch 1: average [s/it]: 3.029606, current metric: 0.723004, best metric: 0.723004:   1%|          | 227/25000 [21:03<28:14:13,  4.10s/it]
Epoch 1: average [s/it]: 3.029606, current metric: 0.723004, best metric: 0.723004:   1%|          | 228/25000 [21:04<22:31:50,  3.27s/it]
Epoch 1: average [s/it]: 3.029606, current metric: 0.723004, best metric: 0.723004:   1%|          | 229/25000 [21:05<18:32:07,  2.69s/it]
Epoch 1: average [s/it]: 3.029606, current metric: 0.723004, best metric: 0.723004:   1%|          | 230/25000 [21:07<15:44:22,  2.29s/it]
Epoch 1: average [s/it]: 3.029606, current metric: 0.723004, best metric: 0.723004:   1%|          | 231/25000 [21:08<13:46:57,  2.00s/it]
Epoch 1: average [s/it]: 3.029606, current metric: 0.723004, best metric: 0.723004:   1%|          | 232/25000 [21:09<12:24:47,  1.80s/it]
Epoch 1: average [s/it]: 3.029606, current metric: 0.723004, best metric: 0.723004:   1%|          | 233/25000 [21:11<11:27:15,  1.66s/it]
Epoch 1: average [s/it]: 3.029606, current metric: 0.723004, best metric: 0.723004:   1%|          | 234/25000 [21:12<10:46:53,  1.57s/it]
Epoch 1: average [s/it]: 3.029606, current metric: 0.723004, best metric: 0.723004:   1%|          | 235/25000 [21:13<10:18:42,  1.50s/it]
Epoch 1: average [s/it]: 3.029606, current metric: 0.723004, best metric: 0.723004:   1%|          | 236/25000 [21:22<25:29:55,  3.71s/it]
Epoch 1: average [s/it]: 3.029606, current metric: 0.723004, best metric: 0.723004:   1%|          | 237/25000 [21:24<20:36:56,  3.00s/it]
Epoch 1: average [s/it]: 3.029606, current metric: 0.723004, best metric: 0.723004:   1%|          | 238/25000 [21:25<17:25:46,  2.53s/it]
Epoch 1: average [s/it]: 3.029606, current metric: 0.723004, best metric: 0.723004:   1%|          | 239/25000 [21:26<14:57:59,  2.18s/it]
Epoch 1: average [s/it]: 3.029606, current metric: 0.723004, best metric: 0.723004:   1%|          | 240/25000 [21:28<13:14:24,  1.93s/it]
Epoch 1: average [s/it]: 3.029606, current metric: 0.723004, best metric: 0.723004:   1%|          | 241/25000 [22:17<111:04:18, 16.15s/it]
Epoch 1: average [s/it]: 3.029606, current metric: 0.723004, best metric: 0.723004:   1%|          | 242/25000 [22:18<80:30:40, 11.71s/it] 
Epoch 1: average [s/it]: 3.029606, current metric: 0.723004, best metric: 0.723004:   1%|          | 243/25000 [22:20<59:07:15,  8.60s/it]
Epoch 1: average [s/it]: 3.029606, current metric: 0.723004, best metric: 0.723004:   1%|          | 244/25000 [22:21<44:08:49,  6.42s/it]
Epoch 1: average [s/it]: 3.029606, current metric: 0.723004, best metric: 0.723004:   1%|          | 245/25000 [22:22<33:39:55,  4.90s/it]
Epoch 1: average [s/it]: 3.029606, current metric: 0.723004, best metric: 0.723004:   1%|          | 246/25000 [22:24<26:19:40,  3.83s/it]
Epoch 1: average [s/it]: 3.029606, current metric: 0.723004, best metric: 0.723004:   1%|          | 247/25000 [22:25<21:11:26,  3.08s/it]
Epoch 1: average [s/it]: 3.029606, current metric: 0.723004, best metric: 0.723004:   1%|          | 248/25000 [22:26<17:35:45,  2.56s/it]
Epoch 1: average [s/it]: 3.029606, current metric: 0.723004, best metric: 0.723004:   1%|          | 249/25000 [22:28<15:04:49,  2.19s/it]
Epoch 1: average [s/it]: 3.029606, current metric: 0.723004, best metric: 0.723004:   1%|          | 250/25000 [22:29<13:19:13,  1.94s/it]
Epoch 1: average [s/it]: 3.029606, current metric: 0.723004, best metric: 0.723004:   1%|          | 251/25000 [22:35<20:50:20,  3.03s/it]
Epoch 1: average [s/it]: 3.029606, current metric: 0.723004, best metric: 0.723004:   1%|          | 252/25000 [23:29<126:53:00, 18.46s/it]
Epoch 1: average [s/it]: 3.029606, current metric: 0.723004, best metric: 0.723004:   1%|          | 253/25000 [23:31<91:34:46, 13.32s/it] 
Epoch 1: average [s/it]: 3.029606, current metric: 0.723004, best metric: 0.723004:   1%|          | 254/25000 [23:32<67:01:43,  9.75s/it]
Epoch 1: average [s/it]: 3.029606, current metric: 0.723004, best metric: 0.723004:   1%|          | 255/25000 [23:33<49:40:57,  7.23s/it]
Epoch 1: average [s/it]: 3.029606, current metric: 0.723004, best metric: 0.723004:   1%|          | 256/25000 [23:35<37:32:26,  5.46s/it]
Epoch 1: average [s/it]: 3.029606, current metric: 0.723004, best metric: 0.723004:   1%|          | 257/25000 [23:36<29:02:27,  4.23s/it]
Epoch 1: average [s/it]: 3.029606, current metric: 0.723004, best metric: 0.723004:   1%|          | 258/25000 [23:37<23:05:30,  3.36s/it]
Epoch 1: average [s/it]: 3.029606, current metric: 0.723004, best metric: 0.723004:   1%|          | 259/25000 [23:39<18:55:43,  2.75s/it]
Epoch 1: average [s/it]: 3.029606, current metric: 0.723004, best metric: 0.723004:   1%|          | 260/25000 [23:40<16:00:42,  2.33s/it]
Epoch 1: average [s/it]: 3.029606, current metric: 0.723004, best metric: 0.723004:   1%|          | 261/25000 [23:41<13:58:21,  2.03s/it]
Epoch 1: average [s/it]: 3.029606, current metric: 0.723004, best metric: 0.723004:   1%|          | 262/25000 [23:43<12:32:38,  1.83s/it]
Epoch 1: average [s/it]: 3.029606, current metric: 0.723004, best metric: 0.723004:   1%|          | 263/25000 [23:44<11:32:35,  1.68s/it]
Epoch 1: average [s/it]: 3.029606, current metric: 0.723004, best metric: 0.723004:   1%|          | 264/25000 [23:45<10:50:31,  1.58s/it]
Epoch 1: average [s/it]: 3.029606, current metric: 0.723004, best metric: 0.723004:   1%|          | 265/25000 [23:47<10:20:57,  1.51s/it]
Epoch 1: average [s/it]: 3.029606, current metric: 0.723004, best metric: 0.723004:   1%|          | 266/25000 [23:48<10:01:08,  1.46s/it]
Epoch 1: average [s/it]: 3.029606, current metric: 0.723004, best metric: 0.723004:   1%|          | 267/25000 [23:49<9:46:28,  1.42s/it] 
Epoch 1: average [s/it]: 3.029606, current metric: 0.723004, best metric: 0.723004:   1%|          | 268/25000 [23:51<9:36:15,  1.40s/it]
Epoch 1: average [s/it]: 3.029606, current metric: 0.723004, best metric: 0.723004:   1%|          | 269/25000 [23:52<9:29:13,  1.38s/it]
Epoch 1: average [s/it]: 3.029606, current metric: 0.723004, best metric: 0.723004:   1%|          | 270/25000 [23:53<9:24:13,  1.37s/it]
Epoch 1: average [s/it]: 3.029606, current metric: 0.723004, best metric: 0.723004:   1%|          | 271/25000 [23:55<9:20:40,  1.36s/it]
Epoch 1: average [s/it]: 3.029606, current metric: 0.723004, best metric: 0.723004:   1%|          | 272/25000 [24:18<53:39:39,  7.81s/it]
Epoch 1: average [s/it]: 3.029606, current metric: 0.723004, best metric: 0.723004:   1%|          | 273/25000 [24:45<93:56:10, 13.68s/it]
Epoch 1: average [s/it]: 3.029606, current metric: 0.723004, best metric: 0.723004:   1%|          | 274/25000 [24:46<68:30:50,  9.98s/it]
Epoch 1: average [s/it]: 3.029606, current metric: 0.723004, best metric: 0.723004:   1%|          | 275/25000 [24:48<50:43:14,  7.39s/it]
Epoch 1: average [s/it]: 3.029606, current metric: 0.723004, best metric: 0.723004:   1%|          | 276/25000 [24:49<38:15:43,  5.57s/it]
Epoch 1: average [s/it]: 3.029606, current metric: 0.723004, best metric: 0.723004:   1%|          | 277/25000 [24:50<29:32:53,  4.30s/it]
Epoch 1: average [s/it]: 3.029606, current metric: 0.723004, best metric: 0.723004:   1%|          | 278/25000 [24:52<23:26:33,  3.41s/it]
Epoch 1: average [s/it]: 3.029606, current metric: 0.723004, best metric: 0.723004:   1%|          | 279/25000 [24:53<19:09:59,  2.79s/it]
Epoch 1: average [s/it]: 3.029606, current metric: 0.723004, best metric: 0.723004:   1%|          | 280/25000 [24:54<16:10:23,  2.36s/it]
Epoch 1: average [s/it]: 3.029606, current metric: 0.723004, best metric: 0.723004:   1%|          | 281/25000 [24:56<14:04:41,  2.05s/it]
Epoch 1: average [s/it]: 3.029606, current metric: 0.723004, best metric: 0.723004:   1%|          | 282/25000 [24:57<12:36:43,  1.84s/it]
Epoch 1: average [s/it]: 3.029606, current metric: 0.723004, best metric: 0.723004:   1%|          | 283/25000 [24:58<11:35:08,  1.69s/it]
Epoch 1: average [s/it]: 3.029606, current metric: 0.723004, best metric: 0.723004:   1%|          | 284/25000 [25:00<10:52:02,  1.58s/it]
Epoch 1: average [s/it]: 3.029606, current metric: 0.723004, best metric: 0.723004:   1%|          | 285/25000 [25:01<10:22:00,  1.51s/it]
Epoch 1: average [s/it]: 3.029606, current metric: 0.723004, best metric: 0.723004:   1%|          | 286/25000 [25:20<45:19:42,  6.60s/it]
Epoch 1: average [s/it]: 3.029606, current metric: 0.723004, best metric: 0.723004:   1%|          | 287/25000 [25:21<34:29:21,  5.02s/it]
Epoch 1: average [s/it]: 3.029606, current metric: 0.723004, best metric: 0.723004:   1%|          | 288/25000 [26:15<135:49:12, 19.79s/it]
Epoch 1: average [s/it]: 3.029606, current metric: 0.723004, best metric: 0.723004:   1%|          | 289/25000 [26:16<97:50:02, 14.25s/it] 
Epoch 1: average [s/it]: 3.029606, current metric: 0.723004, best metric: 0.723004:   1%|          | 290/25000 [26:18<71:14:35, 10.38s/it]
Epoch 1: average [s/it]: 3.029606, current metric: 0.723004, best metric: 0.723004:   1%|          | 291/25000 [26:19<52:37:47,  7.67s/it]
Epoch 1: average [s/it]: 3.029606, current metric: 0.723004, best metric: 0.723004:   1%|          | 292/25000 [26:20<39:35:55,  5.77s/it]
Epoch 1: average [s/it]: 3.029606, current metric: 0.723004, best metric: 0.723004:   1%|          | 293/25000 [26:22<30:28:42,  4.44s/it]
Epoch 1: average [s/it]: 3.029606, current metric: 0.723004, best metric: 0.723004:   1%|          | 294/25000 [26:23<24:05:34,  3.51s/it]
Epoch 1: average [s/it]: 3.029606, current metric: 0.723004, best metric: 0.723004:   1%|          | 295/25000 [26:24<19:37:26,  2.86s/it]
Epoch 1: average [s/it]: 3.029606, current metric: 0.723004, best metric: 0.723004:   1%|          | 296/25000 [26:26<16:29:52,  2.40s/it]
Epoch 1: average [s/it]: 3.029606, current metric: 0.723004, best metric: 0.723004:   1%|          | 297/25000 [26:27<14:18:22,  2.08s/it]
Epoch 1: average [s/it]: 3.029606, current metric: 0.723004, best metric: 0.723004:   1%|          | 298/25000 [26:29<12:46:16,  1.86s/it]
Epoch 1: average [s/it]: 3.029606, current metric: 0.723004, best metric: 0.723004:   1%|          | 299/25000 [26:30<11:41:53,  1.70s/it]
Epoch 1: average [s/it]: 3.029606, current metric: 0.723004, best metric: 0.723004:   1%|          | 300/25000 [26:31<10:56:45,  1.60s/it]
Epoch 1: average [s/it]: 3.029606, current metric: 0.723004, best metric: 0.723004:   1%|          | 301/25000 [26:33<11:05:57,  1.62s/it]
Epoch 1: average [s/it]: 3.029606, current metric: 0.723004, best metric: 0.723004:   1%|          | 302/25000 [26:34<10:41:05,  1.56s/it]
Epoch 1: average [s/it]: 3.029606, current metric: 0.723004, best metric: 0.723004:   1%|          | 303/25000 [26:36<10:14:13,  1.49s/it]
Epoch 1: average [s/it]: 3.029606, current metric: 0.723004, best metric: 0.723004:   1%|          | 304/25000 [27:25<109:01:36, 15.89s/it]
Epoch 1: average [s/it]: 3.029606, current metric: 0.723004, best metric: 0.723004:   1%|          | 305/25000 [27:38<103:25:00, 15.08s/it]
Epoch 1: average [s/it]: 3.029606, current metric: 0.723004, best metric: 0.723004:   1%|          | 306/25000 [27:40<75:08:42, 10.95s/it] 
Epoch 2: average [s/it]: 6.248232, current metric: 0.652730, best metric: 0.652730:   1%|          | 306/25000 [31:53<75:08:42, 10.95s/it]
Epoch 2: average [s/it]: 6.248232, current metric: 0.652730, best metric: 0.652730:   1%|          | 307/25000 [33:22<757:15:55, 110.40s/it]
Epoch 2: average [s/it]: 6.248232, current metric: 0.652730, best metric: 0.652730:   1%|          | 308/25000 [33:32<551:08:51, 80.36s/it] 
Epoch 2: average [s/it]: 6.248232, current metric: 0.652730, best metric: 0.652730:   1%|          | 309/25000 [33:34<388:32:43, 56.65s/it]
Epoch 2: average [s/it]: 6.248232, current metric: 0.652730, best metric: 0.652730:   1%|          | 310/25000 [33:35<274:43:47, 40.06s/it]
Epoch 2: average [s/it]: 6.248232, current metric: 0.652730, best metric: 0.652730:   1%|          | 311/25000 [33:36<195:03:45, 28.44s/it]
Epoch 2: average [s/it]: 6.248232, current metric: 0.652730, best metric: 0.652730:   1%|          | 312/25000 [33:38<139:17:53, 20.31s/it]
Epoch 2: average [s/it]: 6.248232, current metric: 0.652730, best metric: 0.652730:   1%|▏         | 313/25000 [33:39<100:15:51, 14.62s/it]
Epoch 2: average [s/it]: 6.248232, current metric: 0.652730, best metric: 0.652730:   1%|▏         | 314/25000 [33:40<72:56:25, 10.64s/it] 
Epoch 2: average [s/it]: 6.248232, current metric: 0.652730, best metric: 0.652730:   1%|▏         | 315/25000 [33:42<55:15:18,  8.06s/it]
Epoch 2: average [s/it]: 6.248232, current metric: 0.652730, best metric: 0.652730:   1%|▏         | 316/25000 [33:44<41:26:03,  6.04s/it]
Epoch 2: average [s/it]: 6.248232, current metric: 0.652730, best metric: 0.652730:   1%|▏         | 317/25000 [33:45<31:45:44,  4.63s/it]
Epoch 2: average [s/it]: 6.248232, current metric: 0.652730, best metric: 0.652730:   1%|▏         | 318/25000 [33:46<24:59:29,  3.65s/it]
Epoch 2: average [s/it]: 6.248232, current metric: 0.652730, best metric: 0.652730:   1%|▏         | 319/25000 [33:48<20:14:57,  2.95s/it]
Epoch 2: average [s/it]: 6.248232, current metric: 0.652730, best metric: 0.652730:   1%|▏         | 320/25000 [34:33<106:57:55, 15.60s/it]
Epoch 2: average [s/it]: 6.248232, current metric: 0.652730, best metric: 0.652730:   1%|▏         | 321/25000 [34:34<77:37:37, 11.32s/it] 
Epoch 2: average [s/it]: 6.248232, current metric: 0.652730, best metric: 0.652730:   1%|▏         | 322/25000 [34:36<57:05:34,  8.33s/it]
Epoch 2: average [s/it]: 6.248232, current metric: 0.652730, best metric: 0.652730:   1%|▏         | 323/25000 [34:37<42:43:08,  6.23s/it]
Epoch 2: average [s/it]: 6.248232, current metric: 0.652730, best metric: 0.652730:   1%|▏         | 324/25000 [34:38<32:39:32,  4.76s/it]
Epoch 2: average [s/it]: 6.248232, current metric: 0.652730, best metric: 0.652730:   1%|▏         | 325/25000 [35:21<111:47:43, 16.31s/it]
Epoch 2: average [s/it]: 6.248232, current metric: 0.652730, best metric: 0.652730:   1%|▏         | 326/25000 [35:23<81:00:33, 11.82s/it] 
Epoch 2: average [s/it]: 6.248232, current metric: 0.652730, best metric: 0.652730:   1%|▏         | 327/25000 [35:24<59:27:32,  8.68s/it]
Epoch 2: average [s/it]: 6.248232, current metric: 0.652730, best metric: 0.652730:   1%|▏         | 328/25000 [35:26<44:22:31,  6.48s/it]
Epoch 2: average [s/it]: 6.248232, current metric: 0.652730, best metric: 0.652730:   1%|▏         | 329/25000 [35:27<33:48:54,  4.93s/it]
Epoch 2: average [s/it]: 6.248232, current metric: 0.652730, best metric: 0.652730:   1%|▏         | 330/25000 [35:28<26:25:29,  3.86s/it]
Epoch 2: average [s/it]: 6.248232, current metric: 0.652730, best metric: 0.652730:   1%|▏         | 331/25000 [35:30<21:15:08,  3.10s/it]
Epoch 2: average [s/it]: 6.248232, current metric: 0.652730, best metric: 0.652730:   1%|▏         | 332/25000 [35:31<17:37:50,  2.57s/it]
Epoch 2: average [s/it]: 6.248232, current metric: 0.652730, best metric: 0.652730:   1%|▏         | 333/25000 [35:32<15:05:45,  2.20s/it]
Epoch 2: average [s/it]: 6.248232, current metric: 0.652730, best metric: 0.652730:   1%|▏         | 334/25000 [35:34<13:19:21,  1.94s/it]
Epoch 2: average [s/it]: 6.248232, current metric: 0.652730, best metric: 0.652730:   1%|▏         | 335/25000 [35:35<12:04:51,  1.76s/it]
Epoch 2: average [s/it]: 6.248232, current metric: 0.652730, best metric: 0.652730:   1%|▏         | 336/25000 [35:36<11:12:46,  1.64s/it]
Epoch 2: average [s/it]: 6.248232, current metric: 0.652730, best metric: 0.652730:   1%|▏         | 337/25000 [35:38<10:36:11,  1.55s/it]
Epoch 2: average [s/it]: 6.248232, current metric: 0.652730, best metric: 0.652730:   1%|▏         | 338/25000 [35:39<10:11:07,  1.49s/it]
Epoch 2: average [s/it]: 6.248232, current metric: 0.652730, best metric: 0.652730:   1%|▏         | 339/25000 [35:40<9:53:04,  1.44s/it] 
Epoch 2: average [s/it]: 6.248232, current metric: 0.652730, best metric: 0.652730:   1%|▏         | 340/25000 [36:28<104:02:57, 15.19s/it]
Epoch 2: average [s/it]: 6.248232, current metric: 0.652730, best metric: 0.652730:   1%|▏         | 341/25000 [36:52<123:26:35, 18.02s/it]
Epoch 2: average [s/it]: 6.248232, current metric: 0.652730, best metric: 0.652730:   1%|▏         | 342/25000 [36:53<89:09:34, 13.02s/it] 
Epoch 2: average [s/it]: 6.248232, current metric: 0.652730, best metric: 0.652730:   1%|▏         | 343/25000 [36:55<65:09:38,  9.51s/it]
Epoch 2: average [s/it]: 6.248232, current metric: 0.652730, best metric: 0.652730:   1%|▏         | 344/25000 [36:56<48:21:39,  7.06s/it]
Epoch 2: average [s/it]: 6.248232, current metric: 0.652730, best metric: 0.652730:   1%|▏         | 345/25000 [36:58<36:36:15,  5.34s/it]
Epoch 2: average [s/it]: 6.248232, current metric: 0.652730, best metric: 0.652730:   1%|▏         | 346/25000 [36:59<28:22:28,  4.14s/it]
Epoch 2: average [s/it]: 6.248232, current metric: 0.652730, best metric: 0.652730:   1%|▏         | 347/25000 [37:00<22:36:47,  3.30s/it]
Epoch 2: average [s/it]: 6.248232, current metric: 0.652730, best metric: 0.652730:   1%|▏         | 348/25000 [37:02<18:34:51,  2.71s/it]
Epoch 2: average [s/it]: 6.248232, current metric: 0.652730, best metric: 0.652730:   1%|▏         | 349/25000 [37:03<15:45:28,  2.30s/it]
Epoch 2: average [s/it]: 6.248232, current metric: 0.652730, best metric: 0.652730:   1%|▏         | 350/25000 [37:04<13:47:06,  2.01s/it]
Epoch 2: average [s/it]: 6.248232, current metric: 0.652730, best metric: 0.652730:   1%|▏         | 351/25000 [37:06<12:24:08,  1.81s/it]
Epoch 2: average [s/it]: 6.248232, current metric: 0.652730, best metric: 0.652730:   1%|▏         | 352/25000 [37:07<11:26:05,  1.67s/it]
Epoch 2: average [s/it]: 6.248232, current metric: 0.652730, best metric: 0.652730:   1%|▏         | 353/25000 [37:08<10:45:19,  1.57s/it]
Epoch 2: average [s/it]: 6.248232, current metric: 0.652730, best metric: 0.652730:   1%|▏         | 354/25000 [37:10<10:16:51,  1.50s/it]
Epoch 2: average [s/it]: 6.248232, current metric: 0.652730, best metric: 0.652730:   1%|▏         | 355/25000 [37:11<9:56:57,  1.45s/it] 
Epoch 2: average [s/it]: 6.248232, current metric: 0.652730, best metric: 0.652730:   1%|▏         | 356/25000 [38:47<203:47:59, 29.77s/it]
Epoch 2: average [s/it]: 6.248232, current metric: 0.652730, best metric: 0.652730:   1%|▏         | 357/25000 [38:48<145:25:28, 21.24s/it]
Epoch 2: average [s/it]: 6.248232, current metric: 0.652730, best metric: 0.652730:   1%|▏         | 358/25000 [38:49<104:32:42, 15.27s/it]
Epoch 2: average [s/it]: 6.248232, current metric: 0.652730, best metric: 0.652730:   1%|▏         | 359/25000 [38:51<75:55:43, 11.09s/it] 
Epoch 2: average [s/it]: 6.248232, current metric: 0.652730, best metric: 0.652730:   1%|▏         | 360/25000 [38:52<55:53:50,  8.17s/it]
Epoch 2: average [s/it]: 6.248232, current metric: 0.652730, best metric: 0.652730:   1%|▏         | 361/25000 [38:53<41:52:28,  6.12s/it]
Epoch 2: average [s/it]: 6.248232, current metric: 0.652730, best metric: 0.652730:   1%|▏         | 362/25000 [38:55<32:03:46,  4.68s/it]
Epoch 2: average [s/it]: 6.248232, current metric: 0.652730, best metric: 0.652730:   1%|▏         | 363/25000 [38:56<25:11:31,  3.68s/it]
Epoch 2: average [s/it]: 6.248232, current metric: 0.652730, best metric: 0.652730:   1%|▏         | 364/25000 [38:57<20:23:04,  2.98s/it]
Epoch 2: average [s/it]: 6.248232, current metric: 0.652730, best metric: 0.652730:   1%|▏         | 365/25000 [38:59<17:01:09,  2.49s/it]
Epoch 2: average [s/it]: 6.248232, current metric: 0.652730, best metric: 0.652730:   1%|▏         | 366/25000 [39:00<14:39:53,  2.14s/it]
Epoch 2: average [s/it]: 6.248232, current metric: 0.652730, best metric: 0.652730:   1%|▏         | 367/25000 [39:02<13:00:51,  1.90s/it]
Epoch 2: average [s/it]: 6.248232, current metric: 0.652730, best metric: 0.652730:   1%|▏         | 368/25000 [39:03<11:51:34,  1.73s/it]
Epoch 2: average [s/it]: 6.248232, current metric: 0.652730, best metric: 0.652730:   1%|▏         | 369/25000 [39:04<11:03:01,  1.62s/it]
Epoch 2: average [s/it]: 6.248232, current metric: 0.652730, best metric: 0.652730:   1%|▏         | 370/25000 [39:06<10:29:07,  1.53s/it]
Epoch 2: average [s/it]: 6.248232, current metric: 0.652730, best metric: 0.652730:   1%|▏         | 371/25000 [39:07<10:05:20,  1.47s/it]
Epoch 2: average [s/it]: 6.248232, current metric: 0.652730, best metric: 0.652730:   1%|▏         | 372/25000 [39:16<26:23:31,  3.86s/it]
Epoch 2: average [s/it]: 6.248232, current metric: 0.652730, best metric: 0.652730:   1%|▏         | 373/25000 [39:18<21:13:33,  3.10s/it]
Epoch 2: average [s/it]: 6.248232, current metric: 0.652730, best metric: 0.652730:   1%|▏         | 374/25000 [39:19<17:36:27,  2.57s/it]
Epoch 2: average [s/it]: 6.248232, current metric: 0.652730, best metric: 0.652730:   2%|▏         | 375/25000 [39:20<15:04:28,  2.20s/it]
Epoch 2: average [s/it]: 6.248232, current metric: 0.652730, best metric: 0.652730:   2%|▏         | 376/25000 [39:22<13:18:06,  1.94s/it]
Epoch 2: average [s/it]: 6.248232, current metric: 0.652730, best metric: 0.652730:   2%|▏         | 377/25000 [39:23<12:03:34,  1.76s/it]
Epoch 2: average [s/it]: 6.248232, current metric: 0.652730, best metric: 0.652730:   2%|▏         | 378/25000 [39:24<11:11:19,  1.64s/it]
Epoch 2: average [s/it]: 6.248232, current metric: 0.652730, best metric: 0.652730:   2%|▏         | 379/25000 [39:26<10:34:50,  1.55s/it]
Epoch 2: average [s/it]: 6.248232, current metric: 0.652730, best metric: 0.652730:   2%|▏         | 380/25000 [39:27<10:09:27,  1.49s/it]
Epoch 2: average [s/it]: 6.248232, current metric: 0.652730, best metric: 0.652730:   2%|▏         | 381/25000 [39:28<9:51:35,  1.44s/it] 
Epoch 2: average [s/it]: 6.248232, current metric: 0.652730, best metric: 0.652730:   2%|▏         | 382/25000 [39:30<9:39:14,  1.41s/it]
Epoch 2: average [s/it]: 6.248232, current metric: 0.652730, best metric: 0.652730:   2%|▏         | 383/25000 [39:31<9:30:30,  1.39s/it]
Epoch 2: average [s/it]: 6.248232, current metric: 0.652730, best metric: 0.652730:   2%|▏         | 384/25000 [39:32<9:24:14,  1.38s/it]
Epoch 2: average [s/it]: 6.248232, current metric: 0.652730, best metric: 0.652730:   2%|▏         | 385/25000 [39:34<9:19:59,  1.36s/it]
Epoch 2: average [s/it]: 6.248232, current metric: 0.652730, best metric: 0.652730:   2%|▏         | 386/25000 [39:35<9:16:59,  1.36s/it]
Epoch 2: average [s/it]: 6.248232, current metric: 0.652730, best metric: 0.652730:   2%|▏         | 387/25000 [39:36<9:14:41,  1.35s/it]
Epoch 2: average [s/it]: 6.248232, current metric: 0.652730, best metric: 0.652730:   2%|▏         | 388/25000 [39:51<36:49:01,  5.39s/it]
Epoch 2: average [s/it]: 6.248232, current metric: 0.652730, best metric: 0.652730:   2%|▏         | 389/25000 [39:53<28:31:15,  4.17s/it]
Epoch 2: average [s/it]: 6.248232, current metric: 0.652730, best metric: 0.652730:   2%|▏         | 390/25000 [40:15<66:16:18,  9.69s/it]
Epoch 2: average [s/it]: 6.248232, current metric: 0.652730, best metric: 0.652730:   2%|▏         | 391/25000 [41:09<156:52:00, 22.95s/it]
Epoch 2: average [s/it]: 6.248232, current metric: 0.652730, best metric: 0.652730:   2%|▏         | 392/25000 [41:10<112:33:03, 16.47s/it]
Epoch 2: average [s/it]: 6.248232, current metric: 0.652730, best metric: 0.652730:   2%|▏         | 393/25000 [41:12<81:31:45, 11.93s/it] 
Epoch 2: average [s/it]: 6.248232, current metric: 0.652730, best metric: 0.652730:   2%|▏         | 394/25000 [41:13<59:48:51,  8.75s/it]
Epoch 2: average [s/it]: 6.248232, current metric: 0.652730, best metric: 0.652730:   2%|▏         | 395/25000 [41:14<44:36:46,  6.53s/it]
Epoch 2: average [s/it]: 6.248232, current metric: 0.652730, best metric: 0.652730:   2%|▏         | 396/25000 [41:16<33:58:27,  4.97s/it]
Epoch 2: average [s/it]: 6.248232, current metric: 0.652730, best metric: 0.652730:   2%|▏         | 397/25000 [41:17<26:48:48,  3.92s/it]
Epoch 2: average [s/it]: 6.248232, current metric: 0.652730, best metric: 0.652730:   2%|▏         | 398/25000 [41:18<21:30:56,  3.15s/it]
Epoch 2: average [s/it]: 6.248232, current metric: 0.652730, best metric: 0.652730:   2%|▏         | 399/25000 [41:20<17:48:21,  2.61s/it]
Epoch 2: average [s/it]: 6.248232, current metric: 0.652730, best metric: 0.652730:   2%|▏         | 400/25000 [41:21<15:12:43,  2.23s/it]
Epoch 2: average [s/it]: 6.248232, current metric: 0.652730, best metric: 0.652730:   2%|▏         | 401/25000 [41:23<14:14:34,  2.08s/it]
Epoch 2: average [s/it]: 6.248232, current metric: 0.652730, best metric: 0.652730:   2%|▏         | 402/25000 [41:24<12:44:21,  1.86s/it]
Epoch 2: average [s/it]: 6.248232, current metric: 0.652730, best metric: 0.652730:   2%|▏         | 403/25000 [41:26<11:39:46,  1.71s/it]
Epoch 2: average [s/it]: 6.248232, current metric: 0.652730, best metric: 0.652730:   2%|▏         | 404/25000 [41:27<10:54:43,  1.60s/it]
Epoch 2: average [s/it]: 6.248232, current metric: 0.652730, best metric: 0.652730:   2%|▏         | 405/25000 [41:28<10:22:58,  1.52s/it]
Epoch 2: average [s/it]: 6.248232, current metric: 0.652730, best metric: 0.652730:   2%|▏         | 406/25000 [41:30<10:00:50,  1.47s/it]
Epoch 2: average [s/it]: 6.248232, current metric: 0.652730, best metric: 0.652730:   2%|▏         | 407/25000 [42:13<96:50:15, 14.18s/it]
Epoch 2: average [s/it]: 6.248232, current metric: 0.652730, best metric: 0.652730:   2%|▏         | 408/25000 [42:15<70:31:50, 10.32s/it]
Epoch 2: average [s/it]: 6.248232, current metric: 0.652730, best metric: 0.652730:   2%|▏         | 409/25000 [42:16<52:07:01,  7.63s/it]
Epoch 2: average [s/it]: 6.248232, current metric: 0.652730, best metric: 0.652730:   2%|▏         | 410/25000 [42:23<49:34:49,  7.26s/it]
Epoch 2: average [s/it]: 6.248232, current metric: 0.652730, best metric: 0.652730:   2%|▏         | 411/25000 [42:24<37:42:22,  5.52s/it]
Epoch 2: average [s/it]: 6.248232, current metric: 0.652730, best metric: 0.652730:   2%|▏         | 412/25000 [42:25<29:08:29,  4.27s/it]
Epoch 2: average [s/it]: 6.248232, current metric: 0.652730, best metric: 0.652730:   2%|▏         | 413/25000 [42:27<23:08:36,  3.39s/it]
Epoch 2: average [s/it]: 6.248232, current metric: 0.652730, best metric: 0.652730:   2%|▏         | 414/25000 [42:28<18:56:49,  2.77s/it]
Epoch 2: average [s/it]: 6.248232, current metric: 0.652730, best metric: 0.652730:   2%|▏         | 415/25000 [42:29<16:00:17,  2.34s/it]
Epoch 2: average [s/it]: 6.248232, current metric: 0.652730, best metric: 0.652730:   2%|▏         | 416/25000 [42:31<13:56:55,  2.04s/it]
Epoch 2: average [s/it]: 6.248232, current metric: 0.652730, best metric: 0.652730:   2%|▏         | 417/25000 [42:32<12:30:26,  1.83s/it]
Epoch 2: average [s/it]: 6.248232, current metric: 0.652730, best metric: 0.652730:   2%|▏         | 418/25000 [42:33<11:30:06,  1.68s/it]
Epoch 2: average [s/it]: 6.248232, current metric: 0.652730, best metric: 0.652730:   2%|▏         | 419/25000 [42:35<10:47:37,  1.58s/it]
Epoch 2: average [s/it]: 6.248232, current metric: 0.652730, best metric: 0.652730:   2%|▏         | 420/25000 [42:36<10:18:01,  1.51s/it]
Epoch 2: average [s/it]: 6.248232, current metric: 0.652730, best metric: 0.652730:   2%|▏         | 421/25000 [42:37<9:57:07,  1.46s/it] 
Epoch 2: average [s/it]: 6.248232, current metric: 0.652730, best metric: 0.652730:   2%|▏         | 422/25000 [42:39<9:42:33,  1.42s/it]
Epoch 2: average [s/it]: 6.248232, current metric: 0.652730, best metric: 0.652730:   2%|▏         | 423/25000 [43:29<109:09:27, 15.99s/it]
Epoch 2: average [s/it]: 6.248232, current metric: 0.652730, best metric: 0.652730:   2%|▏         | 424/25000 [43:30<79:09:23, 11.60s/it] 
Epoch 2: average [s/it]: 6.248232, current metric: 0.652730, best metric: 0.652730:   2%|▏         | 425/25000 [43:31<58:09:27,  8.52s/it]
Epoch 2: average [s/it]: 6.248232, current metric: 0.652730, best metric: 0.652730:   2%|▏         | 426/25000 [43:33<43:27:21,  6.37s/it]
Epoch 2: average [s/it]: 6.248232, current metric: 0.652730, best metric: 0.652730:   2%|▏         | 427/25000 [43:46<58:27:35,  8.56s/it]
Epoch 2: average [s/it]: 6.248232, current metric: 0.652730, best metric: 0.652730:   2%|▏         | 428/25000 [43:48<43:40:00,  6.40s/it]
Epoch 2: average [s/it]: 6.248232, current metric: 0.652730, best metric: 0.652730:   2%|▏         | 429/25000 [43:49<33:18:38,  4.88s/it]
Epoch 2: average [s/it]: 6.248232, current metric: 0.652730, best metric: 0.652730:   2%|▏         | 430/25000 [43:50<26:03:35,  3.82s/it]
Epoch 2: average [s/it]: 6.248232, current metric: 0.652730, best metric: 0.652730:   2%|▏         | 431/25000 [43:52<20:58:59,  3.07s/it]
Epoch 2: average [s/it]: 6.248232, current metric: 0.652730, best metric: 0.652730:   2%|▏         | 432/25000 [43:53<17:26:03,  2.55s/it]
Epoch 2: average [s/it]: 6.248232, current metric: 0.652730, best metric: 0.652730:   2%|▏         | 433/25000 [43:54<14:56:48,  2.19s/it]
Epoch 2: average [s/it]: 6.248232, current metric: 0.652730, best metric: 0.652730:   2%|▏         | 434/25000 [43:56<13:12:26,  1.94s/it]
Epoch 2: average [s/it]: 6.248232, current metric: 0.652730, best metric: 0.652730:   2%|▏         | 435/25000 [43:57<11:59:14,  1.76s/it]
Epoch 2: average [s/it]: 6.248232, current metric: 0.652730, best metric: 0.652730:   2%|▏         | 436/25000 [43:59<11:07:59,  1.63s/it]
Epoch 2: average [s/it]: 6.248232, current metric: 0.652730, best metric: 0.652730:   2%|▏         | 437/25000 [44:00<10:32:08,  1.54s/it]
Epoch 2: average [s/it]: 6.248232, current metric: 0.652730, best metric: 0.652730:   2%|▏         | 438/25000 [44:01<10:06:59,  1.48s/it]
Epoch 2: average [s/it]: 6.248232, current metric: 0.652730, best metric: 0.652730:   2%|▏         | 439/25000 [44:03<10:54:31,  1.60s/it]
Epoch 2: average [s/it]: 6.248232, current metric: 0.652730, best metric: 0.652730:   2%|▏         | 440/25000 [44:04<10:22:42,  1.52s/it]
Epoch 2: average [s/it]: 6.248232, current metric: 0.652730, best metric: 0.652730:   2%|▏         | 441/25000 [44:06<10:00:26,  1.47s/it]
Epoch 2: average [s/it]: 6.248232, current metric: 0.652730, best metric: 0.652730:   2%|▏         | 442/25000 [44:07<9:44:52,  1.43s/it] 
Epoch 2: average [s/it]: 6.248232, current metric: 0.652730, best metric: 0.652730:   2%|▏         | 443/25000 [44:12<17:51:09,  2.62s/it]
Epoch 2: average [s/it]: 6.248232, current metric: 0.652730, best metric: 0.652730:   2%|▏         | 444/25000 [44:14<15:14:24,  2.23s/it]
Epoch 2: average [s/it]: 6.248232, current metric: 0.652730, best metric: 0.652730:   2%|▏         | 445/25000 [44:15<13:24:35,  1.97s/it]
Epoch 2: average [s/it]: 6.248232, current metric: 0.652730, best metric: 0.652730:   2%|▏         | 446/25000 [44:16<12:07:49,  1.78s/it]
Epoch 2: average [s/it]: 6.248232, current metric: 0.652730, best metric: 0.652730:   2%|▏         | 447/25000 [44:18<11:14:01,  1.65s/it]
Epoch 2: average [s/it]: 6.248232, current metric: 0.652730, best metric: 0.652730:   2%|▏         | 448/25000 [44:19<11:10:09,  1.64s/it]
Epoch 2: average [s/it]: 6.248232, current metric: 0.652730, best metric: 0.652730:   2%|▏         | 449/25000 [44:21<10:33:46,  1.55s/it]
Epoch 2: average [s/it]: 6.248232, current metric: 0.652730, best metric: 0.652730:   2%|▏         | 450/25000 [44:22<10:08:04,  1.49s/it]
Epoch 2: average [s/it]: 6.248232, current metric: 0.652730, best metric: 0.652730:   2%|▏         | 451/25000 [44:23<9:50:02,  1.44s/it] 
Epoch 2: average [s/it]: 6.248232, current metric: 0.652730, best metric: 0.652730:   2%|▏         | 452/25000 [44:25<9:37:25,  1.41s/it]
Epoch 2: average [s/it]: 6.248232, current metric: 0.652730, best metric: 0.652730:   2%|▏         | 453/25000 [44:50<59:11:31,  8.68s/it]
Epoch 2: average [s/it]: 6.248232, current metric: 0.652730, best metric: 0.652730:   2%|▏         | 454/25000 [45:23<108:23:55, 15.90s/it]
Epoch 2: average [s/it]: 6.248232, current metric: 0.652730, best metric: 0.652730:   2%|▏         | 455/25000 [45:25<78:36:59, 11.53s/it] 
Epoch 2: average [s/it]: 6.248232, current metric: 0.652730, best metric: 0.652730:   2%|▏         | 456/25000 [45:26<57:46:14,  8.47s/it]
Epoch 2: average [s/it]: 6.248232, current metric: 0.652730, best metric: 0.652730:   2%|▏         | 457/25000 [45:27<43:10:32,  6.33s/it]
Epoch 2: average [s/it]: 6.248232, current metric: 0.652730, best metric: 0.652730:   2%|▏         | 458/25000 [45:29<32:57:40,  4.84s/it]
Epoch 2: average [s/it]: 6.248232, current metric: 0.652730, best metric: 0.652730:   2%|▏         | 459/25000 [45:30<25:50:24,  3.79s/it]
Epoch 3: average [s/it]: 5.342020, current metric: 0.571159, best metric: 0.571159:   2%|▏         | 459/25000 [49:52<25:50:24,  3.79s/it]
Epoch 3: average [s/it]: 5.342020, current metric: 0.571159, best metric: 0.571159:   2%|▏         | 460/25000 [51:17<726:58:38, 106.65s/it]
Epoch 3: average [s/it]: 5.342020, current metric: 0.571159, best metric: 0.571159:   2%|▏         | 461/25000 [51:31<538:10:47, 78.95s/it] 
Epoch 3: average [s/it]: 5.342020, current metric: 0.571159, best metric: 0.571159:   2%|▏         | 462/25000 [51:32<379:27:12, 55.67s/it]
Epoch 3: average [s/it]: 5.342020, current metric: 0.571159, best metric: 0.571159:   2%|▏         | 463/25000 [51:57<316:37:16, 46.45s/it]
Epoch 3: average [s/it]: 5.342020, current metric: 0.571159, best metric: 0.571159:   2%|▏         | 464/25000 [51:59<224:22:08, 32.92s/it]
Epoch 3: average [s/it]: 5.342020, current metric: 0.571159, best metric: 0.571159:   2%|▏         | 465/25000 [52:00<159:47:46, 23.45s/it]
Epoch 3: average [s/it]: 5.342020, current metric: 0.571159, best metric: 0.571159:   2%|▏         | 466/25000 [52:01<114:35:31, 16.81s/it]
Epoch 3: average [s/it]: 5.342020, current metric: 0.571159, best metric: 0.571159:   2%|▏         | 467/25000 [52:03<82:57:06, 12.17s/it] 
Epoch 3: average [s/it]: 5.342020, current metric: 0.571159, best metric: 0.571159:   2%|▏         | 468/25000 [52:04<60:48:27,  8.92s/it]
Epoch 3: average [s/it]: 5.342020, current metric: 0.571159, best metric: 0.571159:   2%|▏         | 469/25000 [52:05<45:18:12,  6.65s/it]
Epoch 3: average [s/it]: 5.342020, current metric: 0.571159, best metric: 0.571159:   2%|▏         | 470/25000 [52:07<34:26:58,  5.06s/it]
Epoch 3: average [s/it]: 5.342020, current metric: 0.571159, best metric: 0.571159:   2%|▏         | 471/25000 [52:08<26:51:04,  3.94s/it]
Epoch 3: average [s/it]: 5.342020, current metric: 0.571159, best metric: 0.571159:   2%|▏         | 472/25000 [52:09<21:32:00,  3.16s/it]
Epoch 3: average [s/it]: 5.342020, current metric: 0.571159, best metric: 0.571159:   2%|▏         | 473/25000 [52:11<17:48:33,  2.61s/it]
Epoch 3: average [s/it]: 5.342020, current metric: 0.571159, best metric: 0.571159:   2%|▏         | 474/25000 [52:12<15:12:19,  2.23s/it]
Epoch 3: average [s/it]: 5.342020, current metric: 0.571159, best metric: 0.571159:   2%|▏         | 475/25000 [52:13<13:22:58,  1.96s/it]
Epoch 3: average [s/it]: 5.342020, current metric: 0.571159, best metric: 0.571159:   2%|▏         | 476/25000 [52:15<12:06:27,  1.78s/it]
Epoch 3: average [s/it]: 5.342020, current metric: 0.571159, best metric: 0.571159:   2%|▏         | 477/25000 [52:39<58:13:02,  8.55s/it]
Epoch 3: average [s/it]: 5.342020, current metric: 0.571159, best metric: 0.571159:   2%|▏         | 478/25000 [53:15<113:28:36, 16.66s/it]
Epoch 3: average [s/it]: 5.342020, current metric: 0.571159, best metric: 0.571159:   2%|▏         | 479/25000 [53:16<82:10:09, 12.06s/it] 
Epoch 3: average [s/it]: 5.342020, current metric: 0.571159, best metric: 0.571159:   2%|▏         | 480/25000 [53:17<60:15:14,  8.85s/it]
Epoch 3: average [s/it]: 5.342020, current metric: 0.571159, best metric: 0.571159:   2%|▏         | 481/25000 [53:19<44:55:03,  6.60s/it]
Epoch 3: average [s/it]: 5.342020, current metric: 0.571159, best metric: 0.571159:   2%|▏         | 482/25000 [53:20<34:10:52,  5.02s/it]
Epoch 3: average [s/it]: 5.342020, current metric: 0.571159, best metric: 0.571159:   2%|▏         | 483/25000 [53:21<26:40:09,  3.92s/it]
Epoch 3: average [s/it]: 5.342020, current metric: 0.571159, best metric: 0.571159:   2%|▏         | 484/25000 [53:23<21:24:34,  3.14s/it]
Epoch 3: average [s/it]: 5.342020, current metric: 0.571159, best metric: 0.571159:   2%|▏         | 485/25000 [53:24<17:43:30,  2.60s/it]
Epoch 3: average [s/it]: 5.342020, current metric: 0.571159, best metric: 0.571159:   2%|▏         | 486/25000 [53:25<15:08:46,  2.22s/it]
Epoch 3: average [s/it]: 5.342020, current metric: 0.571159, best metric: 0.571159:   2%|▏         | 487/25000 [53:27<13:20:19,  1.96s/it]
Epoch 3: average [s/it]: 5.342020, current metric: 0.571159, best metric: 0.571159:   2%|▏         | 488/25000 [53:28<12:04:25,  1.77s/it]
Epoch 3: average [s/it]: 5.342020, current metric: 0.571159, best metric: 0.571159:   2%|▏         | 489/25000 [53:29<11:11:17,  1.64s/it]
Epoch 3: average [s/it]: 5.342020, current metric: 0.571159, best metric: 0.571159:   2%|▏         | 490/25000 [53:31<10:34:08,  1.55s/it]
Epoch 3: average [s/it]: 5.342020, current metric: 0.571159, best metric: 0.571159:   2%|▏         | 491/25000 [53:32<10:08:08,  1.49s/it]
Epoch 3: average [s/it]: 5.342020, current metric: 0.571159, best metric: 0.571159:   2%|▏         | 492/25000 [53:33<9:49:57,  1.44s/it] 
Epoch 3: average [s/it]: 5.342020, current metric: 0.571159, best metric: 0.571159:   2%|▏         | 493/25000 [53:40<20:00:23,  2.94s/it]
Epoch 3: average [s/it]: 5.342020, current metric: 0.571159, best metric: 0.571159:   2%|▏         | 494/25000 [54:01<56:43:14,  8.33s/it]
Epoch 3: average [s/it]: 5.342020, current metric: 0.571159, best metric: 0.571159:   2%|▏         | 495/25000 [54:02<42:26:30,  6.24s/it]
Epoch 3: average [s/it]: 5.342020, current metric: 0.571159, best metric: 0.571159:   2%|▏         | 496/25000 [54:03<32:26:52,  4.77s/it]
Epoch 3: average [s/it]: 5.342020, current metric: 0.571159, best metric: 0.571159:   2%|▏         | 497/25000 [54:05<25:27:02,  3.74s/it]
Epoch 3: average [s/it]: 5.342020, current metric: 0.571159, best metric: 0.571159:   2%|▏         | 498/25000 [54:06<20:33:16,  3.02s/it]
Epoch 3: average [s/it]: 5.342020, current metric: 0.571159, best metric: 0.571159:   2%|▏         | 499/25000 [54:07<17:07:20,  2.52s/it]
Epoch 3: average [s/it]: 5.342020, current metric: 0.571159, best metric: 0.571159:   2%|▏         | 500/25000 [54:27<51:34:18,  7.58s/it]
Epoch 3: average [s/it]: 5.342020, current metric: 0.571159, best metric: 0.571159:   2%|▏         | 501/25000 [54:28<39:40:36,  5.83s/it]
Epoch 3: average [s/it]: 5.342020, current metric: 0.571159, best metric: 0.571159:   2%|▏         | 502/25000 [54:30<30:54:29,  4.54s/it]
Epoch 3: average [s/it]: 5.342020, current metric: 0.571159, best metric: 0.571159:   2%|▏         | 503/25000 [54:52<67:23:39,  9.90s/it]
Epoch 3: average [s/it]: 5.342020, current metric: 0.571159, best metric: 0.571159:   2%|▏         | 504/25000 [54:54<49:54:46,  7.34s/it]
Epoch 3: average [s/it]: 5.342020, current metric: 0.571159, best metric: 0.571159:   2%|▏         | 505/25000 [54:55<37:40:29,  5.54s/it]
Epoch 3: average [s/it]: 5.342020, current metric: 0.571159, best metric: 0.571159:   2%|▏         | 506/25000 [54:56<29:06:22,  4.28s/it]
Epoch 3: average [s/it]: 5.342020, current metric: 0.571159, best metric: 0.571159:   2%|▏         | 507/25000 [54:58<23:06:30,  3.40s/it]
Epoch 3: average [s/it]: 5.342020, current metric: 0.571159, best metric: 0.571159:   2%|▏         | 508/25000 [54:59<18:54:35,  2.78s/it]
Epoch 3: average [s/it]: 5.342020, current metric: 0.571159, best metric: 0.571159:   2%|▏         | 509/25000 [55:00<15:58:11,  2.35s/it]
Epoch 3: average [s/it]: 5.342020, current metric: 0.571159, best metric: 0.571159:   2%|▏         | 510/25000 [55:02<14:01:35,  2.06s/it]
Epoch 3: average [s/it]: 5.342020, current metric: 0.571159, best metric: 0.571159:   2%|▏         | 511/25000 [55:03<12:33:25,  1.85s/it]
Epoch 3: average [s/it]: 5.342020, current metric: 0.571159, best metric: 0.571159:   2%|▏         | 512/25000 [55:21<44:44:01,  6.58s/it]
Epoch 3: average [s/it]: 5.342020, current metric: 0.571159, best metric: 0.571159:   2%|▏         | 513/25000 [56:17<145:05:09, 21.33s/it]
Epoch 3: average [s/it]: 5.342020, current metric: 0.571159, best metric: 0.571159:   2%|▏         | 514/25000 [56:18<104:17:36, 15.33s/it]
Epoch 3: average [s/it]: 5.342020, current metric: 0.571159, best metric: 0.571159:   2%|▏         | 515/25000 [56:19<75:44:24, 11.14s/it] 
Epoch 3: average [s/it]: 5.342020, current metric: 0.571159, best metric: 0.571159:   2%|▏         | 516/25000 [56:21<55:45:21,  8.20s/it]
Epoch 3: average [s/it]: 5.342020, current metric: 0.571159, best metric: 0.571159:   2%|▏         | 517/25000 [56:22<41:45:59,  6.14s/it]
Epoch 3: average [s/it]: 5.342020, current metric: 0.571159, best metric: 0.571159:   2%|▏         | 518/25000 [56:23<31:58:17,  4.70s/it]
Epoch 3: average [s/it]: 5.342020, current metric: 0.571159, best metric: 0.571159:   2%|▏         | 519/25000 [56:25<25:07:08,  3.69s/it]
Epoch 3: average [s/it]: 5.342020, current metric: 0.571159, best metric: 0.571159:   2%|▏         | 520/25000 [56:26<20:19:07,  2.99s/it]
Epoch 3: average [s/it]: 5.342020, current metric: 0.571159, best metric: 0.571159:   2%|▏         | 521/25000 [56:27<16:57:26,  2.49s/it]
Epoch 3: average [s/it]: 5.342020, current metric: 0.571159, best metric: 0.571159:   2%|▏         | 522/25000 [56:29<14:36:27,  2.15s/it]
Epoch 3: average [s/it]: 5.342020, current metric: 0.571159, best metric: 0.571159:   2%|▏         | 523/25000 [56:30<12:57:37,  1.91s/it]
Epoch 3: average [s/it]: 5.342020, current metric: 0.571159, best metric: 0.571159:   2%|▏         | 524/25000 [56:31<11:48:32,  1.74s/it]
Epoch 3: average [s/it]: 5.342020, current metric: 0.571159, best metric: 0.571159:   2%|▏         | 525/25000 [56:33<11:00:09,  1.62s/it]
Epoch 3: average [s/it]: 5.342020, current metric: 0.571159, best metric: 0.571159:   2%|▏         | 526/25000 [56:34<10:26:10,  1.54s/it]
Epoch 3: average [s/it]: 5.342020, current metric: 0.571159, best metric: 0.571159:   2%|▏         | 527/25000 [56:35<10:02:27,  1.48s/it]
Epoch 3: average [s/it]: 5.342020, current metric: 0.571159, best metric: 0.571159:   2%|▏         | 528/25000 [56:56<49:53:02,  7.34s/it]
Epoch 3: average [s/it]: 5.342020, current metric: 0.571159, best metric: 0.571159:   2%|▏         | 529/25000 [57:22<87:14:59, 12.84s/it]
Epoch 3: average [s/it]: 5.342020, current metric: 0.571159, best metric: 0.571159:   2%|▏         | 530/25000 [57:23<63:48:24,  9.39s/it]
Epoch 3: average [s/it]: 5.342020, current metric: 0.571159, best metric: 0.571159:   2%|▏         | 531/25000 [57:25<47:23:48,  6.97s/it]
Epoch 3: average [s/it]: 5.342020, current metric: 0.571159, best metric: 0.571159:   2%|▏         | 532/25000 [57:26<35:54:41,  5.28s/it]
Epoch 3: average [s/it]: 5.342020, current metric: 0.571159, best metric: 0.571159:   2%|▏         | 533/25000 [57:27<27:52:10,  4.10s/it]
Epoch 3: average [s/it]: 5.342020, current metric: 0.571159, best metric: 0.571159:   2%|▏         | 534/25000 [57:29<22:14:12,  3.27s/it]
Epoch 3: average [s/it]: 5.342020, current metric: 0.571159, best metric: 0.571159:   2%|▏         | 535/25000 [57:30<18:17:42,  2.69s/it]
Epoch 3: average [s/it]: 5.342020, current metric: 0.571159, best metric: 0.571159:   2%|▏         | 536/25000 [57:31<15:32:08,  2.29s/it]
Epoch 3: average [s/it]: 5.342020, current metric: 0.571159, best metric: 0.571159:   2%|▏         | 537/25000 [57:33<13:36:35,  2.00s/it]
Epoch 3: average [s/it]: 5.342020, current metric: 0.571159, best metric: 0.571159:   2%|▏         | 538/25000 [57:34<12:15:30,  1.80s/it]
Epoch 3: average [s/it]: 5.342020, current metric: 0.571159, best metric: 0.571159:   2%|▏         | 539/25000 [57:35<11:18:40,  1.66s/it]
Epoch 3: average [s/it]: 5.342020, current metric: 0.571159, best metric: 0.571159:   2%|▏         | 540/25000 [57:37<10:38:56,  1.57s/it]
Epoch 3: average [s/it]: 5.342020, current metric: 0.571159, best metric: 0.571159:   2%|▏         | 541/25000 [57:38<10:11:07,  1.50s/it]
Epoch 3: average [s/it]: 5.342020, current metric: 0.571159, best metric: 0.571159:   2%|▏         | 542/25000 [57:39<9:51:54,  1.45s/it] 
Epoch 3: average [s/it]: 5.342020, current metric: 0.571159, best metric: 0.571159:   2%|▏         | 543/25000 [57:41<9:38:10,  1.42s/it]
Epoch 3: average [s/it]: 5.342020, current metric: 0.571159, best metric: 0.571159:   2%|▏         | 544/25000 [57:52<29:09:36,  4.29s/it]
Epoch 3: average [s/it]: 5.342020, current metric: 0.571159, best metric: 0.571159:   2%|▏         | 545/25000 [58:19<75:30:40, 11.12s/it]
Epoch 3: average [s/it]: 5.342020, current metric: 0.571159, best metric: 0.571159:   2%|▏         | 546/25000 [58:20<55:35:21,  8.18s/it]
Epoch 3: average [s/it]: 5.342020, current metric: 0.571159, best metric: 0.571159:   2%|▏         | 547/25000 [59:28<176:43:13, 26.02s/it]
Epoch 3: average [s/it]: 5.342020, current metric: 0.571159, best metric: 0.571159:   2%|▏         | 548/25000 [59:29<126:26:03, 18.61s/it]
Epoch 3: average [s/it]: 5.342020, current metric: 0.571159, best metric: 0.571159:   2%|▏         | 549/25000 [59:30<91:13:55, 13.43s/it] 
Epoch 3: average [s/it]: 5.342020, current metric: 0.571159, best metric: 0.571159:   2%|▏         | 550/25000 [59:32<66:35:34,  9.81s/it]
Epoch 3: average [s/it]: 5.342020, current metric: 0.571159, best metric: 0.571159:   2%|▏         | 551/25000 [59:33<49:20:46,  7.27s/it]
Epoch 3: average [s/it]: 5.342020, current metric: 0.571159, best metric: 0.571159:   2%|▏         | 552/25000 [59:35<37:16:19,  5.49s/it]
Epoch 3: average [s/it]: 5.342020, current metric: 0.571159, best metric: 0.571159:   2%|▏         | 553/25000 [59:36<28:49:22,  4.24s/it]
Epoch 3: average [s/it]: 5.342020, current metric: 0.571159, best metric: 0.571159:   2%|▏         | 554/25000 [59:37<22:54:24,  3.37s/it]
Epoch 3: average [s/it]: 5.342020, current metric: 0.571159, best metric: 0.571159:   2%|▏         | 555/25000 [59:39<18:45:56,  2.76s/it]
Epoch 3: average [s/it]: 5.342020, current metric: 0.571159, best metric: 0.571159:   2%|▏         | 556/25000 [59:40<15:51:56,  2.34s/it]
Epoch 3: average [s/it]: 5.342020, current metric: 0.571159, best metric: 0.571159:   2%|▏         | 557/25000 [59:41<13:50:16,  2.04s/it]
Epoch 3: average [s/it]: 5.342020, current metric: 0.571159, best metric: 0.571159:   2%|▏         | 558/25000 [59:43<12:24:56,  1.83s/it]
Epoch 3: average [s/it]: 5.342020, current metric: 0.571159, best metric: 0.571159:   2%|▏         | 559/25000 [59:44<11:55:06,  1.76s/it]
Epoch 3: average [s/it]: 5.342020, current metric: 0.571159, best metric: 0.571159:   2%|▏         | 560/25000 [59:45<11:04:21,  1.63s/it]
Epoch 3: average [s/it]: 5.342020, current metric: 0.571159, best metric: 0.571159:   2%|▏         | 561/25000 [1:00:21<79:26:25, 11.70s/it]
Epoch 3: average [s/it]: 5.342020, current metric: 0.571159, best metric: 0.571159:   2%|▏         | 562/25000 [1:00:22<58:20:10,  8.59s/it]
Epoch 3: average [s/it]: 5.342020, current metric: 0.571159, best metric: 0.571159:   2%|▏         | 563/25000 [1:00:51<99:04:42, 14.60s/it]
Epoch 3: average [s/it]: 5.342020, current metric: 0.571159, best metric: 0.571159:   2%|▏         | 564/25000 [1:00:52<72:04:56, 10.62s/it]
Epoch 3: average [s/it]: 5.342020, current metric: 0.571159, best metric: 0.571159:   2%|▏         | 565/25000 [1:00:53<53:11:01,  7.84s/it]
Epoch 3: average [s/it]: 5.342020, current metric: 0.571159, best metric: 0.571159:   2%|▏         | 566/25000 [1:00:55<39:57:22,  5.89s/it]
Epoch 3: average [s/it]: 5.342020, current metric: 0.571159, best metric: 0.571159:   2%|▏         | 567/25000 [1:00:56<30:51:28,  4.55s/it]
Epoch 3: average [s/it]: 5.342020, current metric: 0.571159, best metric: 0.571159:   2%|▏         | 568/25000 [1:00:57<24:19:45,  3.58s/it]
Epoch 3: average [s/it]: 5.342020, current metric: 0.571159, best metric: 0.571159:   2%|▏         | 569/25000 [1:00:59<19:45:46,  2.91s/it]
Epoch 3: average [s/it]: 5.342020, current metric: 0.571159, best metric: 0.571159:   2%|▏         | 570/25000 [1:01:00<16:33:36,  2.44s/it]
Epoch 3: average [s/it]: 5.342020, current metric: 0.571159, best metric: 0.571159:   2%|▏         | 571/25000 [1:01:01<14:19:06,  2.11s/it]
Epoch 3: average [s/it]: 5.342020, current metric: 0.571159, best metric: 0.571159:   2%|▏         | 572/25000 [1:01:03<12:44:49,  1.88s/it]
Epoch 3: average [s/it]: 5.342020, current metric: 0.571159, best metric: 0.571159:   2%|▏         | 573/25000 [1:01:04<11:39:00,  1.72s/it]
Epoch 3: average [s/it]: 5.342020, current metric: 0.571159, best metric: 0.571159:   2%|▏         | 574/25000 [1:01:05<10:52:54,  1.60s/it]
Epoch 3: average [s/it]: 5.342020, current metric: 0.571159, best metric: 0.571159:   2%|▏         | 575/25000 [1:01:07<10:20:49,  1.53s/it]
Epoch 3: average [s/it]: 5.342020, current metric: 0.571159, best metric: 0.571159:   2%|▏         | 576/25000 [1:01:08<9:58:13,  1.47s/it] 
Epoch 3: average [s/it]: 5.342020, current metric: 0.571159, best metric: 0.571159:   2%|▏         | 577/25000 [1:01:09<9:42:22,  1.43s/it]
Epoch 3: average [s/it]: 5.342020, current metric: 0.571159, best metric: 0.571159:   2%|▏         | 578/25000 [1:01:11<9:31:20,  1.40s/it]
Epoch 3: average [s/it]: 5.342020, current metric: 0.571159, best metric: 0.571159:   2%|▏         | 579/25000 [1:02:02<110:22:43, 16.27s/it]
Epoch 3: average [s/it]: 5.342020, current metric: 0.571159, best metric: 0.571159:   2%|▏         | 580/25000 [1:02:03<79:59:30, 11.79s/it] 
Epoch 3: average [s/it]: 5.342020, current metric: 0.571159, best metric: 0.571159:   2%|▏         | 581/25000 [1:02:04<58:43:08,  8.66s/it]
Epoch 3: average [s/it]: 5.342020, current metric: 0.571159, best metric: 0.571159:   2%|▏         | 582/25000 [1:02:06<43:49:43,  6.46s/it]
Epoch 3: average [s/it]: 5.342020, current metric: 0.571159, best metric: 0.571159:   2%|▏         | 583/25000 [1:02:07<33:24:15,  4.93s/it]
Epoch 3: average [s/it]: 5.342020, current metric: 0.571159, best metric: 0.571159:   2%|▏         | 584/25000 [1:02:08<26:06:29,  3.85s/it]
Epoch 3: average [s/it]: 5.342020, current metric: 0.571159, best metric: 0.571159:   2%|▏         | 585/25000 [1:02:10<21:00:02,  3.10s/it]
Epoch 3: average [s/it]: 5.342020, current metric: 0.571159, best metric: 0.571159:   2%|▏         | 586/25000 [1:02:11<17:25:31,  2.57s/it]
Epoch 3: average [s/it]: 5.342020, current metric: 0.571159, best metric: 0.571159:   2%|▏         | 587/25000 [1:02:13<14:55:22,  2.20s/it]
Epoch 3: average [s/it]: 5.342020, current metric: 0.571159, best metric: 0.571159:   2%|▏         | 588/25000 [1:02:14<13:10:17,  1.94s/it]
Epoch 3: average [s/it]: 5.342020, current metric: 0.571159, best metric: 0.571159:   2%|▏         | 589/25000 [1:02:15<11:56:37,  1.76s/it]
Epoch 3: average [s/it]: 5.342020, current metric: 0.571159, best metric: 0.571159:   2%|▏         | 590/25000 [1:02:17<11:05:09,  1.63s/it]
Epoch 3: average [s/it]: 5.342020, current metric: 0.571159, best metric: 0.571159:   2%|▏         | 591/25000 [1:02:18<10:29:04,  1.55s/it]
Epoch 3: average [s/it]: 5.342020, current metric: 0.571159, best metric: 0.571159:   2%|▏         | 592/25000 [1:02:19<10:03:45,  1.48s/it]
Epoch 3: average [s/it]: 5.342020, current metric: 0.571159, best metric: 0.571159:   2%|▏         | 593/25000 [1:02:21<9:46:05,  1.44s/it] 
Epoch 3: average [s/it]: 5.342020, current metric: 0.571159, best metric: 0.571159:   2%|▏         | 594/25000 [1:02:22<9:33:37,  1.41s/it]
Epoch 3: average [s/it]: 5.342020, current metric: 0.571159, best metric: 0.571159:   2%|▏         | 595/25000 [1:03:01<86:39:25, 12.78s/it]
Epoch 3: average [s/it]: 5.342020, current metric: 0.571159, best metric: 0.571159:   2%|▏         | 596/25000 [1:03:03<63:23:03,  9.35s/it]
Epoch 3: average [s/it]: 5.342020, current metric: 0.571159, best metric: 0.571159:   2%|▏         | 597/25000 [1:03:04<47:05:41,  6.95s/it]
Epoch 3: average [s/it]: 5.342020, current metric: 0.571159, best metric: 0.571159:   2%|▏         | 598/25000 [1:03:05<35:41:26,  5.27s/it]
Epoch 3: average [s/it]: 5.342020, current metric: 0.571159, best metric: 0.571159:   2%|▏         | 599/25000 [1:03:07<27:42:44,  4.09s/it]
Epoch 3: average [s/it]: 5.342020, current metric: 0.571159, best metric: 0.571159:   2%|▏         | 600/25000 [1:03:08<22:07:37,  3.26s/it]
Epoch 3: average [s/it]: 5.342020, current metric: 0.571159, best metric: 0.571159:   2%|▏         | 601/25000 [1:03:10<18:54:30,  2.79s/it]
Epoch 3: average [s/it]: 5.342020, current metric: 0.571159, best metric: 0.571159:   2%|▏         | 602/25000 [1:03:11<16:15:13,  2.40s/it]
Epoch 3: average [s/it]: 5.342020, current metric: 0.571159, best metric: 0.571159:   2%|▏         | 603/25000 [1:03:12<14:06:18,  2.08s/it]
Epoch 3: average [s/it]: 5.342020, current metric: 0.571159, best metric: 0.571159:   2%|▏         | 604/25000 [1:03:14<12:35:55,  1.86s/it]
Epoch 3: average [s/it]: 5.342020, current metric: 0.571159, best metric: 0.571159:   2%|▏         | 605/25000 [1:03:15<11:32:48,  1.70s/it]
Epoch 3: average [s/it]: 5.342020, current metric: 0.571159, best metric: 0.571159:   2%|▏         | 606/25000 [1:03:16<10:48:42,  1.60s/it]
Epoch 3: average [s/it]: 5.342020, current metric: 0.571159, best metric: 0.571159:   2%|▏         | 607/25000 [1:03:18<10:17:28,  1.52s/it]
Epoch 3: average [s/it]: 5.342020, current metric: 0.571159, best metric: 0.571159:   2%|▏         | 608/25000 [1:03:19<9:55:38,  1.47s/it] 
Epoch 3: average [s/it]: 5.342020, current metric: 0.571159, best metric: 0.571159:   2%|▏         | 609/25000 [1:03:20<9:40:18,  1.43s/it]
Epoch 3: average [s/it]: 5.342020, current metric: 0.571159, best metric: 0.571159:   2%|▏         | 610/25000 [1:03:22<9:29:46,  1.40s/it]
Epoch 3: average [s/it]: 5.342020, current metric: 0.571159, best metric: 0.571159:   2%|▏         | 611/25000 [1:03:47<58:10:19,  8.59s/it]
Epoch 3: average [s/it]: 5.342020, current metric: 0.571159, best metric: 0.571159:   2%|▏         | 612/25000 [1:03:48<43:26:32,  6.41s/it]
Epoch 4: average [s/it]: 5.468089, current metric: 0.519973, best metric: 0.519973:   2%|▏         | 612/25000 [1:09:29<43:26:32,  6.41s/it]
Epoch 4: average [s/it]: 5.468089, current metric: 0.519973, best metric: 0.519973:   2%|▏         | 613/25000 [1:10:55<897:09:22, 132.44s/it]
Epoch 4: average [s/it]: 5.468089, current metric: 0.519973, best metric: 0.519973:   2%|▏         | 614/25000 [1:10:56<630:42:51, 93.11s/it] 
Epoch 4: average [s/it]: 5.468089, current metric: 0.519973, best metric: 0.519973:   2%|▏         | 615/25000 [1:10:58<444:12:41, 65.58s/it]
Epoch 4: average [s/it]: 5.468089, current metric: 0.519973, best metric: 0.519973:   2%|▏         | 616/25000 [1:10:59<313:39:33, 46.31s/it]
Epoch 4: average [s/it]: 5.468089, current metric: 0.519973, best metric: 0.519973:   2%|▏         | 617/25000 [1:11:11<243:04:54, 35.89s/it]
Epoch 4: average [s/it]: 5.468089, current metric: 0.519973, best metric: 0.519973:   2%|▏         | 618/25000 [1:11:12<172:52:42, 25.53s/it]
Epoch 4: average [s/it]: 5.468089, current metric: 0.519973, best metric: 0.519973:   2%|▏         | 619/25000 [1:11:13<123:44:10, 18.27s/it]
Epoch 4: average [s/it]: 5.468089, current metric: 0.519973, best metric: 0.519973:   2%|▏         | 620/25000 [1:11:15<89:20:26, 13.19s/it] 
Epoch 4: average [s/it]: 5.468089, current metric: 0.519973, best metric: 0.519973:   2%|▏         | 621/25000 [1:11:17<67:00:00,  9.89s/it]
Epoch 4: average [s/it]: 5.468089, current metric: 0.519973, best metric: 0.519973:   2%|▏         | 622/25000 [1:11:18<49:37:32,  7.33s/it]
Epoch 4: average [s/it]: 5.468089, current metric: 0.519973, best metric: 0.519973:   2%|▏         | 623/25000 [1:11:20<37:27:31,  5.53s/it]
Epoch 4: average [s/it]: 5.468089, current metric: 0.519973, best metric: 0.519973:   2%|▏         | 624/25000 [1:11:34<55:26:05,  8.19s/it]
Epoch 4: average [s/it]: 5.468089, current metric: 0.519973, best metric: 0.519973:   2%|▎         | 625/25000 [1:11:35<41:31:35,  6.13s/it]
Epoch 4: average [s/it]: 5.468089, current metric: 0.519973, best metric: 0.519973:   3%|▎         | 626/25000 [1:11:37<32:02:41,  4.73s/it]
Epoch 4: average [s/it]: 5.468089, current metric: 0.519973, best metric: 0.519973:   3%|▎         | 627/25000 [1:11:38<25:09:26,  3.72s/it]
Epoch 4: average [s/it]: 5.468089, current metric: 0.519973, best metric: 0.519973:   3%|▎         | 628/25000 [1:11:39<20:20:04,  3.00s/it]
Epoch 4: average [s/it]: 5.468089, current metric: 0.519973, best metric: 0.519973:   3%|▎         | 629/25000 [1:11:45<24:44:11,  3.65s/it]
Epoch 4: average [s/it]: 5.468089, current metric: 0.519973, best metric: 0.519973:   3%|▎         | 630/25000 [1:11:46<20:02:31,  2.96s/it]
Epoch 4: average [s/it]: 5.468089, current metric: 0.519973, best metric: 0.519973:   3%|▎         | 631/25000 [1:11:47<16:45:09,  2.47s/it]
Epoch 4: average [s/it]: 5.468089, current metric: 0.519973, best metric: 0.519973:   3%|▎         | 632/25000 [1:11:49<14:27:07,  2.14s/it]
Epoch 4: average [s/it]: 5.468089, current metric: 0.519973, best metric: 0.519973:   3%|▎         | 633/25000 [1:11:50<13:14:49,  1.96s/it]
Epoch 4: average [s/it]: 5.468089, current metric: 0.519973, best metric: 0.519973:   3%|▎         | 634/25000 [1:11:51<11:59:45,  1.77s/it]
Epoch 4: average [s/it]: 5.468089, current metric: 0.519973, best metric: 0.519973:   3%|▎         | 635/25000 [1:11:53<11:07:04,  1.64s/it]
Epoch 4: average [s/it]: 5.468089, current metric: 0.519973, best metric: 0.519973:   3%|▎         | 636/25000 [1:11:54<10:30:03,  1.55s/it]
Epoch 4: average [s/it]: 5.468089, current metric: 0.519973, best metric: 0.519973:   3%|▎         | 637/25000 [1:11:55<10:04:12,  1.49s/it]
Epoch 4: average [s/it]: 5.468089, current metric: 0.519973, best metric: 0.519973:   3%|▎         | 638/25000 [1:11:57<9:46:06,  1.44s/it] 
Epoch 4: average [s/it]: 5.468089, current metric: 0.519973, best metric: 0.519973:   3%|▎         | 639/25000 [1:11:58<9:33:42,  1.41s/it]
Epoch 4: average [s/it]: 5.468089, current metric: 0.519973, best metric: 0.519973:   3%|▎         | 640/25000 [1:12:25<61:39:26,  9.11s/it]
Epoch 4: average [s/it]: 5.468089, current metric: 0.519973, best metric: 0.519973:   3%|▎         | 641/25000 [1:12:27<45:52:46,  6.78s/it]
Epoch 4: average [s/it]: 5.468089, current metric: 0.519973, best metric: 0.519973:   3%|▎         | 642/25000 [1:12:28<34:50:10,  5.15s/it]
Epoch 4: average [s/it]: 5.468089, current metric: 0.519973, best metric: 0.519973:   3%|▎         | 643/25000 [1:12:31<30:02:01,  4.44s/it]
Epoch 4: average [s/it]: 5.468089, current metric: 0.519973, best metric: 0.519973:   3%|▎         | 644/25000 [1:12:32<23:44:41,  3.51s/it]
Epoch 4: average [s/it]: 5.468089, current metric: 0.519973, best metric: 0.519973:   3%|▎         | 645/25000 [1:13:36<145:38:22, 21.53s/it]
Epoch 4: average [s/it]: 5.468089, current metric: 0.519973, best metric: 0.519973:   3%|▎         | 646/25000 [1:13:37<104:39:40, 15.47s/it]
Epoch 4: average [s/it]: 5.468089, current metric: 0.519973, best metric: 0.519973:   3%|▎         | 647/25000 [1:13:38<75:59:01, 11.23s/it] 
Epoch 4: average [s/it]: 5.468089, current metric: 0.519973, best metric: 0.519973:   3%|▎         | 648/25000 [1:13:40<55:54:11,  8.26s/it]
Epoch 4: average [s/it]: 5.468089, current metric: 0.519973, best metric: 0.519973:   3%|▎         | 649/25000 [1:13:41<41:50:51,  6.19s/it]
Epoch 4: average [s/it]: 5.468089, current metric: 0.519973, best metric: 0.519973:   3%|▎         | 650/25000 [1:13:42<32:00:42,  4.73s/it]
Epoch 4: average [s/it]: 5.468089, current metric: 0.519973, best metric: 0.519973:   3%|▎         | 651/25000 [1:13:44<25:07:28,  3.71s/it]
Epoch 4: average [s/it]: 5.468089, current metric: 0.519973, best metric: 0.519973:   3%|▎         | 652/25000 [1:13:45<20:18:23,  3.00s/it]
Epoch 4: average [s/it]: 5.468089, current metric: 0.519973, best metric: 0.519973:   3%|▎         | 653/25000 [1:13:46<16:56:03,  2.50s/it]
Epoch 4: average [s/it]: 5.468089, current metric: 0.519973, best metric: 0.519973:   3%|▎         | 654/25000 [1:13:48<14:34:21,  2.15s/it]
Epoch 4: average [s/it]: 5.468089, current metric: 0.519973, best metric: 0.519973:   3%|▎         | 655/25000 [1:13:49<12:55:00,  1.91s/it]
Epoch 4: average [s/it]: 5.468089, current metric: 0.519973, best metric: 0.519973:   3%|▎         | 656/25000 [1:13:50<11:45:33,  1.74s/it]
Epoch 4: average [s/it]: 5.468089, current metric: 0.519973, best metric: 0.519973:   3%|▎         | 657/25000 [1:13:52<10:56:59,  1.62s/it]
Epoch 4: average [s/it]: 5.468089, current metric: 0.519973, best metric: 0.519973:   3%|▎         | 658/25000 [1:13:53<10:22:58,  1.54s/it]
Epoch 4: average [s/it]: 5.468089, current metric: 0.519973, best metric: 0.519973:   3%|▎         | 659/25000 [1:14:06<32:34:17,  4.82s/it]
Epoch 4: average [s/it]: 5.468089, current metric: 0.519973, best metric: 0.519973:   3%|▎         | 660/25000 [1:14:07<25:31:04,  3.77s/it]
Epoch 4: average [s/it]: 5.468089, current metric: 0.519973, best metric: 0.519973:   3%|▎         | 661/25000 [1:15:15<155:18:22, 22.97s/it]
Epoch 4: average [s/it]: 5.468089, current metric: 0.519973, best metric: 0.519973:   3%|▎         | 662/25000 [1:15:16<111:26:54, 16.49s/it]
Epoch 4: average [s/it]: 5.468089, current metric: 0.519973, best metric: 0.519973:   3%|▎         | 663/25000 [1:15:17<80:43:38, 11.94s/it] 
Epoch 4: average [s/it]: 5.468089, current metric: 0.519973, best metric: 0.519973:   3%|▎         | 664/25000 [1:15:19<59:13:21,  8.76s/it]
Epoch 4: average [s/it]: 5.468089, current metric: 0.519973, best metric: 0.519973:   3%|▎         | 665/25000 [1:15:20<44:10:09,  6.53s/it]
Epoch 4: average [s/it]: 5.468089, current metric: 0.519973, best metric: 0.519973:   3%|▎         | 666/25000 [1:15:21<33:38:01,  4.98s/it]
Epoch 4: average [s/it]: 5.468089, current metric: 0.519973, best metric: 0.519973:   3%|▎         | 667/25000 [1:15:23<26:15:35,  3.89s/it]
Epoch 4: average [s/it]: 5.468089, current metric: 0.519973, best metric: 0.519973:   3%|▎         | 668/25000 [1:15:24<21:05:56,  3.12s/it]
Epoch 4: average [s/it]: 5.468089, current metric: 0.519973, best metric: 0.519973:   3%|▎         | 669/25000 [1:15:25<17:29:08,  2.59s/it]
Epoch 4: average [s/it]: 5.468089, current metric: 0.519973, best metric: 0.519973:   3%|▎         | 670/25000 [1:15:58<78:35:37, 11.63s/it]
Epoch 4: average [s/it]: 5.468089, current metric: 0.519973, best metric: 0.519973:   3%|▎         | 671/25000 [1:15:59<57:43:46,  8.54s/it]
Epoch 4: average [s/it]: 5.468089, current metric: 0.519973, best metric: 0.519973:   3%|▎         | 672/25000 [1:16:01<43:07:27,  6.38s/it]
Epoch 4: average [s/it]: 5.468089, current metric: 0.519973, best metric: 0.519973:   3%|▎         | 673/25000 [1:16:02<32:54:12,  4.87s/it]
Epoch 4: average [s/it]: 5.468089, current metric: 0.519973, best metric: 0.519973:   3%|▎         | 674/25000 [1:16:03<25:44:50,  3.81s/it]
Epoch 4: average [s/it]: 5.468089, current metric: 0.519973, best metric: 0.519973:   3%|▎         | 675/25000 [1:16:05<20:44:23,  3.07s/it]
Epoch 4: average [s/it]: 5.468089, current metric: 0.519973, best metric: 0.519973:   3%|▎         | 676/25000 [1:16:06<17:14:04,  2.55s/it]
Epoch 4: average [s/it]: 5.468089, current metric: 0.519973, best metric: 0.519973:   3%|▎         | 677/25000 [1:16:07<14:46:49,  2.19s/it]
Epoch 4: average [s/it]: 5.468089, current metric: 0.519973, best metric: 0.519973:   3%|▎         | 678/25000 [1:16:09<13:03:42,  1.93s/it]
Epoch 4: average [s/it]: 5.468089, current metric: 0.519973, best metric: 0.519973:   3%|▎         | 679/25000 [1:16:10<11:51:26,  1.76s/it]
Epoch 4: average [s/it]: 5.468089, current metric: 0.519973, best metric: 0.519973:   3%|▎         | 680/25000 [1:16:11<11:00:59,  1.63s/it]
Epoch 4: average [s/it]: 5.468089, current metric: 0.519973, best metric: 0.519973:   3%|▎         | 681/25000 [1:16:13<10:25:30,  1.54s/it]
Epoch 4: average [s/it]: 5.468089, current metric: 0.519973, best metric: 0.519973:   3%|▎         | 682/25000 [1:16:14<10:00:46,  1.48s/it]
Epoch 4: average [s/it]: 5.468089, current metric: 0.519973, best metric: 0.519973:   3%|▎         | 683/25000 [1:16:15<9:43:32,  1.44s/it] 
Epoch 4: average [s/it]: 5.468089, current metric: 0.519973, best metric: 0.519973:   3%|▎         | 684/25000 [1:16:17<9:31:22,  1.41s/it]
Epoch 4: average [s/it]: 5.468089, current metric: 0.519973, best metric: 0.519973:   3%|▎         | 685/25000 [1:16:18<9:22:55,  1.39s/it]
Epoch 4: average [s/it]: 5.468089, current metric: 0.519973, best metric: 0.519973:   3%|▎         | 686/25000 [1:17:15<121:26:16, 17.98s/it]
Epoch 4: average [s/it]: 5.468089, current metric: 0.519973, best metric: 0.519973:   3%|▎         | 687/25000 [1:17:16<87:43:25, 12.99s/it] 
Epoch 4: average [s/it]: 5.468089, current metric: 0.519973, best metric: 0.519973:   3%|▎         | 688/25000 [1:17:18<64:07:25,  9.50s/it]
Epoch 4: average [s/it]: 5.468089, current metric: 0.519973, best metric: 0.519973:   3%|▎         | 689/25000 [1:17:19<47:36:09,  7.05s/it]
Epoch 4: average [s/it]: 5.468089, current metric: 0.519973, best metric: 0.519973:   3%|▎         | 690/25000 [1:17:20<36:02:16,  5.34s/it]
Epoch 4: average [s/it]: 5.468089, current metric: 0.519973, best metric: 0.519973:   3%|▎         | 691/25000 [1:17:22<27:56:39,  4.14s/it]
Epoch 4: average [s/it]: 5.468089, current metric: 0.519973, best metric: 0.519973:   3%|▎         | 692/25000 [1:17:23<22:16:40,  3.30s/it]
Epoch 4: average [s/it]: 5.468089, current metric: 0.519973, best metric: 0.519973:   3%|▎         | 693/25000 [1:17:24<18:18:34,  2.71s/it]
Epoch 4: average [s/it]: 5.468089, current metric: 0.519973, best metric: 0.519973:   3%|▎         | 694/25000 [1:17:26<15:31:56,  2.30s/it]
Epoch 4: average [s/it]: 5.468089, current metric: 0.519973, best metric: 0.519973:   3%|▎         | 695/25000 [1:17:27<13:35:26,  2.01s/it]
Epoch 4: average [s/it]: 5.468089, current metric: 0.519973, best metric: 0.519973:   3%|▎         | 696/25000 [1:17:28<12:13:44,  1.81s/it]
Epoch 4: average [s/it]: 5.468089, current metric: 0.519973, best metric: 0.519973:   3%|▎         | 697/25000 [1:17:30<11:16:29,  1.67s/it]
Epoch 4: average [s/it]: 5.468089, current metric: 0.519973, best metric: 0.519973:   3%|▎         | 698/25000 [1:17:31<10:53:41,  1.61s/it]
Epoch 4: average [s/it]: 5.468089, current metric: 0.519973, best metric: 0.519973:   3%|▎         | 699/25000 [1:17:32<10:20:39,  1.53s/it]
Epoch 4: average [s/it]: 5.468089, current metric: 0.519973, best metric: 0.519973:   3%|▎         | 700/25000 [1:17:34<9:57:30,  1.48s/it] 
Epoch 4: average [s/it]: 5.468089, current metric: 0.519973, best metric: 0.519973:   3%|▎         | 701/25000 [1:17:36<10:51:19,  1.61s/it]
Epoch 4: average [s/it]: 5.468089, current metric: 0.519973, best metric: 0.519973:   3%|▎         | 702/25000 [1:18:15<87:51:31, 13.02s/it]
Epoch 4: average [s/it]: 5.468089, current metric: 0.519973, best metric: 0.519973:   3%|▎         | 703/25000 [1:18:17<64:12:53,  9.51s/it]
Epoch 4: average [s/it]: 5.468089, current metric: 0.519973, best metric: 0.519973:   3%|▎         | 704/25000 [1:18:18<47:39:52,  7.06s/it]
Epoch 4: average [s/it]: 5.468089, current metric: 0.519973, best metric: 0.519973:   3%|▎         | 705/25000 [1:18:19<36:04:33,  5.35s/it]
Epoch 4: average [s/it]: 5.468089, current metric: 0.519973, best metric: 0.519973:   3%|▎         | 706/25000 [1:18:21<27:57:45,  4.14s/it]
Epoch 4: average [s/it]: 5.468089, current metric: 0.519973, best metric: 0.519973:   3%|▎         | 707/25000 [1:18:22<22:17:06,  3.30s/it]
Epoch 4: average [s/it]: 5.468089, current metric: 0.519973, best metric: 0.519973:   3%|▎         | 708/25000 [1:18:23<18:18:36,  2.71s/it]
Epoch 4: average [s/it]: 5.468089, current metric: 0.519973, best metric: 0.519973:   3%|▎         | 709/25000 [1:18:25<15:31:39,  2.30s/it]
Epoch 4: average [s/it]: 5.468089, current metric: 0.519973, best metric: 0.519973:   3%|▎         | 710/25000 [1:18:37<36:13:40,  5.37s/it]
Epoch 4: average [s/it]: 5.468089, current metric: 0.519973, best metric: 0.519973:   3%|▎         | 711/25000 [1:18:39<28:04:16,  4.16s/it]
Epoch 4: average [s/it]: 5.468089, current metric: 0.519973, best metric: 0.519973:   3%|▎         | 712/25000 [1:18:40<22:21:38,  3.31s/it]
Epoch 4: average [s/it]: 5.468089, current metric: 0.519973, best metric: 0.519973:   3%|▎         | 713/25000 [1:18:41<18:21:51,  2.72s/it]
Epoch 4: average [s/it]: 5.468089, current metric: 0.519973, best metric: 0.519973:   3%|▎         | 714/25000 [1:18:43<16:01:25,  2.38s/it]
Epoch 4: average [s/it]: 5.468089, current metric: 0.519973, best metric: 0.519973:   3%|▎         | 715/25000 [1:18:44<13:55:38,  2.06s/it]
Epoch 4: average [s/it]: 5.468089, current metric: 0.519973, best metric: 0.519973:   3%|▎         | 716/25000 [1:18:46<12:27:33,  1.85s/it]
Epoch 4: average [s/it]: 5.468089, current metric: 0.519973, best metric: 0.519973:   3%|▎         | 717/25000 [1:18:47<11:26:00,  1.70s/it]
Epoch 4: average [s/it]: 5.468089, current metric: 0.519973, best metric: 0.519973:   3%|▎         | 718/25000 [1:18:59<31:46:00,  4.71s/it]
Epoch 4: average [s/it]: 5.468089, current metric: 0.519973, best metric: 0.519973:   3%|▎         | 719/25000 [1:19:00<24:56:59,  3.70s/it]
Epoch 4: average [s/it]: 5.468089, current metric: 0.519973, best metric: 0.519973:   3%|▎         | 720/25000 [1:19:01<20:10:39,  2.99s/it]
Epoch 4: average [s/it]: 5.468089, current metric: 0.519973, best metric: 0.519973:   3%|▎         | 721/25000 [1:19:03<16:50:09,  2.50s/it]
Epoch 4: average [s/it]: 5.468089, current metric: 0.519973, best metric: 0.519973:   3%|▎         | 722/25000 [1:19:04<14:29:48,  2.15s/it]
Epoch 4: average [s/it]: 5.468089, current metric: 0.519973, best metric: 0.519973:   3%|▎         | 723/25000 [1:19:05<12:51:31,  1.91s/it]
Epoch 4: average [s/it]: 5.468089, current metric: 0.519973, best metric: 0.519973:   3%|▎         | 724/25000 [1:19:07<11:42:46,  1.74s/it]
Epoch 4: average [s/it]: 5.468089, current metric: 0.519973, best metric: 0.519973:   3%|▎         | 725/25000 [1:19:08<10:54:33,  1.62s/it]
Epoch 4: average [s/it]: 5.468089, current metric: 0.519973, best metric: 0.519973:   3%|▎         | 726/25000 [1:19:17<24:52:23,  3.69s/it]
Epoch 4: average [s/it]: 5.468089, current metric: 0.519973, best metric: 0.519973:   3%|▎         | 727/25000 [1:19:56<96:51:17, 14.36s/it]
Epoch 4: average [s/it]: 5.468089, current metric: 0.519973, best metric: 0.519973:   3%|▎         | 728/25000 [1:19:57<70:30:27, 10.46s/it]
Epoch 4: average [s/it]: 5.468089, current metric: 0.519973, best metric: 0.519973:   3%|▎         | 729/25000 [1:19:58<52:03:50,  7.72s/it]
Epoch 4: average [s/it]: 5.468089, current metric: 0.519973, best metric: 0.519973:   3%|▎         | 730/25000 [1:20:00<39:09:25,  5.81s/it]
Epoch 4: average [s/it]: 5.468089, current metric: 0.519973, best metric: 0.519973:   3%|▎         | 731/25000 [1:20:01<30:07:17,  4.47s/it]
Epoch 4: average [s/it]: 5.468089, current metric: 0.519973, best metric: 0.519973:   3%|▎         | 732/25000 [1:20:02<23:47:34,  3.53s/it]
Epoch 4: average [s/it]: 5.468089, current metric: 0.519973, best metric: 0.519973:   3%|▎         | 733/25000 [1:20:04<19:22:00,  2.87s/it]
Epoch 4: average [s/it]: 5.468089, current metric: 0.519973, best metric: 0.519973:   3%|▎         | 734/25000 [1:21:07<140:33:03, 20.85s/it]
Epoch 4: average [s/it]: 5.468089, current metric: 0.519973, best metric: 0.519973:   3%|▎         | 735/25000 [1:21:08<101:05:36, 15.00s/it]
Epoch 4: average [s/it]: 5.468089, current metric: 0.519973, best metric: 0.519973:   3%|▎         | 736/25000 [1:21:09<73:28:17, 10.90s/it] 
Epoch 4: average [s/it]: 5.468089, current metric: 0.519973, best metric: 0.519973:   3%|▎         | 737/25000 [1:21:11<54:08:16,  8.03s/it]
Epoch 4: average [s/it]: 5.468089, current metric: 0.519973, best metric: 0.519973:   3%|▎         | 738/25000 [1:21:12<40:36:13,  6.02s/it]
Epoch 4: average [s/it]: 5.468089, current metric: 0.519973, best metric: 0.519973:   3%|▎         | 739/25000 [1:21:13<31:07:51,  4.62s/it]
Epoch 4: average [s/it]: 5.468089, current metric: 0.519973, best metric: 0.519973:   3%|▎         | 740/25000 [1:21:15<24:29:59,  3.64s/it]
Epoch 4: average [s/it]: 5.468089, current metric: 0.519973, best metric: 0.519973:   3%|▎         | 741/25000 [1:21:16<19:51:26,  2.95s/it]
Epoch 4: average [s/it]: 5.468089, current metric: 0.519973, best metric: 0.519973:   3%|▎         | 742/25000 [1:21:17<16:36:34,  2.46s/it]
Epoch 4: average [s/it]: 5.468089, current metric: 0.519973, best metric: 0.519973:   3%|▎         | 743/25000 [1:23:31<282:24:17, 41.91s/it]
Epoch 4: average [s/it]: 5.468089, current metric: 0.519973, best metric: 0.519973:   3%|▎         | 744/25000 [1:23:33<200:23:04, 29.74s/it]
Epoch 4: average [s/it]: 5.468089, current metric: 0.519973, best metric: 0.519973:   3%|▎         | 745/25000 [1:23:34<142:58:15, 21.22s/it]
Epoch 4: average [s/it]: 5.468089, current metric: 0.519973, best metric: 0.519973:   3%|▎         | 746/25000 [1:23:35<102:47:05, 15.26s/it]
Epoch 4: average [s/it]: 5.468089, current metric: 0.519973, best metric: 0.519973:   3%|▎         | 747/25000 [1:23:37<74:39:14, 11.08s/it] 
Epoch 4: average [s/it]: 5.468089, current metric: 0.519973, best metric: 0.519973:   3%|▎         | 748/25000 [1:23:38<54:57:45,  8.16s/it]
Epoch 4: average [s/it]: 5.468089, current metric: 0.519973, best metric: 0.519973:   3%|▎         | 749/25000 [1:23:39<41:10:44,  6.11s/it]
Epoch 4: average [s/it]: 5.468089, current metric: 0.519973, best metric: 0.519973:   3%|▎         | 750/25000 [1:23:41<31:31:50,  4.68s/it]
Epoch 4: average [s/it]: 5.468089, current metric: 0.519973, best metric: 0.519973:   3%|▎         | 751/25000 [1:23:42<24:46:31,  3.68s/it]
Epoch 4: average [s/it]: 5.468089, current metric: 0.519973, best metric: 0.519973:   3%|▎         | 752/25000 [1:23:43<20:02:52,  2.98s/it]
Epoch 4: average [s/it]: 5.468089, current metric: 0.519973, best metric: 0.519973:   3%|▎         | 753/25000 [1:23:45<16:44:19,  2.49s/it]
Epoch 4: average [s/it]: 5.468089, current metric: 0.519973, best metric: 0.519973:   3%|▎         | 754/25000 [1:23:46<14:25:14,  2.14s/it]
Epoch 4: average [s/it]: 5.468089, current metric: 0.519973, best metric: 0.519973:   3%|▎         | 755/25000 [1:23:47<12:47:56,  1.90s/it]
Epoch 4: average [s/it]: 5.468089, current metric: 0.519973, best metric: 0.519973:   3%|▎         | 756/25000 [1:23:49<11:39:48,  1.73s/it]
Epoch 4: average [s/it]: 5.468089, current metric: 0.519973, best metric: 0.519973:   3%|▎         | 757/25000 [1:23:50<10:52:09,  1.61s/it]
Epoch 4: average [s/it]: 5.468089, current metric: 0.519973, best metric: 0.519973:   3%|▎         | 758/25000 [1:23:51<10:18:45,  1.53s/it]
Epoch 4: average [s/it]: 5.468089, current metric: 0.519973, best metric: 0.519973:   3%|▎         | 759/25000 [1:24:40<106:15:34, 15.78s/it]
Epoch 4: average [s/it]: 5.468089, current metric: 0.519973, best metric: 0.519973:   3%|▎         | 760/25000 [1:24:42<77:05:14, 11.45s/it] 
Epoch 4: average [s/it]: 5.468089, current metric: 0.519973, best metric: 0.519973:   3%|▎         | 761/25000 [1:24:43<56:39:50,  8.42s/it]
Epoch 4: average [s/it]: 5.468089, current metric: 0.519973, best metric: 0.519973:   3%|▎         | 762/25000 [1:24:44<42:21:58,  6.29s/it]
Epoch 4: average [s/it]: 5.468089, current metric: 0.519973, best metric: 0.519973:   3%|▎         | 763/25000 [1:24:46<32:21:26,  4.81s/it]
Epoch 4: average [s/it]: 5.468089, current metric: 0.519973, best metric: 0.519973:   3%|▎         | 764/25000 [1:24:47<25:21:10,  3.77s/it]
Epoch 4: average [s/it]: 5.468089, current metric: 0.519973, best metric: 0.519973:   3%|▎         | 765/25000 [1:24:48<20:26:58,  3.04s/it]
Epoch 5: average [s/it]: 6.008309, current metric: 0.511740, best metric: 0.511740:   3%|▎         | 765/25000 [1:29:21<20:26:58,  3.04s/it]
Epoch 5: average [s/it]: 6.008309, current metric: 0.511740, best metric: 0.511740:   3%|▎         | 766/25000 [1:29:44<611:06:38, 90.78s/it]
Epoch 5: average [s/it]: 6.008309, current metric: 0.511740, best metric: 0.511740:   3%|▎         | 767/25000 [1:31:22<626:41:56, 93.10s/it]
Epoch 5: average [s/it]: 6.008309, current metric: 0.511740, best metric: 0.511740:   3%|▎         | 768/25000 [1:31:24<441:22:41, 65.57s/it]
Epoch 5: average [s/it]: 6.008309, current metric: 0.511740, best metric: 0.511740:   3%|▎         | 769/25000 [1:31:25<311:39:24, 46.30s/it]
Epoch 5: average [s/it]: 6.008309, current metric: 0.511740, best metric: 0.511740:   3%|▎         | 770/25000 [1:31:26<220:51:24, 32.81s/it]
Epoch 5: average [s/it]: 6.008309, current metric: 0.511740, best metric: 0.511740:   3%|▎         | 771/25000 [1:31:28<157:18:00, 23.37s/it]
Epoch 5: average [s/it]: 6.008309, current metric: 0.511740, best metric: 0.511740:   3%|▎         | 772/25000 [1:31:29<112:48:37, 16.76s/it]
Epoch 5: average [s/it]: 6.008309, current metric: 0.511740, best metric: 0.511740:   3%|▎         | 773/25000 [1:31:31<81:40:14, 12.14s/it] 
Epoch 5: average [s/it]: 6.008309, current metric: 0.511740, best metric: 0.511740:   3%|▎         | 774/25000 [1:31:32<59:52:23,  8.90s/it]
Epoch 5: average [s/it]: 6.008309, current metric: 0.511740, best metric: 0.511740:   3%|▎         | 775/25000 [1:31:33<44:36:52,  6.63s/it]
Epoch 5: average [s/it]: 6.008309, current metric: 0.511740, best metric: 0.511740:   3%|▎         | 776/25000 [1:31:35<33:56:00,  5.04s/it]
Epoch 5: average [s/it]: 6.008309, current metric: 0.511740, best metric: 0.511740:   3%|▎         | 777/25000 [1:31:36<26:27:28,  3.93s/it]
Epoch 5: average [s/it]: 6.008309, current metric: 0.511740, best metric: 0.511740:   3%|▎         | 778/25000 [1:31:37<21:13:18,  3.15s/it]
Epoch 5: average [s/it]: 6.008309, current metric: 0.511740, best metric: 0.511740:   3%|▎         | 779/25000 [1:31:39<17:33:32,  2.61s/it]
Epoch 5: average [s/it]: 6.008309, current metric: 0.511740, best metric: 0.511740:   3%|▎         | 780/25000 [1:31:40<14:59:38,  2.23s/it]
Epoch 5: average [s/it]: 6.008309, current metric: 0.511740, best metric: 0.511740:   3%|▎         | 781/25000 [1:31:41<13:11:57,  1.96s/it]
Epoch 5: average [s/it]: 6.008309, current metric: 0.511740, best metric: 0.511740:   3%|▎         | 782/25000 [1:31:43<11:56:36,  1.78s/it]
Epoch 5: average [s/it]: 6.008309, current metric: 0.511740, best metric: 0.511740:   3%|▎         | 783/25000 [1:32:18<78:56:55, 11.74s/it]
Epoch 5: average [s/it]: 6.008309, current metric: 0.511740, best metric: 0.511740:   3%|▎         | 784/25000 [1:32:19<58:26:27,  8.69s/it]
Epoch 5: average [s/it]: 6.008309, current metric: 0.511740, best metric: 0.511740:   3%|▎         | 785/25000 [1:32:20<43:36:49,  6.48s/it]
Epoch 5: average [s/it]: 6.008309, current metric: 0.511740, best metric: 0.511740:   3%|▎         | 786/25000 [1:32:22<33:14:00,  4.94s/it]
Epoch 5: average [s/it]: 6.008309, current metric: 0.511740, best metric: 0.511740:   3%|▎         | 787/25000 [1:32:23<25:58:20,  3.86s/it]
Epoch 5: average [s/it]: 6.008309, current metric: 0.511740, best metric: 0.511740:   3%|▎         | 788/25000 [1:32:54<80:42:30, 12.00s/it]
Epoch 5: average [s/it]: 6.008309, current metric: 0.511740, best metric: 0.511740:   3%|▎         | 789/25000 [1:32:55<59:11:51,  8.80s/it]
Epoch 5: average [s/it]: 6.008309, current metric: 0.511740, best metric: 0.511740:   3%|▎         | 790/25000 [1:32:57<44:08:24,  6.56s/it]
Epoch 5: average [s/it]: 6.008309, current metric: 0.511740, best metric: 0.511740:   3%|▎         | 791/25000 [1:32:58<33:35:59,  5.00s/it]
Epoch 5: average [s/it]: 6.008309, current metric: 0.511740, best metric: 0.511740:   3%|▎         | 792/25000 [1:33:00<26:13:34,  3.90s/it]
Epoch 5: average [s/it]: 6.008309, current metric: 0.511740, best metric: 0.511740:   3%|▎         | 793/25000 [1:33:01<21:27:09,  3.19s/it]
Epoch 5: average [s/it]: 6.008309, current metric: 0.511740, best metric: 0.511740:   3%|▎         | 794/25000 [1:33:02<17:43:08,  2.64s/it]
Epoch 5: average [s/it]: 6.008309, current metric: 0.511740, best metric: 0.511740:   3%|▎         | 795/25000 [1:33:04<15:06:37,  2.25s/it]
Epoch 5: average [s/it]: 6.008309, current metric: 0.511740, best metric: 0.511740:   3%|▎         | 796/25000 [1:33:05<13:16:52,  1.98s/it]
Epoch 5: average [s/it]: 6.008309, current metric: 0.511740, best metric: 0.511740:   3%|▎         | 797/25000 [1:33:06<11:59:58,  1.78s/it]
Epoch 5: average [s/it]: 6.008309, current metric: 0.511740, best metric: 0.511740:   3%|▎         | 798/25000 [1:33:08<11:06:23,  1.65s/it]
Epoch 5: average [s/it]: 6.008309, current metric: 0.511740, best metric: 0.511740:   3%|▎         | 799/25000 [1:33:09<10:28:50,  1.56s/it]
Epoch 5: average [s/it]: 6.008309, current metric: 0.511740, best metric: 0.511740:   3%|▎         | 800/25000 [1:33:10<10:02:21,  1.49s/it]
Epoch 5: average [s/it]: 6.008309, current metric: 0.511740, best metric: 0.511740:   3%|▎         | 801/25000 [1:33:12<10:35:17,  1.58s/it]
Epoch 5: average [s/it]: 6.008309, current metric: 0.511740, best metric: 0.511740:   3%|▎         | 802/25000 [1:33:14<10:28:57,  1.56s/it]
Epoch 5: average [s/it]: 6.008309, current metric: 0.511740, best metric: 0.511740:   3%|▎         | 803/25000 [1:33:15<10:02:29,  1.49s/it]
Epoch 5: average [s/it]: 6.008309, current metric: 0.511740, best metric: 0.511740:   3%|▎         | 804/25000 [1:33:23<23:21:18,  3.47s/it]
Epoch 5: average [s/it]: 6.008309, current metric: 0.511740, best metric: 0.511740:   3%|▎         | 805/25000 [1:33:25<19:03:16,  2.84s/it]
Epoch 5: average [s/it]: 6.008309, current metric: 0.511740, best metric: 0.511740:   3%|▎         | 806/25000 [1:33:26<16:02:44,  2.39s/it]
Epoch 5: average [s/it]: 6.008309, current metric: 0.511740, best metric: 0.511740:   3%|▎         | 807/25000 [1:33:27<13:56:12,  2.07s/it]
Epoch 5: average [s/it]: 6.008309, current metric: 0.511740, best metric: 0.511740:   3%|▎         | 808/25000 [1:33:29<12:27:31,  1.85s/it]
Epoch 5: average [s/it]: 6.008309, current metric: 0.511740, best metric: 0.511740:   3%|▎         | 809/25000 [1:33:30<11:30:42,  1.71s/it]
Epoch 5: average [s/it]: 6.008309, current metric: 0.511740, best metric: 0.511740:   3%|▎         | 810/25000 [1:33:31<10:45:41,  1.60s/it]
Epoch 5: average [s/it]: 6.008309, current metric: 0.511740, best metric: 0.511740:   3%|▎         | 811/25000 [1:33:33<10:14:47,  1.52s/it]
Epoch 5: average [s/it]: 6.008309, current metric: 0.511740, best metric: 0.511740:   3%|▎         | 812/25000 [1:33:34<9:52:20,  1.47s/it] 
Epoch 5: average [s/it]: 6.008309, current metric: 0.511740, best metric: 0.511740:   3%|▎         | 813/25000 [1:33:36<10:09:25,  1.51s/it]
Epoch 5: average [s/it]: 6.008309, current metric: 0.511740, best metric: 0.511740:   3%|▎         | 814/25000 [1:33:37<9:48:59,  1.46s/it] 
Epoch 5: average [s/it]: 6.008309, current metric: 0.511740, best metric: 0.511740:   3%|▎         | 815/25000 [1:34:02<58:15:32,  8.67s/it]
Epoch 5: average [s/it]: 6.008309, current metric: 0.511740, best metric: 0.511740:   3%|▎         | 816/25000 [1:34:04<43:28:49,  6.47s/it]
Epoch 5: average [s/it]: 6.008309, current metric: 0.511740, best metric: 0.511740:   3%|▎         | 817/25000 [1:34:05<33:08:15,  4.93s/it]
Epoch 5: average [s/it]: 6.008309, current metric: 0.511740, best metric: 0.511740:   3%|▎         | 818/25000 [1:34:06<25:53:41,  3.85s/it]
Epoch 5: average [s/it]: 6.008309, current metric: 0.511740, best metric: 0.511740:   3%|▎         | 819/25000 [1:34:08<20:49:25,  3.10s/it]
Epoch 5: average [s/it]: 6.008309, current metric: 0.511740, best metric: 0.511740:   3%|▎         | 820/25000 [1:34:48<95:38:44, 14.24s/it]
Epoch 5: average [s/it]: 6.008309, current metric: 0.511740, best metric: 0.511740:   3%|▎         | 821/25000 [1:34:49<69:38:50, 10.37s/it]
Epoch 5: average [s/it]: 6.008309, current metric: 0.511740, best metric: 0.511740:   3%|▎         | 822/25000 [1:34:51<51:26:59,  7.66s/it]
Epoch 5: average [s/it]: 6.008309, current metric: 0.511740, best metric: 0.511740:   3%|▎         | 823/25000 [1:34:52<38:42:37,  5.76s/it]
Epoch 5: average [s/it]: 6.008309, current metric: 0.511740, best metric: 0.511740:   3%|▎         | 824/25000 [1:34:54<30:08:28,  4.49s/it]
Epoch 5: average [s/it]: 6.008309, current metric: 0.511740, best metric: 0.511740:   3%|▎         | 825/25000 [1:34:55<23:47:53,  3.54s/it]
Epoch 5: average [s/it]: 6.008309, current metric: 0.511740, best metric: 0.511740:   3%|▎         | 826/25000 [1:34:56<19:21:17,  2.88s/it]
Epoch 5: average [s/it]: 6.008309, current metric: 0.511740, best metric: 0.511740:   3%|▎         | 827/25000 [1:34:58<16:14:50,  2.42s/it]
Epoch 5: average [s/it]: 6.008309, current metric: 0.511740, best metric: 0.511740:   3%|▎         | 828/25000 [1:34:59<14:04:18,  2.10s/it]
Epoch 5: average [s/it]: 6.008309, current metric: 0.511740, best metric: 0.511740:   3%|▎         | 829/25000 [1:35:00<12:32:53,  1.87s/it]
Epoch 5: average [s/it]: 6.008309, current metric: 0.511740, best metric: 0.511740:   3%|▎         | 830/25000 [1:35:02<11:28:53,  1.71s/it]
Epoch 5: average [s/it]: 6.008309, current metric: 0.511740, best metric: 0.511740:   3%|▎         | 831/25000 [1:35:21<48:12:17,  7.18s/it]
Epoch 5: average [s/it]: 6.008309, current metric: 0.511740, best metric: 0.511740:   3%|▎         | 832/25000 [1:35:23<36:26:31,  5.43s/it]
Epoch 5: average [s/it]: 6.008309, current metric: 0.511740, best metric: 0.511740:   3%|▎         | 833/25000 [1:35:24<28:12:19,  4.20s/it]
Epoch 5: average [s/it]: 6.008309, current metric: 0.511740, best metric: 0.511740:   3%|▎         | 834/25000 [1:35:26<22:26:22,  3.34s/it]
Epoch 5: average [s/it]: 6.008309, current metric: 0.511740, best metric: 0.511740:   3%|▎         | 835/25000 [1:35:27<18:24:20,  2.74s/it]
Epoch 5: average [s/it]: 6.008309, current metric: 0.511740, best metric: 0.511740:   3%|▎         | 836/25000 [1:36:15<109:16:35, 16.28s/it]
Epoch 5: average [s/it]: 6.008309, current metric: 0.511740, best metric: 0.511740:   3%|▎         | 837/25000 [1:36:16<79:11:26, 11.80s/it] 
Epoch 5: average [s/it]: 6.008309, current metric: 0.511740, best metric: 0.511740:   3%|▎         | 838/25000 [1:36:17<58:17:24,  8.68s/it]
Epoch 5: average [s/it]: 6.008309, current metric: 0.511740, best metric: 0.511740:   3%|▎         | 839/25000 [1:36:19<43:29:50,  6.48s/it]
Epoch 5: average [s/it]: 6.008309, current metric: 0.511740, best metric: 0.511740:   3%|▎         | 840/25000 [1:36:20<33:08:38,  4.94s/it]
Epoch 5: average [s/it]: 6.008309, current metric: 0.511740, best metric: 0.511740:   3%|▎         | 841/25000 [1:36:22<25:53:54,  3.86s/it]
Epoch 5: average [s/it]: 6.008309, current metric: 0.511740, best metric: 0.511740:   3%|▎         | 842/25000 [1:36:23<20:49:29,  3.10s/it]
Epoch 5: average [s/it]: 6.008309, current metric: 0.511740, best metric: 0.511740:   3%|▎         | 843/25000 [1:36:24<17:46:30,  2.65s/it]
Epoch 5: average [s/it]: 6.008309, current metric: 0.511740, best metric: 0.511740:   3%|▎         | 844/25000 [1:36:26<15:08:29,  2.26s/it]
Epoch 5: average [s/it]: 6.008309, current metric: 0.511740, best metric: 0.511740:   3%|▎         | 845/25000 [1:36:30<19:36:38,  2.92s/it]
Epoch 5: average [s/it]: 6.008309, current metric: 0.511740, best metric: 0.511740:   3%|▎         | 846/25000 [1:36:32<16:25:40,  2.45s/it]
Epoch 5: average [s/it]: 6.008309, current metric: 0.511740, best metric: 0.511740:   3%|▎         | 847/25000 [1:37:18<105:14:25, 15.69s/it]
Epoch 5: average [s/it]: 6.008309, current metric: 0.511740, best metric: 0.511740:   3%|▎         | 848/25000 [1:37:20<76:21:35, 11.38s/it] 
Epoch 5: average [s/it]: 6.008309, current metric: 0.511740, best metric: 0.511740:   3%|▎         | 849/25000 [1:37:21<56:08:46,  8.37s/it]
Epoch 5: average [s/it]: 6.008309, current metric: 0.511740, best metric: 0.511740:   3%|▎         | 850/25000 [1:37:22<41:59:51,  6.26s/it]
Epoch 5: average [s/it]: 6.008309, current metric: 0.511740, best metric: 0.511740:   3%|▎         | 851/25000 [1:37:24<32:05:35,  4.78s/it]
Epoch 5: average [s/it]: 6.008309, current metric: 0.511740, best metric: 0.511740:   3%|▎         | 852/25000 [1:37:25<25:09:46,  3.75s/it]
Epoch 5: average [s/it]: 6.008309, current metric: 0.511740, best metric: 0.511740:   3%|▎         | 853/25000 [1:37:26<20:18:39,  3.03s/it]
Epoch 5: average [s/it]: 6.008309, current metric: 0.511740, best metric: 0.511740:   3%|▎         | 854/25000 [1:37:28<16:54:50,  2.52s/it]
Epoch 5: average [s/it]: 6.008309, current metric: 0.511740, best metric: 0.511740:   3%|▎         | 855/25000 [1:37:29<14:32:13,  2.17s/it]
Epoch 5: average [s/it]: 6.008309, current metric: 0.511740, best metric: 0.511740:   3%|▎         | 856/25000 [1:37:30<12:52:21,  1.92s/it]
Epoch 5: average [s/it]: 6.008309, current metric: 0.511740, best metric: 0.511740:   3%|▎         | 857/25000 [1:37:32<11:42:19,  1.75s/it]
Epoch 5: average [s/it]: 6.008309, current metric: 0.511740, best metric: 0.511740:   3%|▎         | 858/25000 [1:37:33<10:53:25,  1.62s/it]
Epoch 5: average [s/it]: 6.008309, current metric: 0.511740, best metric: 0.511740:   3%|▎         | 859/25000 [1:37:34<10:19:05,  1.54s/it]
Epoch 5: average [s/it]: 6.008309, current metric: 0.511740, best metric: 0.511740:   3%|▎         | 860/25000 [1:37:36<9:55:03,  1.48s/it] 
Epoch 5: average [s/it]: 6.008309, current metric: 0.511740, best metric: 0.511740:   3%|▎         | 861/25000 [1:37:50<36:08:46,  5.39s/it]
Epoch 5: average [s/it]: 6.008309, current metric: 0.511740, best metric: 0.511740:   3%|▎         | 862/25000 [1:37:51<27:59:49,  4.18s/it]
Epoch 5: average [s/it]: 6.008309, current metric: 0.511740, best metric: 0.511740:   3%|▎         | 863/25000 [1:38:18<72:39:54, 10.84s/it]
Epoch 5: average [s/it]: 6.008309, current metric: 0.511740, best metric: 0.511740:   3%|▎         | 864/25000 [1:38:19<53:33:39,  7.99s/it]
Epoch 5: average [s/it]: 6.008309, current metric: 0.511740, best metric: 0.511740:   3%|▎         | 865/25000 [1:38:21<40:11:14,  5.99s/it]
Epoch 5: average [s/it]: 6.008309, current metric: 0.511740, best metric: 0.511740:   3%|▎         | 866/25000 [1:38:22<30:49:39,  4.60s/it]
Epoch 5: average [s/it]: 6.008309, current metric: 0.511740, best metric: 0.511740:   3%|▎         | 867/25000 [1:38:23<24:16:27,  3.62s/it]
Epoch 5: average [s/it]: 6.008309, current metric: 0.511740, best metric: 0.511740:   3%|▎         | 868/25000 [1:38:25<19:41:14,  2.94s/it]
Epoch 5: average [s/it]: 6.008309, current metric: 0.511740, best metric: 0.511740:   3%|▎         | 869/25000 [1:38:26<16:42:50,  2.49s/it]
Epoch 5: average [s/it]: 6.008309, current metric: 0.511740, best metric: 0.511740:   3%|▎         | 870/25000 [1:38:27<14:23:51,  2.15s/it]
Epoch 5: average [s/it]: 6.008309, current metric: 0.511740, best metric: 0.511740:   3%|▎         | 871/25000 [1:38:29<12:46:28,  1.91s/it]
Epoch 5: average [s/it]: 6.008309, current metric: 0.511740, best metric: 0.511740:   3%|▎         | 872/25000 [1:38:30<11:38:24,  1.74s/it]
Epoch 5: average [s/it]: 6.008309, current metric: 0.511740, best metric: 0.511740:   3%|▎         | 873/25000 [1:38:31<10:50:44,  1.62s/it]
Epoch 5: average [s/it]: 6.008309, current metric: 0.511740, best metric: 0.511740:   3%|▎         | 874/25000 [1:38:33<10:17:15,  1.54s/it]
Epoch 5: average [s/it]: 6.008309, current metric: 0.511740, best metric: 0.511740:   4%|▎         | 875/25000 [1:38:34<9:54:02,  1.48s/it] 
Epoch 5: average [s/it]: 6.008309, current metric: 0.511740, best metric: 0.511740:   4%|▎         | 876/25000 [1:38:35<9:37:35,  1.44s/it]
Epoch 5: average [s/it]: 6.008309, current metric: 0.511740, best metric: 0.511740:   4%|▎         | 877/25000 [1:39:47<150:42:21, 22.49s/it]
Epoch 5: average [s/it]: 6.008309, current metric: 0.511740, best metric: 0.511740:   4%|▎         | 878/25000 [1:39:48<108:11:05, 16.15s/it]
Epoch 5: average [s/it]: 6.008309, current metric: 0.511740, best metric: 0.511740:   4%|▎         | 879/25000 [1:39:50<78:25:19, 11.70s/it] 
Epoch 5: average [s/it]: 6.008309, current metric: 0.511740, best metric: 0.511740:   4%|▎         | 880/25000 [1:39:51<57:35:13,  8.60s/it]
Epoch 5: average [s/it]: 6.008309, current metric: 0.511740, best metric: 0.511740:   4%|▎         | 881/25000 [1:39:52<43:00:21,  6.42s/it]
Epoch 5: average [s/it]: 6.008309, current metric: 0.511740, best metric: 0.511740:   4%|▎         | 882/25000 [1:39:54<32:48:04,  4.90s/it]
Epoch 5: average [s/it]: 6.008309, current metric: 0.511740, best metric: 0.511740:   4%|▎         | 883/25000 [1:39:55<25:39:21,  3.83s/it]
Epoch 5: average [s/it]: 6.008309, current metric: 0.511740, best metric: 0.511740:   4%|▎         | 884/25000 [1:39:56<20:39:18,  3.08s/it]
Epoch 5: average [s/it]: 6.008309, current metric: 0.511740, best metric: 0.511740:   4%|▎         | 885/25000 [1:39:58<17:09:11,  2.56s/it]
Epoch 5: average [s/it]: 6.008309, current metric: 0.511740, best metric: 0.511740:   4%|▎         | 886/25000 [1:39:59<14:41:56,  2.19s/it]
Epoch 5: average [s/it]: 6.008309, current metric: 0.511740, best metric: 0.511740:   4%|▎         | 887/25000 [1:40:00<12:58:53,  1.94s/it]
Epoch 5: average [s/it]: 6.008309, current metric: 0.511740, best metric: 0.511740:   4%|▎         | 888/25000 [1:40:02<11:46:37,  1.76s/it]
Epoch 5: average [s/it]: 6.008309, current metric: 0.511740, best metric: 0.511740:   4%|▎         | 889/25000 [1:40:03<10:56:06,  1.63s/it]
Epoch 5: average [s/it]: 6.008309, current metric: 0.511740, best metric: 0.511740:   4%|▎         | 890/25000 [1:40:04<10:20:37,  1.54s/it]
Epoch 5: average [s/it]: 6.008309, current metric: 0.511740, best metric: 0.511740:   4%|▎         | 891/25000 [1:40:06<9:55:49,  1.48s/it] 
Epoch 5: average [s/it]: 6.008309, current metric: 0.511740, best metric: 0.511740:   4%|▎         | 892/25000 [1:40:07<9:38:33,  1.44s/it]
Epoch 5: average [s/it]: 6.008309, current metric: 0.511740, best metric: 0.511740:   4%|▎         | 893/25000 [1:41:41<195:43:02, 29.23s/it]
Epoch 5: average [s/it]: 6.008309, current metric: 0.511740, best metric: 0.511740:   4%|▎         | 894/25000 [1:41:43<139:42:34, 20.86s/it]
Epoch 5: average [s/it]: 6.008309, current metric: 0.511740, best metric: 0.511740:   4%|▎         | 895/25000 [1:41:44<100:28:59, 15.01s/it]
Epoch 5: average [s/it]: 6.008309, current metric: 0.511740, best metric: 0.511740:   4%|▎         | 896/25000 [1:41:45<73:01:39, 10.91s/it] 
Epoch 5: average [s/it]: 6.008309, current metric: 0.511740, best metric: 0.511740:   4%|▎         | 897/25000 [1:41:47<53:55:02,  8.05s/it]
Epoch 5: average [s/it]: 6.008309, current metric: 0.511740, best metric: 0.511740:   4%|▎         | 898/25000 [1:41:48<40:25:57,  6.04s/it]
Epoch 5: average [s/it]: 6.008309, current metric: 0.511740, best metric: 0.511740:   4%|▎         | 899/25000 [1:41:49<30:59:30,  4.63s/it]
Epoch 5: average [s/it]: 6.008309, current metric: 0.511740, best metric: 0.511740:   4%|▎         | 900/25000 [1:41:51<24:22:56,  3.64s/it]
Epoch 5: average [s/it]: 6.008309, current metric: 0.511740, best metric: 0.511740:   4%|▎         | 901/25000 [1:41:52<20:16:32,  3.03s/it]
Epoch 5: average [s/it]: 6.008309, current metric: 0.511740, best metric: 0.511740:   4%|▎         | 902/25000 [1:41:54<17:09:28,  2.56s/it]
Epoch 5: average [s/it]: 6.008309, current metric: 0.511740, best metric: 0.511740:   4%|▎         | 903/25000 [1:41:55<14:41:56,  2.20s/it]
Epoch 5: average [s/it]: 6.008309, current metric: 0.511740, best metric: 0.511740:   4%|▎         | 904/25000 [1:41:56<12:58:37,  1.94s/it]
Epoch 5: average [s/it]: 6.008309, current metric: 0.511740, best metric: 0.511740:   4%|▎         | 905/25000 [1:41:58<11:46:14,  1.76s/it]
Epoch 5: average [s/it]: 6.008309, current metric: 0.511740, best metric: 0.511740:   4%|▎         | 906/25000 [1:41:59<10:55:41,  1.63s/it]
Epoch 5: average [s/it]: 6.008309, current metric: 0.511740, best metric: 0.511740:   4%|▎         | 907/25000 [1:42:00<10:20:11,  1.54s/it]
Epoch 5: average [s/it]: 6.008309, current metric: 0.511740, best metric: 0.511740:   4%|▎         | 908/25000 [1:42:02<9:55:25,  1.48s/it] 
Epoch 5: average [s/it]: 6.008309, current metric: 0.511740, best metric: 0.511740:   4%|▎         | 909/25000 [1:42:31<66:16:16,  9.90s/it]
Epoch 5: average [s/it]: 6.008309, current metric: 0.511740, best metric: 0.511740:   4%|▎         | 910/25000 [1:42:33<49:04:37,  7.33s/it]
Epoch 5: average [s/it]: 6.008309, current metric: 0.511740, best metric: 0.511740:   4%|▎         | 911/25000 [1:42:34<37:02:25,  5.54s/it]
Epoch 5: average [s/it]: 6.008309, current metric: 0.511740, best metric: 0.511740:   4%|▎         | 912/25000 [1:42:35<28:36:42,  4.28s/it]
Epoch 5: average [s/it]: 6.008309, current metric: 0.511740, best metric: 0.511740:   4%|▎         | 913/25000 [1:42:37<22:42:57,  3.40s/it]
Epoch 5: average [s/it]: 6.008309, current metric: 0.511740, best metric: 0.511740:   4%|▎         | 914/25000 [1:42:38<18:35:06,  2.78s/it]
Epoch 5: average [s/it]: 6.008309, current metric: 0.511740, best metric: 0.511740:   4%|▎         | 915/25000 [1:42:39<15:41:45,  2.35s/it]
Epoch 5: average [s/it]: 6.008309, current metric: 0.511740, best metric: 0.511740:   4%|▎         | 916/25000 [1:42:41<13:40:21,  2.04s/it]
Epoch 5: average [s/it]: 6.008309, current metric: 0.511740, best metric: 0.511740:   4%|▎         | 917/25000 [1:42:42<12:15:23,  1.83s/it]
Epoch 5: average [s/it]: 6.008309, current metric: 0.511740, best metric: 0.511740:   4%|▎         | 918/25000 [1:42:43<11:15:55,  1.68s/it]
Epoch 6: average [s/it]: 5.244144, current metric: 0.472752, best metric: 0.472752:   4%|▎         | 918/25000 [1:47:26<11:15:55,  1.68s/it]
Epoch 6: average [s/it]: 5.244144, current metric: 0.472752, best metric: 0.472752:   4%|▎         | 919/25000 [1:48:03<649:20:16, 97.07s/it]
Epoch 6: average [s/it]: 5.244144, current metric: 0.472752, best metric: 0.472752:   4%|▎         | 920/25000 [1:48:56<561:56:09, 84.01s/it]
Epoch 6: average [s/it]: 5.244144, current metric: 0.472752, best metric: 0.472752:   4%|▎         | 921/25000 [1:48:58<396:01:48, 59.21s/it]
Epoch 6: average [s/it]: 5.244144, current metric: 0.472752, best metric: 0.472752:   4%|▎         | 922/25000 [1:49:06<294:34:37, 44.04s/it]
Epoch 6: average [s/it]: 5.244144, current metric: 0.472752, best metric: 0.472752:   4%|▎         | 923/25000 [1:49:23<240:04:28, 35.90s/it]
Epoch 6: average [s/it]: 5.244144, current metric: 0.472752, best metric: 0.472752:   4%|▎         | 924/25000 [1:49:38<196:33:01, 29.39s/it]
Epoch 6: average [s/it]: 5.244144, current metric: 0.472752, best metric: 0.472752:   4%|▎         | 925/25000 [1:49:39<140:16:06, 20.97s/it]
Epoch 6: average [s/it]: 5.244144, current metric: 0.472752, best metric: 0.472752:   4%|▎         | 926/25000 [1:49:40<100:52:29, 15.08s/it]
Epoch 6: average [s/it]: 5.244144, current metric: 0.472752, best metric: 0.472752:   4%|▎         | 927/25000 [1:49:42<73:17:46, 10.96s/it] 
Epoch 6: average [s/it]: 5.244144, current metric: 0.472752, best metric: 0.472752:   4%|▎         | 928/25000 [1:49:43<54:14:52,  8.11s/it]
Epoch 6: average [s/it]: 5.244144, current metric: 0.472752, best metric: 0.472752:   4%|▎         | 929/25000 [1:49:44<40:39:37,  6.08s/it]
Epoch 6: average [s/it]: 5.244144, current metric: 0.472752, best metric: 0.472752:   4%|▎         | 930/25000 [1:49:46<31:09:02,  4.66s/it]
Epoch 6: average [s/it]: 5.244144, current metric: 0.472752, best metric: 0.472752:   4%|▎         | 931/25000 [1:49:47<24:29:33,  3.66s/it]
Epoch 6: average [s/it]: 5.244144, current metric: 0.472752, best metric: 0.472752:   4%|▎         | 932/25000 [1:49:48<19:49:53,  2.97s/it]
Epoch 6: average [s/it]: 5.244144, current metric: 0.472752, best metric: 0.472752:   4%|▎         | 933/25000 [1:49:50<16:34:06,  2.48s/it]
Epoch 6: average [s/it]: 5.244144, current metric: 0.472752, best metric: 0.472752:   4%|▎         | 934/25000 [1:49:51<14:17:12,  2.14s/it]
Epoch 6: average [s/it]: 5.244144, current metric: 0.472752, best metric: 0.472752:   4%|▎         | 935/25000 [1:49:52<12:41:18,  1.90s/it]
Epoch 6: average [s/it]: 5.244144, current metric: 0.472752, best metric: 0.472752:   4%|▎         | 936/25000 [1:50:16<56:32:21,  8.46s/it]
Epoch 6: average [s/it]: 5.244144, current metric: 0.472752, best metric: 0.472752:   4%|▎         | 937/25000 [1:50:18<42:15:52,  6.32s/it]
Epoch 6: average [s/it]: 5.244144, current metric: 0.472752, best metric: 0.472752:   4%|▍         | 938/25000 [1:50:19<32:16:30,  4.83s/it]
Epoch 6: average [s/it]: 5.244144, current metric: 0.472752, best metric: 0.472752:   4%|▍         | 939/25000 [1:50:20<25:16:49,  3.78s/it]
Epoch 6: average [s/it]: 5.244144, current metric: 0.472752, best metric: 0.472752:   4%|▍         | 940/25000 [1:51:04<105:09:43, 15.73s/it]
Epoch 6: average [s/it]: 5.244144, current metric: 0.472752, best metric: 0.472752:   4%|▍         | 941/25000 [1:51:05<76:18:01, 11.42s/it] 
Epoch 6: average [s/it]: 5.244144, current metric: 0.472752, best metric: 0.472752:   4%|▍         | 942/25000 [1:51:07<56:05:58,  8.39s/it]
Epoch 6: average [s/it]: 5.244144, current metric: 0.472752, best metric: 0.472752:   4%|▍         | 943/25000 [1:51:08<41:57:23,  6.28s/it]
Epoch 6: average [s/it]: 5.244144, current metric: 0.472752, best metric: 0.472752:   4%|▍         | 944/25000 [1:51:09<32:03:30,  4.80s/it]
Epoch 6: average [s/it]: 5.244144, current metric: 0.472752, best metric: 0.472752:   4%|▍         | 945/25000 [1:51:11<25:07:48,  3.76s/it]
Epoch 6: average [s/it]: 5.244144, current metric: 0.472752, best metric: 0.472752:   4%|▍         | 946/25000 [1:51:12<20:16:54,  3.04s/it]
Epoch 6: average [s/it]: 5.244144, current metric: 0.472752, best metric: 0.472752:   4%|▍         | 947/25000 [1:51:13<16:53:05,  2.53s/it]
Epoch 6: average [s/it]: 5.244144, current metric: 0.472752, best metric: 0.472752:   4%|▍         | 948/25000 [1:51:15<14:30:33,  2.17s/it]
Epoch 6: average [s/it]: 5.244144, current metric: 0.472752, best metric: 0.472752:   4%|▍         | 949/25000 [1:51:16<12:50:34,  1.92s/it]
Epoch 6: average [s/it]: 5.244144, current metric: 0.472752, best metric: 0.472752:   4%|▍         | 950/25000 [1:51:17<11:40:39,  1.75s/it]
Epoch 6: average [s/it]: 5.244144, current metric: 0.472752, best metric: 0.472752:   4%|▍         | 951/25000 [1:51:19<10:51:50,  1.63s/it]
Epoch 6: average [s/it]: 5.244144, current metric: 0.472752, best metric: 0.472752:   4%|▍         | 952/25000 [1:51:20<10:17:35,  1.54s/it]
Epoch 6: average [s/it]: 5.244144, current metric: 0.472752, best metric: 0.472752:   4%|▍         | 953/25000 [1:51:21<9:53:50,  1.48s/it] 
Epoch 6: average [s/it]: 5.244144, current metric: 0.472752, best metric: 0.472752:   4%|▍         | 954/25000 [1:51:23<9:37:01,  1.44s/it]
Epoch 6: average [s/it]: 5.244144, current metric: 0.472752, best metric: 0.472752:   4%|▍         | 955/25000 [1:51:54<68:47:51, 10.30s/it]
Epoch 6: average [s/it]: 5.244144, current metric: 0.472752, best metric: 0.472752:   4%|▍         | 956/25000 [1:52:15<91:06:24, 13.64s/it]
Epoch 6: average [s/it]: 5.244144, current metric: 0.472752, best metric: 0.472752:   4%|▍         | 957/25000 [1:52:16<66:27:55,  9.95s/it]
Epoch 6: average [s/it]: 5.244144, current metric: 0.472752, best metric: 0.472752:   4%|▍         | 958/25000 [1:52:18<49:13:03,  7.37s/it]
Epoch 6: average [s/it]: 5.244144, current metric: 0.472752, best metric: 0.472752:   4%|▍         | 959/25000 [1:52:19<37:08:44,  5.56s/it]
Epoch 6: average [s/it]: 5.244144, current metric: 0.472752, best metric: 0.472752:   4%|▍         | 960/25000 [1:52:20<28:41:25,  4.30s/it]
Epoch 6: average [s/it]: 5.244144, current metric: 0.472752, best metric: 0.472752:   4%|▍         | 961/25000 [1:52:22<22:46:22,  3.41s/it]
Epoch 6: average [s/it]: 5.244144, current metric: 0.472752, best metric: 0.472752:   4%|▍         | 962/25000 [1:52:23<18:37:41,  2.79s/it]
Epoch 6: average [s/it]: 5.244144, current metric: 0.472752, best metric: 0.472752:   4%|▍         | 963/25000 [1:52:24<15:43:31,  2.36s/it]
Epoch 6: average [s/it]: 5.244144, current metric: 0.472752, best metric: 0.472752:   4%|▍         | 964/25000 [1:52:26<13:41:53,  2.05s/it]
Epoch 6: average [s/it]: 5.244144, current metric: 0.472752, best metric: 0.472752:   4%|▍         | 965/25000 [1:52:27<12:16:39,  1.84s/it]
Epoch 6: average [s/it]: 5.244144, current metric: 0.472752, best metric: 0.472752:   4%|▍         | 966/25000 [1:52:28<11:16:53,  1.69s/it]
Epoch 6: average [s/it]: 5.244144, current metric: 0.472752, best metric: 0.472752:   4%|▍         | 967/25000 [1:52:30<10:35:08,  1.59s/it]
Epoch 6: average [s/it]: 5.244144, current metric: 0.472752, best metric: 0.472752:   4%|▍         | 968/25000 [1:52:31<10:05:51,  1.51s/it]
Epoch 6: average [s/it]: 5.244144, current metric: 0.472752, best metric: 0.472752:   4%|▍         | 969/25000 [1:52:33<9:45:19,  1.46s/it] 
Epoch 6: average [s/it]: 5.244144, current metric: 0.472752, best metric: 0.472752:   4%|▍         | 970/25000 [1:52:34<9:30:52,  1.43s/it]
Epoch 6: average [s/it]: 5.244144, current metric: 0.472752, best metric: 0.472752:   4%|▍         | 971/25000 [1:52:35<9:20:52,  1.40s/it]
Epoch 6: average [s/it]: 5.244144, current metric: 0.472752, best metric: 0.472752:   4%|▍         | 972/25000 [1:53:22<100:05:37, 15.00s/it]
Epoch 6: average [s/it]: 5.244144, current metric: 0.472752, best metric: 0.472752:   4%|▍         | 973/25000 [1:53:23<72:44:53, 10.90s/it] 
Epoch 6: average [s/it]: 5.244144, current metric: 0.472752, best metric: 0.472752:   4%|▍         | 974/25000 [1:53:25<53:36:25,  8.03s/it]
Epoch 6: average [s/it]: 5.244144, current metric: 0.472752, best metric: 0.472752:   4%|▍         | 975/25000 [1:53:29<46:13:38,  6.93s/it]
Epoch 6: average [s/it]: 5.244144, current metric: 0.472752, best metric: 0.472752:   4%|▍         | 976/25000 [1:53:30<35:02:29,  5.25s/it]
Epoch 6: average [s/it]: 5.244144, current metric: 0.472752, best metric: 0.472752:   4%|▍         | 977/25000 [1:53:32<27:12:29,  4.08s/it]
Epoch 6: average [s/it]: 5.244144, current metric: 0.472752, best metric: 0.472752:   4%|▍         | 978/25000 [1:53:33<21:43:33,  3.26s/it]
Epoch 6: average [s/it]: 5.244144, current metric: 0.472752, best metric: 0.472752:   4%|▍         | 979/25000 [1:53:34<17:53:18,  2.68s/it]
Epoch 6: average [s/it]: 5.244144, current metric: 0.472752, best metric: 0.472752:   4%|▍         | 980/25000 [1:53:36<15:12:18,  2.28s/it]
Epoch 6: average [s/it]: 5.244144, current metric: 0.472752, best metric: 0.472752:   4%|▍         | 981/25000 [1:53:37<13:19:30,  2.00s/it]
Epoch 6: average [s/it]: 5.244144, current metric: 0.472752, best metric: 0.472752:   4%|▍         | 982/25000 [1:53:38<12:00:35,  1.80s/it]
Epoch 6: average [s/it]: 5.244144, current metric: 0.472752, best metric: 0.472752:   4%|▍         | 983/25000 [1:53:40<11:05:22,  1.66s/it]
Epoch 6: average [s/it]: 5.244144, current metric: 0.472752, best metric: 0.472752:   4%|▍         | 984/25000 [1:53:41<10:26:36,  1.57s/it]
Epoch 6: average [s/it]: 5.244144, current metric: 0.472752, best metric: 0.472752:   4%|▍         | 985/25000 [1:53:42<9:59:37,  1.50s/it] 
Epoch 6: average [s/it]: 5.244144, current metric: 0.472752, best metric: 0.472752:   4%|▍         | 986/25000 [1:53:44<9:40:40,  1.45s/it]
Epoch 6: average [s/it]: 5.244144, current metric: 0.472752, best metric: 0.472752:   4%|▍         | 987/25000 [1:53:45<9:27:23,  1.42s/it]
Epoch 6: average [s/it]: 5.244144, current metric: 0.472752, best metric: 0.472752:   4%|▍         | 988/25000 [1:54:23<81:37:44, 12.24s/it]
Epoch 6: average [s/it]: 5.244144, current metric: 0.472752, best metric: 0.472752:   4%|▍         | 989/25000 [1:54:24<60:08:13,  9.02s/it]
Epoch 6: average [s/it]: 5.244144, current metric: 0.472752, best metric: 0.472752:   4%|▍         | 990/25000 [1:54:54<102:58:26, 15.44s/it]
Epoch 6: average [s/it]: 5.244144, current metric: 0.472752, best metric: 0.472752:   4%|▍         | 991/25000 [1:54:56<74:45:39, 11.21s/it] 
Epoch 6: average [s/it]: 5.244144, current metric: 0.472752, best metric: 0.472752:   4%|▍         | 992/25000 [1:54:57<55:00:46,  8.25s/it]
Epoch 6: average [s/it]: 5.244144, current metric: 0.472752, best metric: 0.472752:   4%|▍         | 993/25000 [1:54:58<41:11:25,  6.18s/it]
Epoch 6: average [s/it]: 5.244144, current metric: 0.472752, best metric: 0.472752:   4%|▍         | 994/25000 [1:55:00<31:30:50,  4.73s/it]
Epoch 6: average [s/it]: 5.244144, current metric: 0.472752, best metric: 0.472752:   4%|▍         | 995/25000 [1:55:01<24:44:22,  3.71s/it]
Epoch 6: average [s/it]: 5.244144, current metric: 0.472752, best metric: 0.472752:   4%|▍         | 996/25000 [1:55:02<19:59:53,  3.00s/it]
Epoch 6: average [s/it]: 5.244144, current metric: 0.472752, best metric: 0.472752:   4%|▍         | 997/25000 [1:55:04<16:40:41,  2.50s/it]
Epoch 6: average [s/it]: 5.244144, current metric: 0.472752, best metric: 0.472752:   4%|▍         | 998/25000 [1:55:05<14:21:08,  2.15s/it]
Epoch 6: average [s/it]: 5.244144, current metric: 0.472752, best metric: 0.472752:   4%|▍         | 999/25000 [1:55:07<12:43:36,  1.91s/it]
Epoch 6: average [s/it]: 5.244144, current metric: 0.472752, best metric: 0.472752:   4%|▍         | 1000/25000 [1:55:08<11:35:21,  1.74s/it]
Epoch 6: average [s/it]: 5.244144, current metric: 0.472752, best metric: 0.472752:   4%|▍         | 1001/25000 [1:55:10<11:35:51,  1.74s/it]
Epoch 6: average [s/it]: 5.244144, current metric: 0.472752, best metric: 0.472752:   4%|▍         | 1002/25000 [1:55:11<11:05:07,  1.66s/it]
Epoch 6: average [s/it]: 5.244144, current metric: 0.472752, best metric: 0.472752:   4%|▍         | 1003/25000 [1:55:12<10:26:24,  1.57s/it]
Epoch 6: average [s/it]: 5.244144, current metric: 0.472752, best metric: 0.472752:   4%|▍         | 1004/25000 [1:56:03<108:51:13, 16.33s/it]
Epoch 6: average [s/it]: 5.244144, current metric: 0.472752, best metric: 0.472752:   4%|▍         | 1005/25000 [1:56:05<78:52:33, 11.83s/it] 
Epoch 6: average [s/it]: 5.244144, current metric: 0.472752, best metric: 0.472752:   4%|▍         | 1006/25000 [1:56:06<57:53:21,  8.69s/it]
Epoch 6: average [s/it]: 5.244144, current metric: 0.472752, best metric: 0.472752:   4%|▍         | 1007/25000 [1:56:07<43:11:55,  6.48s/it]
Epoch 6: average [s/it]: 5.244144, current metric: 0.472752, best metric: 0.472752:   4%|▍         | 1008/25000 [1:56:09<32:55:05,  4.94s/it]
Epoch 6: average [s/it]: 5.244144, current metric: 0.472752, best metric: 0.472752:   4%|▍         | 1009/25000 [1:56:10<25:43:18,  3.86s/it]
Epoch 6: average [s/it]: 5.244144, current metric: 0.472752, best metric: 0.472752:   4%|▍         | 1010/25000 [1:56:11<20:40:54,  3.10s/it]
Epoch 6: average [s/it]: 5.244144, current metric: 0.472752, best metric: 0.472752:   4%|▍         | 1011/25000 [1:56:13<17:09:14,  2.57s/it]
Epoch 6: average [s/it]: 5.244144, current metric: 0.472752, best metric: 0.472752:   4%|▍         | 1012/25000 [1:56:14<14:41:06,  2.20s/it]
Epoch 6: average [s/it]: 5.244144, current metric: 0.472752, best metric: 0.472752:   4%|▍         | 1013/25000 [1:56:15<12:57:20,  1.94s/it]
Epoch 6: average [s/it]: 5.244144, current metric: 0.472752, best metric: 0.472752:   4%|▍         | 1014/25000 [1:56:17<11:44:56,  1.76s/it]
Epoch 6: average [s/it]: 5.244144, current metric: 0.472752, best metric: 0.472752:   4%|▍         | 1015/25000 [1:56:18<10:54:10,  1.64s/it]
Epoch 6: average [s/it]: 5.244144, current metric: 0.472752, best metric: 0.472752:   4%|▍         | 1016/25000 [1:56:19<10:18:32,  1.55s/it]
Epoch 6: average [s/it]: 5.244144, current metric: 0.472752, best metric: 0.472752:   4%|▍         | 1017/25000 [1:56:21<9:54:03,  1.49s/it] 
Epoch 6: average [s/it]: 5.244144, current metric: 0.472752, best metric: 0.472752:   4%|▍         | 1018/25000 [1:56:22<9:36:36,  1.44s/it]
Epoch 6: average [s/it]: 5.244144, current metric: 0.472752, best metric: 0.472752:   4%|▍         | 1019/25000 [1:56:23<9:24:27,  1.41s/it]
Epoch 6: average [s/it]: 5.244144, current metric: 0.472752, best metric: 0.472752:   4%|▍         | 1020/25000 [1:56:46<51:52:48,  7.79s/it]
Epoch 6: average [s/it]: 5.244144, current metric: 0.472752, best metric: 0.472752:   4%|▍         | 1021/25000 [1:56:47<38:59:42,  5.85s/it]
Epoch 6: average [s/it]: 5.244144, current metric: 0.472752, best metric: 0.472752:   4%|▍         | 1022/25000 [1:56:49<29:58:18,  4.50s/it]
Epoch 6: average [s/it]: 5.244144, current metric: 0.472752, best metric: 0.472752:   4%|▍         | 1023/25000 [1:56:50<23:39:23,  3.55s/it]
Epoch 6: average [s/it]: 5.244144, current metric: 0.472752, best metric: 0.472752:   4%|▍         | 1024/25000 [1:56:51<19:14:13,  2.89s/it]
Epoch 6: average [s/it]: 5.244144, current metric: 0.472752, best metric: 0.472752:   4%|▍         | 1025/25000 [1:56:53<16:08:32,  2.42s/it]
Epoch 6: average [s/it]: 5.244144, current metric: 0.472752, best metric: 0.472752:   4%|▍         | 1026/25000 [1:56:54<13:58:31,  2.10s/it]
Epoch 6: average [s/it]: 5.244144, current metric: 0.472752, best metric: 0.472752:   4%|▍         | 1027/25000 [1:56:55<12:27:43,  1.87s/it]
Epoch 6: average [s/it]: 5.244144, current metric: 0.472752, best metric: 0.472752:   4%|▍         | 1028/25000 [1:57:04<26:48:28,  4.03s/it]
Epoch 6: average [s/it]: 5.244144, current metric: 0.472752, best metric: 0.472752:   4%|▍         | 1029/25000 [1:57:06<21:26:31,  3.22s/it]
Epoch 6: average [s/it]: 5.244144, current metric: 0.472752, best metric: 0.472752:   4%|▍         | 1030/25000 [1:57:07<17:41:07,  2.66s/it]
Epoch 6: average [s/it]: 5.244144, current metric: 0.472752, best metric: 0.472752:   4%|▍         | 1031/25000 [1:57:08<15:03:28,  2.26s/it]
Epoch 6: average [s/it]: 5.244144, current metric: 0.472752, best metric: 0.472752:   4%|▍         | 1032/25000 [1:57:10<13:12:49,  1.98s/it]
Epoch 6: average [s/it]: 5.244144, current metric: 0.472752, best metric: 0.472752:   4%|▍         | 1033/25000 [1:57:11<11:55:34,  1.79s/it]
Epoch 6: average [s/it]: 5.244144, current metric: 0.472752, best metric: 0.472752:   4%|▍         | 1034/25000 [1:57:14<13:08:55,  1.98s/it]
Epoch 6: average [s/it]: 5.244144, current metric: 0.472752, best metric: 0.472752:   4%|▍         | 1035/25000 [1:57:15<11:52:45,  1.78s/it]
Epoch 6: average [s/it]: 5.244144, current metric: 0.472752, best metric: 0.472752:   4%|▍         | 1036/25000 [1:57:52<83:18:28, 12.51s/it]
Epoch 6: average [s/it]: 5.244144, current metric: 0.472752, best metric: 0.472752:   4%|▍         | 1037/25000 [1:57:59<71:56:33, 10.81s/it]
Epoch 6: average [s/it]: 5.244144, current metric: 0.472752, best metric: 0.472752:   4%|▍         | 1038/25000 [1:58:01<53:02:09,  7.97s/it]
Epoch 6: average [s/it]: 5.244144, current metric: 0.472752, best metric: 0.472752:   4%|▍         | 1039/25000 [1:58:02<39:48:00,  5.98s/it]
Epoch 6: average [s/it]: 5.244144, current metric: 0.472752, best metric: 0.472752:   4%|▍         | 1040/25000 [1:58:03<30:32:07,  4.59s/it]
Epoch 6: average [s/it]: 5.244144, current metric: 0.472752, best metric: 0.472752:   4%|▍         | 1041/25000 [1:58:05<24:03:02,  3.61s/it]
Epoch 6: average [s/it]: 5.244144, current metric: 0.472752, best metric: 0.472752:   4%|▍         | 1042/25000 [1:58:06<19:30:45,  2.93s/it]
Epoch 6: average [s/it]: 5.244144, current metric: 0.472752, best metric: 0.472752:   4%|▍         | 1043/25000 [1:58:07<16:20:06,  2.45s/it]
Epoch 6: average [s/it]: 5.244144, current metric: 0.472752, best metric: 0.472752:   4%|▍         | 1044/25000 [1:58:09<14:06:31,  2.12s/it]
Epoch 6: average [s/it]: 5.244144, current metric: 0.472752, best metric: 0.472752:   4%|▍         | 1045/25000 [1:58:29<50:48:47,  7.64s/it]
Epoch 6: average [s/it]: 5.244144, current metric: 0.472752, best metric: 0.472752:   4%|▍         | 1046/25000 [1:58:30<38:14:32,  5.75s/it]
Epoch 6: average [s/it]: 5.244144, current metric: 0.472752, best metric: 0.472752:   4%|▍         | 1047/25000 [1:59:43<171:59:27, 25.85s/it]
Epoch 6: average [s/it]: 5.244144, current metric: 0.472752, best metric: 0.472752:   4%|▍         | 1048/25000 [1:59:45<123:03:42, 18.50s/it]
Epoch 6: average [s/it]: 5.244144, current metric: 0.472752, best metric: 0.472752:   4%|▍         | 1049/25000 [1:59:46<88:48:41, 13.35s/it] 
Epoch 6: average [s/it]: 5.244144, current metric: 0.472752, best metric: 0.472752:   4%|▍         | 1050/25000 [1:59:47<64:50:10,  9.75s/it]
Epoch 6: average [s/it]: 5.244144, current metric: 0.472752, best metric: 0.472752:   4%|▍         | 1051/25000 [1:59:49<48:03:21,  7.22s/it]
Epoch 6: average [s/it]: 5.244144, current metric: 0.472752, best metric: 0.472752:   4%|▍         | 1052/25000 [1:59:50<36:18:36,  5.46s/it]
Epoch 6: average [s/it]: 5.244144, current metric: 0.472752, best metric: 0.472752:   4%|▍         | 1053/25000 [1:59:51<28:05:18,  4.22s/it]
Epoch 6: average [s/it]: 5.244144, current metric: 0.472752, best metric: 0.472752:   4%|▍         | 1054/25000 [1:59:53<22:19:59,  3.36s/it]
Epoch 6: average [s/it]: 5.244144, current metric: 0.472752, best metric: 0.472752:   4%|▍         | 1055/25000 [1:59:54<18:18:19,  2.75s/it]
Epoch 6: average [s/it]: 5.244144, current metric: 0.472752, best metric: 0.472752:   4%|▍         | 1056/25000 [1:59:55<15:29:08,  2.33s/it]
Epoch 6: average [s/it]: 5.244144, current metric: 0.472752, best metric: 0.472752:   4%|▍         | 1057/25000 [1:59:57<13:30:44,  2.03s/it]
Epoch 6: average [s/it]: 5.244144, current metric: 0.472752, best metric: 0.472752:   4%|▍         | 1058/25000 [1:59:58<12:07:45,  1.82s/it]
Epoch 6: average [s/it]: 5.244144, current metric: 0.472752, best metric: 0.472752:   4%|▍         | 1059/25000 [1:59:59<11:09:42,  1.68s/it]
Epoch 6: average [s/it]: 5.244144, current metric: 0.472752, best metric: 0.472752:   4%|▍         | 1060/25000 [2:00:01<10:29:03,  1.58s/it]
Epoch 6: average [s/it]: 5.244144, current metric: 0.472752, best metric: 0.472752:   4%|▍         | 1061/25000 [2:00:02<10:00:33,  1.51s/it]
Epoch 6: average [s/it]: 5.244144, current metric: 0.472752, best metric: 0.472752:   4%|▍         | 1062/25000 [2:00:03<9:40:41,  1.46s/it] 
Epoch 6: average [s/it]: 5.244144, current metric: 0.472752, best metric: 0.472752:   4%|▍         | 1063/25000 [2:00:05<9:26:35,  1.42s/it]
Epoch 6: average [s/it]: 5.244144, current metric: 0.472752, best metric: 0.472752:   4%|▍         | 1064/25000 [2:00:06<9:16:45,  1.40s/it]
Epoch 6: average [s/it]: 5.244144, current metric: 0.472752, best metric: 0.472752:   4%|▍         | 1065/25000 [2:00:07<9:09:59,  1.38s/it]
Epoch 6: average [s/it]: 5.244144, current metric: 0.472752, best metric: 0.472752:   4%|▍         | 1066/25000 [2:00:09<9:05:07,  1.37s/it]
Epoch 6: average [s/it]: 5.244144, current metric: 0.472752, best metric: 0.472752:   4%|▍         | 1067/25000 [2:00:10<9:01:37,  1.36s/it]
Epoch 6: average [s/it]: 5.244144, current metric: 0.472752, best metric: 0.472752:   4%|▍         | 1068/25000 [2:01:20<146:46:10, 22.08s/it]
Epoch 6: average [s/it]: 5.244144, current metric: 0.472752, best metric: 0.472752:   4%|▍         | 1069/25000 [2:01:22<105:25:23, 15.86s/it]
Epoch 6: average [s/it]: 5.244144, current metric: 0.472752, best metric: 0.472752:   4%|▍         | 1070/25000 [2:01:23<76:27:50, 11.50s/it] 
Epoch 6: average [s/it]: 5.244144, current metric: 0.472752, best metric: 0.472752:   4%|▍         | 1071/25000 [2:01:24<56:11:29,  8.45s/it]
Epoch 7: average [s/it]: 5.479044, current metric: 0.427739, best metric: 0.427739:   4%|▍         | 1071/25000 [2:05:59<56:11:29,  8.45s/it]
Epoch 7: average [s/it]: 5.479044, current metric: 0.427739, best metric: 0.427739:   4%|▍         | 1072/25000 [2:06:37<662:59:41, 99.75s/it]
Epoch 7: average [s/it]: 5.479044, current metric: 0.427739, best metric: 0.427739:   4%|▍         | 1073/25000 [2:07:32<572:38:14, 86.16s/it]
Epoch 7: average [s/it]: 5.479044, current metric: 0.427739, best metric: 0.427739:   4%|▍         | 1074/25000 [2:07:33<403:30:00, 60.71s/it]
Epoch 7: average [s/it]: 5.479044, current metric: 0.427739, best metric: 0.427739:   4%|▍         | 1075/25000 [2:07:34<285:06:34, 42.90s/it]
Epoch 7: average [s/it]: 5.479044, current metric: 0.427739, best metric: 0.427739:   4%|▍         | 1076/25000 [2:07:36<202:14:24, 30.43s/it]
Epoch 7: average [s/it]: 5.479044, current metric: 0.427739, best metric: 0.427739:   4%|▍         | 1077/25000 [2:08:01<192:08:30, 28.91s/it]
Epoch 7: average [s/it]: 5.479044, current metric: 0.427739, best metric: 0.427739:   4%|▍         | 1078/25000 [2:08:02<137:12:41, 20.65s/it]
Epoch 7: average [s/it]: 5.479044, current metric: 0.427739, best metric: 0.427739:   4%|▍         | 1079/25000 [2:08:04<98:42:59, 14.86s/it] 
Epoch 7: average [s/it]: 5.479044, current metric: 0.427739, best metric: 0.427739:   4%|▍         | 1080/25000 [2:08:05<71:46:00, 10.80s/it]
Epoch 7: average [s/it]: 5.479044, current metric: 0.427739, best metric: 0.427739:   4%|▍         | 1081/25000 [2:08:06<52:54:13,  7.96s/it]
Epoch 7: average [s/it]: 5.479044, current metric: 0.427739, best metric: 0.427739:   4%|▍         | 1082/25000 [2:08:08<39:41:56,  5.98s/it]
Epoch 7: average [s/it]: 5.479044, current metric: 0.427739, best metric: 0.427739:   4%|▍         | 1083/25000 [2:08:09<30:27:29,  4.58s/it]
Epoch 7: average [s/it]: 5.479044, current metric: 0.427739, best metric: 0.427739:   4%|▍         | 1084/25000 [2:08:10<23:59:23,  3.61s/it]
Epoch 7: average [s/it]: 5.479044, current metric: 0.427739, best metric: 0.427739:   4%|▍         | 1085/25000 [2:08:12<19:27:43,  2.93s/it]
Epoch 7: average [s/it]: 5.479044, current metric: 0.427739, best metric: 0.427739:   4%|▍         | 1086/25000 [2:08:13<16:17:34,  2.45s/it]
Epoch 7: average [s/it]: 5.479044, current metric: 0.427739, best metric: 0.427739:   4%|▍         | 1087/25000 [2:08:14<14:04:33,  2.12s/it]
Epoch 7: average [s/it]: 5.479044, current metric: 0.427739, best metric: 0.427739:   4%|▍         | 1088/25000 [2:08:16<12:31:19,  1.89s/it]
Epoch 7: average [s/it]: 5.479044, current metric: 0.427739, best metric: 0.427739:   4%|▍         | 1089/25000 [2:08:21<19:04:46,  2.87s/it]
Epoch 7: average [s/it]: 5.479044, current metric: 0.427739, best metric: 0.427739:   4%|▍         | 1090/25000 [2:08:22<16:01:23,  2.41s/it]
Epoch 7: average [s/it]: 5.479044, current metric: 0.427739, best metric: 0.427739:   4%|▍         | 1091/25000 [2:08:24<13:53:09,  2.09s/it]
Epoch 7: average [s/it]: 5.479044, current metric: 0.427739, best metric: 0.427739:   4%|▍         | 1092/25000 [2:08:25<12:23:19,  1.87s/it]
Epoch 7: average [s/it]: 5.479044, current metric: 0.427739, best metric: 0.427739:   4%|▍         | 1093/25000 [2:10:15<228:15:41, 34.37s/it]
Epoch 7: average [s/it]: 5.479044, current metric: 0.427739, best metric: 0.427739:   4%|▍         | 1094/25000 [2:10:17<162:28:03, 24.47s/it]
Epoch 7: average [s/it]: 5.479044, current metric: 0.427739, best metric: 0.427739:   4%|▍         | 1095/25000 [2:10:18<116:23:29, 17.53s/it]
Epoch 7: average [s/it]: 5.479044, current metric: 0.427739, best metric: 0.427739:   4%|▍         | 1096/25000 [2:10:19<84:08:24, 12.67s/it] 
Epoch 7: average [s/it]: 5.479044, current metric: 0.427739, best metric: 0.427739:   4%|▍         | 1097/25000 [2:10:21<61:33:57,  9.27s/it]
Epoch 7: average [s/it]: 5.479044, current metric: 0.427739, best metric: 0.427739:   4%|▍         | 1098/25000 [2:10:22<45:45:50,  6.89s/it]
Epoch 7: average [s/it]: 5.479044, current metric: 0.427739, best metric: 0.427739:   4%|▍         | 1099/25000 [2:10:23<34:42:19,  5.23s/it]
Epoch 7: average [s/it]: 5.479044, current metric: 0.427739, best metric: 0.427739:   4%|▍         | 1100/25000 [2:10:25<26:57:42,  4.06s/it]
Epoch 7: average [s/it]: 5.479044, current metric: 0.427739, best metric: 0.427739:   4%|▍         | 1101/25000 [2:10:26<22:26:50,  3.38s/it]
Epoch 7: average [s/it]: 5.479044, current metric: 0.427739, best metric: 0.427739:   4%|▍         | 1102/25000 [2:10:28<18:41:21,  2.82s/it]
Epoch 7: average [s/it]: 5.479044, current metric: 0.427739, best metric: 0.427739:   4%|▍         | 1103/25000 [2:10:29<15:45:11,  2.37s/it]
Epoch 7: average [s/it]: 5.479044, current metric: 0.427739, best metric: 0.427739:   4%|▍         | 1104/25000 [2:10:31<13:41:53,  2.06s/it]
Epoch 7: average [s/it]: 5.479044, current metric: 0.427739, best metric: 0.427739:   4%|▍         | 1105/25000 [2:10:32<12:15:34,  1.85s/it]
Epoch 7: average [s/it]: 5.479044, current metric: 0.427739, best metric: 0.427739:   4%|▍         | 1106/25000 [2:10:33<11:15:10,  1.70s/it]
Epoch 7: average [s/it]: 5.479044, current metric: 0.427739, best metric: 0.427739:   4%|▍         | 1107/25000 [2:10:35<10:32:53,  1.59s/it]
Epoch 7: average [s/it]: 5.479044, current metric: 0.427739, best metric: 0.427739:   4%|▍         | 1108/25000 [2:10:36<10:03:13,  1.51s/it]
Epoch 7: average [s/it]: 5.479044, current metric: 0.427739, best metric: 0.427739:   4%|▍         | 1109/25000 [2:10:38<11:28:53,  1.73s/it]
Epoch 7: average [s/it]: 5.479044, current metric: 0.427739, best metric: 0.427739:   4%|▍         | 1110/25000 [2:10:40<10:42:21,  1.61s/it]
Epoch 7: average [s/it]: 5.479044, current metric: 0.427739, best metric: 0.427739:   4%|▍         | 1111/25000 [2:10:41<10:09:54,  1.53s/it]
Epoch 7: average [s/it]: 5.479044, current metric: 0.427739, best metric: 0.427739:   4%|▍         | 1112/25000 [2:10:42<9:47:03,  1.47s/it] 
Epoch 7: average [s/it]: 5.479044, current metric: 0.427739, best metric: 0.427739:   4%|▍         | 1113/25000 [2:10:44<9:31:21,  1.44s/it]
Epoch 7: average [s/it]: 5.479044, current metric: 0.427739, best metric: 0.427739:   4%|▍         | 1114/25000 [2:10:45<9:20:05,  1.41s/it]
Epoch 7: average [s/it]: 5.479044, current metric: 0.427739, best metric: 0.427739:   4%|▍         | 1115/25000 [2:10:46<9:12:19,  1.39s/it]
Epoch 7: average [s/it]: 5.479044, current metric: 0.427739, best metric: 0.427739:   4%|▍         | 1116/25000 [2:10:48<9:06:41,  1.37s/it]
Epoch 7: average [s/it]: 5.479044, current metric: 0.427739, best metric: 0.427739:   4%|▍         | 1117/25000 [2:10:49<9:02:49,  1.36s/it]
Epoch 7: average [s/it]: 5.479044, current metric: 0.427739, best metric: 0.427739:   4%|▍         | 1118/25000 [2:10:50<8:59:59,  1.36s/it]
Epoch 7: average [s/it]: 5.479044, current metric: 0.427739, best metric: 0.427739:   4%|▍         | 1119/25000 [2:10:52<8:58:04,  1.35s/it]
Epoch 7: average [s/it]: 5.479044, current metric: 0.427739, best metric: 0.427739:   4%|▍         | 1120/25000 [2:10:53<8:56:44,  1.35s/it]
Epoch 7: average [s/it]: 5.479044, current metric: 0.427739, best metric: 0.427739:   4%|▍         | 1121/25000 [2:10:54<8:55:48,  1.35s/it]
Epoch 7: average [s/it]: 5.479044, current metric: 0.427739, best metric: 0.427739:   4%|▍         | 1122/25000 [2:10:56<8:55:05,  1.34s/it]
Epoch 7: average [s/it]: 5.479044, current metric: 0.427739, best metric: 0.427739:   4%|▍         | 1123/25000 [2:10:57<8:54:32,  1.34s/it]
Epoch 7: average [s/it]: 5.479044, current metric: 0.427739, best metric: 0.427739:   4%|▍         | 1124/25000 [2:10:58<8:54:14,  1.34s/it]
Epoch 7: average [s/it]: 5.479044, current metric: 0.427739, best metric: 0.427739:   4%|▍         | 1125/25000 [2:12:48<224:50:19, 33.90s/it]
Epoch 7: average [s/it]: 5.479044, current metric: 0.427739, best metric: 0.427739:   5%|▍         | 1126/25000 [2:12:50<160:02:55, 24.13s/it]
Epoch 7: average [s/it]: 5.479044, current metric: 0.427739, best metric: 0.427739:   5%|▍         | 1127/25000 [2:12:51<114:41:51, 17.30s/it]
Epoch 7: average [s/it]: 5.479044, current metric: 0.427739, best metric: 0.427739:   5%|▍         | 1128/25000 [2:12:52<82:57:03, 12.51s/it] 
Epoch 7: average [s/it]: 5.479044, current metric: 0.427739, best metric: 0.427739:   5%|▍         | 1129/25000 [2:12:54<60:43:42,  9.16s/it]
Epoch 7: average [s/it]: 5.479044, current metric: 0.427739, best metric: 0.427739:   5%|▍         | 1130/25000 [2:12:55<45:10:35,  6.81s/it]
Epoch 7: average [s/it]: 5.479044, current metric: 0.427739, best metric: 0.427739:   5%|▍         | 1131/25000 [2:12:56<34:17:14,  5.17s/it]
Epoch 7: average [s/it]: 5.479044, current metric: 0.427739, best metric: 0.427739:   5%|▍         | 1132/25000 [2:12:58<26:40:03,  4.02s/it]
Epoch 7: average [s/it]: 5.479044, current metric: 0.427739, best metric: 0.427739:   5%|▍         | 1133/25000 [2:12:59<21:19:54,  3.22s/it]
Epoch 7: average [s/it]: 5.479044, current metric: 0.427739, best metric: 0.427739:   5%|▍         | 1134/25000 [2:13:00<17:35:48,  2.65s/it]
Epoch 7: average [s/it]: 5.479044, current metric: 0.427739, best metric: 0.427739:   5%|▍         | 1135/25000 [2:13:02<14:59:06,  2.26s/it]
Epoch 7: average [s/it]: 5.479044, current metric: 0.427739, best metric: 0.427739:   5%|▍         | 1136/25000 [2:13:03<13:09:18,  1.98s/it]
Epoch 7: average [s/it]: 5.479044, current metric: 0.427739, best metric: 0.427739:   5%|▍         | 1137/25000 [2:13:04<11:52:29,  1.79s/it]
Epoch 7: average [s/it]: 5.479044, current metric: 0.427739, best metric: 0.427739:   5%|▍         | 1138/25000 [2:13:06<10:58:40,  1.66s/it]
Epoch 7: average [s/it]: 5.479044, current metric: 0.427739, best metric: 0.427739:   5%|▍         | 1139/25000 [2:13:07<10:21:05,  1.56s/it]
Epoch 7: average [s/it]: 5.479044, current metric: 0.427739, best metric: 0.427739:   5%|▍         | 1140/25000 [2:13:08<9:54:41,  1.50s/it] 
Epoch 7: average [s/it]: 5.479044, current metric: 0.427739, best metric: 0.427739:   5%|▍         | 1141/25000 [2:13:58<106:19:35, 16.04s/it]
Epoch 7: average [s/it]: 5.479044, current metric: 0.427739, best metric: 0.427739:   5%|▍         | 1142/25000 [2:14:00<77:05:23, 11.63s/it] 
Epoch 7: average [s/it]: 5.479044, current metric: 0.427739, best metric: 0.427739:   5%|▍         | 1143/25000 [2:14:01<56:37:32,  8.54s/it]
Epoch 7: average [s/it]: 5.479044, current metric: 0.427739, best metric: 0.427739:   5%|▍         | 1144/25000 [2:14:02<42:18:05,  6.38s/it]
Epoch 7: average [s/it]: 5.479044, current metric: 0.427739, best metric: 0.427739:   5%|▍         | 1145/25000 [2:14:04<32:36:03,  4.92s/it]
Epoch 7: average [s/it]: 5.479044, current metric: 0.427739, best metric: 0.427739:   5%|▍         | 1146/25000 [2:14:05<25:28:59,  3.85s/it]
Epoch 7: average [s/it]: 5.479044, current metric: 0.427739, best metric: 0.427739:   5%|▍         | 1147/25000 [2:14:06<20:30:09,  3.09s/it]
Epoch 7: average [s/it]: 5.479044, current metric: 0.427739, best metric: 0.427739:   5%|▍         | 1148/25000 [2:14:08<17:00:51,  2.57s/it]
Epoch 7: average [s/it]: 5.479044, current metric: 0.427739, best metric: 0.427739:   5%|▍         | 1149/25000 [2:14:09<14:34:26,  2.20s/it]
Epoch 7: average [s/it]: 5.479044, current metric: 0.427739, best metric: 0.427739:   5%|▍         | 1150/25000 [2:14:11<12:51:53,  1.94s/it]
Epoch 7: average [s/it]: 5.479044, current metric: 0.427739, best metric: 0.427739:   5%|▍         | 1151/25000 [2:14:12<11:40:15,  1.76s/it]
Epoch 7: average [s/it]: 5.479044, current metric: 0.427739, best metric: 0.427739:   5%|▍         | 1152/25000 [2:14:13<10:49:59,  1.64s/it]
Epoch 7: average [s/it]: 5.479044, current metric: 0.427739, best metric: 0.427739:   5%|▍         | 1153/25000 [2:15:22<144:03:19, 21.75s/it]
Epoch 7: average [s/it]: 5.479044, current metric: 0.427739, best metric: 0.427739:   5%|▍         | 1154/25000 [2:15:23<103:30:12, 15.63s/it]
Epoch 7: average [s/it]: 5.479044, current metric: 0.427739, best metric: 0.427739:   5%|▍         | 1155/25000 [2:15:25<75:06:53, 11.34s/it] 
Epoch 7: average [s/it]: 5.479044, current metric: 0.427739, best metric: 0.427739:   5%|▍         | 1156/25000 [2:15:26<55:14:33,  8.34s/it]
Epoch 7: average [s/it]: 5.479044, current metric: 0.427739, best metric: 0.427739:   5%|▍         | 1157/25000 [2:15:27<41:19:57,  6.24s/it]
Epoch 7: average [s/it]: 5.479044, current metric: 0.427739, best metric: 0.427739:   5%|▍         | 1158/25000 [2:15:29<31:35:43,  4.77s/it]
Epoch 7: average [s/it]: 5.479044, current metric: 0.427739, best metric: 0.427739:   5%|▍         | 1159/25000 [2:15:30<24:46:47,  3.74s/it]
Epoch 7: average [s/it]: 5.479044, current metric: 0.427739, best metric: 0.427739:   5%|▍         | 1160/25000 [2:15:31<20:00:30,  3.02s/it]
Epoch 7: average [s/it]: 5.479044, current metric: 0.427739, best metric: 0.427739:   5%|▍         | 1161/25000 [2:15:33<16:40:14,  2.52s/it]
Epoch 7: average [s/it]: 5.479044, current metric: 0.427739, best metric: 0.427739:   5%|▍         | 1162/25000 [2:15:34<14:20:00,  2.16s/it]
Epoch 7: average [s/it]: 5.479044, current metric: 0.427739, best metric: 0.427739:   5%|▍         | 1163/25000 [2:15:35<12:41:52,  1.92s/it]
Epoch 7: average [s/it]: 5.479044, current metric: 0.427739, best metric: 0.427739:   5%|▍         | 1164/25000 [2:15:37<11:33:10,  1.74s/it]
Epoch 7: average [s/it]: 5.479044, current metric: 0.427739, best metric: 0.427739:   5%|▍         | 1165/25000 [2:15:38<10:45:16,  1.62s/it]
Epoch 7: average [s/it]: 5.479044, current metric: 0.427739, best metric: 0.427739:   5%|▍         | 1166/25000 [2:15:39<10:11:32,  1.54s/it]
Epoch 7: average [s/it]: 5.479044, current metric: 0.427739, best metric: 0.427739:   5%|▍         | 1167/25000 [2:15:41<9:48:04,  1.48s/it] 
Epoch 7: average [s/it]: 5.479044, current metric: 0.427739, best metric: 0.427739:   5%|▍         | 1168/25000 [2:15:42<9:31:36,  1.44s/it]
Epoch 7: average [s/it]: 5.479044, current metric: 0.427739, best metric: 0.427739:   5%|▍         | 1169/25000 [2:15:43<9:20:05,  1.41s/it]
Epoch 7: average [s/it]: 5.479044, current metric: 0.427739, best metric: 0.427739:   5%|▍         | 1170/25000 [2:15:45<9:14:31,  1.40s/it]
Epoch 7: average [s/it]: 5.479044, current metric: 0.427739, best metric: 0.427739:   5%|▍         | 1171/25000 [2:15:46<9:08:12,  1.38s/it]
Epoch 7: average [s/it]: 5.479044, current metric: 0.427739, best metric: 0.427739:   5%|▍         | 1172/25000 [2:15:47<9:03:40,  1.37s/it]
Epoch 7: average [s/it]: 5.479044, current metric: 0.427739, best metric: 0.427739:   5%|▍         | 1173/25000 [2:15:49<9:00:27,  1.36s/it]
Epoch 7: average [s/it]: 5.479044, current metric: 0.427739, best metric: 0.427739:   5%|▍         | 1174/25000 [2:15:50<8:58:08,  1.36s/it]
Epoch 7: average [s/it]: 5.479044, current metric: 0.427739, best metric: 0.427739:   5%|▍         | 1175/25000 [2:15:51<8:56:31,  1.35s/it]
Epoch 7: average [s/it]: 5.479044, current metric: 0.427739, best metric: 0.427739:   5%|▍         | 1176/25000 [2:15:53<8:55:30,  1.35s/it]
Epoch 7: average [s/it]: 5.479044, current metric: 0.427739, best metric: 0.427739:   5%|▍         | 1177/25000 [2:15:54<8:54:41,  1.35s/it]
Epoch 7: average [s/it]: 5.479044, current metric: 0.427739, best metric: 0.427739:   5%|▍         | 1178/25000 [2:15:55<8:54:11,  1.35s/it]
Epoch 7: average [s/it]: 5.479044, current metric: 0.427739, best metric: 0.427739:   5%|▍         | 1179/25000 [2:15:57<8:53:54,  1.34s/it]
Epoch 7: average [s/it]: 5.479044, current metric: 0.427739, best metric: 0.427739:   5%|▍         | 1180/25000 [2:15:58<8:53:36,  1.34s/it]
Epoch 7: average [s/it]: 5.479044, current metric: 0.427739, best metric: 0.427739:   5%|▍         | 1181/25000 [2:15:59<8:53:10,  1.34s/it]
Epoch 7: average [s/it]: 5.479044, current metric: 0.427739, best metric: 0.427739:   5%|▍         | 1182/25000 [2:16:01<8:53:12,  1.34s/it]
Epoch 7: average [s/it]: 5.479044, current metric: 0.427739, best metric: 0.427739:   5%|▍         | 1183/25000 [2:16:02<8:53:12,  1.34s/it]
Epoch 7: average [s/it]: 5.479044, current metric: 0.427739, best metric: 0.427739:   5%|▍         | 1184/25000 [2:16:03<8:53:04,  1.34s/it]
Epoch 7: average [s/it]: 5.479044, current metric: 0.427739, best metric: 0.427739:   5%|▍         | 1185/25000 [2:16:17<33:33:12,  5.07s/it]
Epoch 7: average [s/it]: 5.479044, current metric: 0.427739, best metric: 0.427739:   5%|▍         | 1186/25000 [2:16:19<26:09:20,  3.95s/it]
Epoch 7: average [s/it]: 5.479044, current metric: 0.427739, best metric: 0.427739:   5%|▍         | 1187/25000 [2:17:08<116:09:54, 17.56s/it]
Epoch 7: average [s/it]: 5.479044, current metric: 0.427739, best metric: 0.427739:   5%|▍         | 1188/25000 [2:17:09<83:58:31, 12.70s/it] 
Epoch 7: average [s/it]: 5.479044, current metric: 0.427739, best metric: 0.427739:   5%|▍         | 1189/25000 [2:17:11<61:26:28,  9.29s/it]
Epoch 7: average [s/it]: 5.479044, current metric: 0.427739, best metric: 0.427739:   5%|▍         | 1190/25000 [2:17:12<45:40:00,  6.90s/it]
Epoch 7: average [s/it]: 5.479044, current metric: 0.427739, best metric: 0.427739:   5%|▍         | 1191/25000 [2:17:13<34:37:35,  5.24s/it]
Epoch 7: average [s/it]: 5.479044, current metric: 0.427739, best metric: 0.427739:   5%|▍         | 1192/25000 [2:17:15<26:53:53,  4.07s/it]
Epoch 7: average [s/it]: 5.479044, current metric: 0.427739, best metric: 0.427739:   5%|▍         | 1193/25000 [2:17:16<21:29:42,  3.25s/it]
Epoch 7: average [s/it]: 5.479044, current metric: 0.427739, best metric: 0.427739:   5%|▍         | 1194/25000 [2:17:22<26:59:19,  4.08s/it]
Epoch 7: average [s/it]: 5.479044, current metric: 0.427739, best metric: 0.427739:   5%|▍         | 1195/25000 [2:17:23<21:32:56,  3.26s/it]
Epoch 7: average [s/it]: 5.479044, current metric: 0.427739, best metric: 0.427739:   5%|▍         | 1196/25000 [2:17:25<17:44:32,  2.68s/it]
Epoch 7: average [s/it]: 5.479044, current metric: 0.427739, best metric: 0.427739:   5%|▍         | 1197/25000 [2:17:53<67:42:47, 10.24s/it]
Epoch 7: average [s/it]: 5.479044, current metric: 0.427739, best metric: 0.427739:   5%|▍         | 1198/25000 [2:17:54<50:08:47,  7.58s/it]
Epoch 7: average [s/it]: 5.479044, current metric: 0.427739, best metric: 0.427739:   5%|▍         | 1199/25000 [2:17:55<37:45:24,  5.71s/it]
Epoch 7: average [s/it]: 5.479044, current metric: 0.427739, best metric: 0.427739:   5%|▍         | 1200/25000 [2:17:57<29:05:01,  4.40s/it]
Epoch 7: average [s/it]: 5.479044, current metric: 0.427739, best metric: 0.427739:   5%|▍         | 1201/25000 [2:17:58<23:49:54,  3.60s/it]
Epoch 7: average [s/it]: 5.479044, current metric: 0.427739, best metric: 0.427739:   5%|▍         | 1202/25000 [2:18:20<59:28:20,  9.00s/it]
Epoch 7: average [s/it]: 5.479044, current metric: 0.427739, best metric: 0.427739:   5%|▍         | 1203/25000 [2:18:21<44:17:07,  6.70s/it]
Epoch 7: average [s/it]: 5.479044, current metric: 0.427739, best metric: 0.427739:   5%|▍         | 1204/25000 [2:18:23<33:39:26,  5.09s/it]
Epoch 7: average [s/it]: 5.479044, current metric: 0.427739, best metric: 0.427739:   5%|▍         | 1205/25000 [2:18:45<67:46:15, 10.25s/it]
Epoch 7: average [s/it]: 5.479044, current metric: 0.427739, best metric: 0.427739:   5%|▍         | 1206/25000 [2:18:46<50:05:40,  7.58s/it]
Epoch 7: average [s/it]: 5.479044, current metric: 0.427739, best metric: 0.427739:   5%|▍         | 1207/25000 [2:18:48<37:43:12,  5.71s/it]
Epoch 7: average [s/it]: 5.479044, current metric: 0.427739, best metric: 0.427739:   5%|▍         | 1208/25000 [2:18:49<29:03:37,  4.40s/it]
Epoch 7: average [s/it]: 5.479044, current metric: 0.427739, best metric: 0.427739:   5%|▍         | 1209/25000 [2:19:21<84:32:52, 12.79s/it]
Epoch 7: average [s/it]: 5.479044, current metric: 0.427739, best metric: 0.427739:   5%|▍         | 1210/25000 [2:19:23<61:50:12,  9.36s/it]
Epoch 7: average [s/it]: 5.479044, current metric: 0.427739, best metric: 0.427739:   5%|▍         | 1211/25000 [2:19:24<45:56:26,  6.95s/it]
Epoch 7: average [s/it]: 5.479044, current metric: 0.427739, best metric: 0.427739:   5%|▍         | 1212/25000 [2:19:25<34:48:51,  5.27s/it]
Epoch 7: average [s/it]: 5.479044, current metric: 0.427739, best metric: 0.427739:   5%|▍         | 1213/25000 [2:19:27<27:01:26,  4.09s/it]
Epoch 7: average [s/it]: 5.479044, current metric: 0.427739, best metric: 0.427739:   5%|▍         | 1214/25000 [2:19:28<21:34:12,  3.26s/it]
Epoch 7: average [s/it]: 5.479044, current metric: 0.427739, best metric: 0.427739:   5%|▍         | 1215/25000 [2:19:29<17:45:08,  2.69s/it]
Epoch 7: average [s/it]: 5.479044, current metric: 0.427739, best metric: 0.427739:   5%|▍         | 1216/25000 [2:19:31<15:04:46,  2.28s/it]
Epoch 7: average [s/it]: 5.479044, current metric: 0.427739, best metric: 0.427739:   5%|▍         | 1217/25000 [2:19:32<13:12:41,  2.00s/it]
Epoch 7: average [s/it]: 5.479044, current metric: 0.427739, best metric: 0.427739:   5%|▍         | 1218/25000 [2:19:33<11:54:10,  1.80s/it]
Epoch 7: average [s/it]: 5.479044, current metric: 0.427739, best metric: 0.427739:   5%|▍         | 1219/25000 [2:19:35<10:59:12,  1.66s/it]
Epoch 7: average [s/it]: 5.479044, current metric: 0.427739, best metric: 0.427739:   5%|▍         | 1220/25000 [2:19:36<10:20:44,  1.57s/it]
Epoch 7: average [s/it]: 5.479044, current metric: 0.427739, best metric: 0.427739:   5%|▍         | 1221/25000 [2:20:21<96:57:48, 14.68s/it]
Epoch 7: average [s/it]: 5.479044, current metric: 0.427739, best metric: 0.427739:   5%|▍         | 1222/25000 [2:20:23<70:31:34, 10.68s/it]
Epoch 7: average [s/it]: 5.479044, current metric: 0.427739, best metric: 0.427739:   5%|▍         | 1223/25000 [2:20:24<52:01:26,  7.88s/it]
Epoch 7: average [s/it]: 5.479044, current metric: 0.427739, best metric: 0.427739:   5%|▍         | 1224/25000 [2:20:25<39:04:07,  5.92s/it]
Epoch 8: average [s/it]: 5.664289, current metric: 0.414305, best metric: 0.414305:   5%|▍         | 1224/25000 [2:25:38<39:04:07,  5.92s/it]
Epoch 8: average [s/it]: 5.664289, current metric: 0.414305, best metric: 0.414305:   5%|▍         | 1225/25000 [2:26:24<738:33:57, 111.83s/it]
Epoch 8: average [s/it]: 5.664289, current metric: 0.414305, best metric: 0.414305:   5%|▍         | 1226/25000 [2:26:26<519:38:00, 78.69s/it] 
Epoch 8: average [s/it]: 5.664289, current metric: 0.414305, best metric: 0.414305:   5%|▍         | 1227/25000 [2:26:51<412:58:44, 62.54s/it]
Epoch 8: average [s/it]: 5.664289, current metric: 0.414305, best metric: 0.414305:   5%|▍         | 1228/25000 [2:26:52<291:52:57, 44.20s/it]
Epoch 8: average [s/it]: 5.664289, current metric: 0.414305, best metric: 0.414305:   5%|▍         | 1229/25000 [2:27:02<224:31:49, 34.00s/it]
Epoch 8: average [s/it]: 5.664289, current metric: 0.414305, best metric: 0.414305:   5%|▍         | 1230/25000 [2:27:04<159:49:31, 24.21s/it]
Epoch 8: average [s/it]: 5.664289, current metric: 0.414305, best metric: 0.414305:   5%|▍         | 1231/25000 [2:28:20<262:57:31, 39.83s/it]
Epoch 8: average [s/it]: 5.664289, current metric: 0.414305, best metric: 0.414305:   5%|▍         | 1232/25000 [2:28:21<186:43:05, 28.28s/it]
Epoch 8: average [s/it]: 5.664289, current metric: 0.414305, best metric: 0.414305:   5%|▍         | 1233/25000 [2:28:22<133:20:58, 20.20s/it]
Epoch 8: average [s/it]: 5.664289, current metric: 0.414305, best metric: 0.414305:   5%|▍         | 1234/25000 [2:28:24<95:59:37, 14.54s/it] 
Epoch 8: average [s/it]: 5.664289, current metric: 0.414305, best metric: 0.414305:   5%|▍         | 1235/25000 [2:28:25<69:50:49, 10.58s/it]
Epoch 8: average [s/it]: 5.664289, current metric: 0.414305, best metric: 0.414305:   5%|▍         | 1236/25000 [2:28:26<51:32:30,  7.81s/it]
Epoch 8: average [s/it]: 5.664289, current metric: 0.414305, best metric: 0.414305:   5%|▍         | 1237/25000 [2:28:28<38:43:56,  5.87s/it]
Epoch 8: average [s/it]: 5.664289, current metric: 0.414305, best metric: 0.414305:   5%|▍         | 1238/25000 [2:28:29<29:46:00,  4.51s/it]
Epoch 8: average [s/it]: 5.664289, current metric: 0.414305, best metric: 0.414305:   5%|▍         | 1239/25000 [2:28:30<23:29:18,  3.56s/it]
Epoch 8: average [s/it]: 5.664289, current metric: 0.414305, best metric: 0.414305:   5%|▍         | 1240/25000 [2:28:32<19:05:49,  2.89s/it]
Epoch 8: average [s/it]: 5.664289, current metric: 0.414305, best metric: 0.414305:   5%|▍         | 1241/25000 [2:28:33<16:01:13,  2.43s/it]
Epoch 8: average [s/it]: 5.664289, current metric: 0.414305, best metric: 0.414305:   5%|▍         | 1242/25000 [2:28:35<13:52:02,  2.10s/it]
Epoch 8: average [s/it]: 5.664289, current metric: 0.414305, best metric: 0.414305:   5%|▍         | 1243/25000 [2:28:57<54:06:24,  8.20s/it]
Epoch 8: average [s/it]: 5.664289, current metric: 0.414305, best metric: 0.414305:   5%|▍         | 1244/25000 [2:28:58<40:31:49,  6.14s/it]
Epoch 8: average [s/it]: 5.664289, current metric: 0.414305, best metric: 0.414305:   5%|▍         | 1245/25000 [2:29:00<31:34:28,  4.79s/it]
Epoch 8: average [s/it]: 5.664289, current metric: 0.414305, best metric: 0.414305:   5%|▍         | 1246/25000 [2:29:01<24:49:58,  3.76s/it]
Epoch 8: average [s/it]: 5.664289, current metric: 0.414305, best metric: 0.414305:   5%|▍         | 1247/25000 [2:29:03<20:02:20,  3.04s/it]
Epoch 8: average [s/it]: 5.664289, current metric: 0.414305, best metric: 0.414305:   5%|▍         | 1248/25000 [2:29:04<16:41:08,  2.53s/it]
Epoch 8: average [s/it]: 5.664289, current metric: 0.414305, best metric: 0.414305:   5%|▍         | 1249/25000 [2:29:05<14:20:11,  2.17s/it]
Epoch 8: average [s/it]: 5.664289, current metric: 0.414305, best metric: 0.414305:   5%|▌         | 1250/25000 [2:29:07<12:41:26,  1.92s/it]
Epoch 8: average [s/it]: 5.664289, current metric: 0.414305, best metric: 0.414305:   5%|▌         | 1251/25000 [2:29:08<12:13:50,  1.85s/it]
Epoch 8: average [s/it]: 5.664289, current metric: 0.414305, best metric: 0.414305:   5%|▌         | 1252/25000 [2:29:10<11:13:07,  1.70s/it]
Epoch 8: average [s/it]: 5.664289, current metric: 0.414305, best metric: 0.414305:   5%|▌         | 1253/25000 [2:29:33<53:28:00,  8.11s/it]
Epoch 8: average [s/it]: 5.664289, current metric: 0.414305, best metric: 0.414305:   5%|▌         | 1254/25000 [2:29:34<40:04:48,  6.08s/it]
Epoch 8: average [s/it]: 5.664289, current metric: 0.414305, best metric: 0.414305:   5%|▌         | 1255/25000 [2:29:35<30:42:25,  4.66s/it]
Epoch 8: average [s/it]: 5.664289, current metric: 0.414305, best metric: 0.414305:   5%|▌         | 1256/25000 [2:29:37<24:08:53,  3.66s/it]
Epoch 8: average [s/it]: 5.664289, current metric: 0.414305, best metric: 0.414305:   5%|▌         | 1257/25000 [2:29:38<19:33:38,  2.97s/it]
Epoch 8: average [s/it]: 5.664289, current metric: 0.414305, best metric: 0.414305:   5%|▌         | 1258/25000 [2:29:39<16:20:45,  2.48s/it]
Epoch 8: average [s/it]: 5.664289, current metric: 0.414305, best metric: 0.414305:   5%|▌         | 1259/25000 [2:30:48<146:38:55, 22.24s/it]
Epoch 8: average [s/it]: 5.664289, current metric: 0.414305, best metric: 0.414305:   5%|▌         | 1260/25000 [2:30:49<105:18:17, 15.97s/it]
Epoch 8: average [s/it]: 5.664289, current metric: 0.414305, best metric: 0.414305:   5%|▌         | 1261/25000 [2:30:50<76:21:47, 11.58s/it] 
Epoch 8: average [s/it]: 5.664289, current metric: 0.414305, best metric: 0.414305:   5%|▌         | 1262/25000 [2:30:52<56:06:13,  8.51s/it]
Epoch 8: average [s/it]: 5.664289, current metric: 0.414305, best metric: 0.414305:   5%|▌         | 1263/25000 [2:30:53<41:55:30,  6.36s/it]
Epoch 8: average [s/it]: 5.664289, current metric: 0.414305, best metric: 0.414305:   5%|▌         | 1264/25000 [2:30:54<31:59:45,  4.85s/it]
Epoch 8: average [s/it]: 5.664289, current metric: 0.414305, best metric: 0.414305:   5%|▌         | 1265/25000 [2:30:56<25:02:34,  3.80s/it]
Epoch 8: average [s/it]: 5.664289, current metric: 0.414305, best metric: 0.414305:   5%|▌         | 1266/25000 [2:30:57<20:10:50,  3.06s/it]
Epoch 8: average [s/it]: 5.664289, current metric: 0.414305, best metric: 0.414305:   5%|▌         | 1267/25000 [2:30:59<16:46:33,  2.54s/it]
Epoch 8: average [s/it]: 5.664289, current metric: 0.414305, best metric: 0.414305:   5%|▌         | 1268/25000 [2:31:00<14:23:32,  2.18s/it]
Epoch 8: average [s/it]: 5.664289, current metric: 0.414305, best metric: 0.414305:   5%|▌         | 1269/25000 [2:31:01<12:43:26,  1.93s/it]
Epoch 8: average [s/it]: 5.664289, current metric: 0.414305, best metric: 0.414305:   5%|▌         | 1270/25000 [2:31:03<11:33:30,  1.75s/it]
Epoch 8: average [s/it]: 5.664289, current metric: 0.414305, best metric: 0.414305:   5%|▌         | 1271/25000 [2:31:04<10:44:17,  1.63s/it]
Epoch 8: average [s/it]: 5.664289, current metric: 0.414305, best metric: 0.414305:   5%|▌         | 1272/25000 [2:31:05<10:09:55,  1.54s/it]
Epoch 8: average [s/it]: 5.664289, current metric: 0.414305, best metric: 0.414305:   5%|▌         | 1273/25000 [2:31:07<9:45:55,  1.48s/it] 
Epoch 8: average [s/it]: 5.664289, current metric: 0.414305, best metric: 0.414305:   5%|▌         | 1274/25000 [2:31:08<9:29:05,  1.44s/it]
Epoch 8: average [s/it]: 5.664289, current metric: 0.414305, best metric: 0.414305:   5%|▌         | 1275/25000 [2:31:12<14:11:14,  2.15s/it]
Epoch 8: average [s/it]: 5.664289, current metric: 0.414305, best metric: 0.414305:   5%|▌         | 1276/25000 [2:31:13<12:34:50,  1.91s/it]
Epoch 8: average [s/it]: 5.664289, current metric: 0.414305, best metric: 0.414305:   5%|▌         | 1277/25000 [2:31:24<29:35:41,  4.49s/it]
Epoch 8: average [s/it]: 5.664289, current metric: 0.414305, best metric: 0.414305:   5%|▌         | 1278/25000 [2:31:25<23:22:02,  3.55s/it]
Epoch 8: average [s/it]: 5.664289, current metric: 0.414305, best metric: 0.414305:   5%|▌         | 1279/25000 [2:31:26<19:00:11,  2.88s/it]
Epoch 8: average [s/it]: 5.664289, current metric: 0.414305, best metric: 0.414305:   5%|▌         | 1280/25000 [2:31:28<15:57:00,  2.42s/it]
Epoch 8: average [s/it]: 5.664289, current metric: 0.414305, best metric: 0.414305:   5%|▌         | 1281/25000 [2:31:29<14:01:42,  2.13s/it]
Epoch 8: average [s/it]: 5.664289, current metric: 0.414305, best metric: 0.414305:   5%|▌         | 1282/25000 [2:31:30<12:28:09,  1.89s/it]
Epoch 8: average [s/it]: 5.664289, current metric: 0.414305, best metric: 0.414305:   5%|▌         | 1283/25000 [2:31:32<11:22:39,  1.73s/it]
Epoch 8: average [s/it]: 5.664289, current metric: 0.414305, best metric: 0.414305:   5%|▌         | 1284/25000 [2:31:33<10:36:43,  1.61s/it]
Epoch 8: average [s/it]: 5.664289, current metric: 0.414305, best metric: 0.414305:   5%|▌         | 1285/25000 [2:31:34<10:04:38,  1.53s/it]
Epoch 8: average [s/it]: 5.664289, current metric: 0.414305, best metric: 0.414305:   5%|▌         | 1286/25000 [2:31:52<42:00:37,  6.38s/it]
Epoch 8: average [s/it]: 5.664289, current metric: 0.414305, best metric: 0.414305:   5%|▌         | 1287/25000 [2:31:53<32:03:26,  4.87s/it]
Epoch 8: average [s/it]: 5.664289, current metric: 0.414305, best metric: 0.414305:   5%|▌         | 1288/25000 [2:31:55<25:05:22,  3.81s/it]
Epoch 8: average [s/it]: 5.664289, current metric: 0.414305, best metric: 0.414305:   5%|▌         | 1289/25000 [2:31:56<20:12:31,  3.07s/it]
Epoch 8: average [s/it]: 5.664289, current metric: 0.414305, best metric: 0.414305:   5%|▌         | 1290/25000 [2:31:57<16:47:38,  2.55s/it]
Epoch 8: average [s/it]: 5.664289, current metric: 0.414305, best metric: 0.414305:   5%|▌         | 1291/25000 [2:32:16<48:25:59,  7.35s/it]
Epoch 8: average [s/it]: 5.664289, current metric: 0.414305, best metric: 0.414305:   5%|▌         | 1292/25000 [2:32:26<54:32:11,  8.28s/it]
Epoch 8: average [s/it]: 5.664289, current metric: 0.414305, best metric: 0.414305:   5%|▌         | 1293/25000 [2:32:29<43:03:03,  6.54s/it]
Epoch 8: average [s/it]: 5.664289, current metric: 0.414305, best metric: 0.414305:   5%|▌         | 1294/25000 [2:32:30<32:47:02,  4.98s/it]
Epoch 8: average [s/it]: 5.664289, current metric: 0.414305, best metric: 0.414305:   5%|▌         | 1295/25000 [2:32:32<25:35:42,  3.89s/it]
Epoch 8: average [s/it]: 5.664289, current metric: 0.414305, best metric: 0.414305:   5%|▌         | 1296/25000 [2:32:33<20:33:48,  3.12s/it]
Epoch 8: average [s/it]: 5.664289, current metric: 0.414305, best metric: 0.414305:   5%|▌         | 1297/25000 [2:32:34<17:02:33,  2.59s/it]
Epoch 8: average [s/it]: 5.664289, current metric: 0.414305, best metric: 0.414305:   5%|▌         | 1298/25000 [2:32:36<14:34:38,  2.21s/it]
Epoch 8: average [s/it]: 5.664289, current metric: 0.414305, best metric: 0.414305:   5%|▌         | 1299/25000 [2:33:01<61:16:20,  9.31s/it]
Epoch 8: average [s/it]: 5.664289, current metric: 0.414305, best metric: 0.414305:   5%|▌         | 1300/25000 [2:33:03<45:57:44,  6.98s/it]
Epoch 8: average [s/it]: 5.664289, current metric: 0.414305, best metric: 0.414305:   5%|▌         | 1301/25000 [2:33:05<35:53:49,  5.45s/it]
Epoch 8: average [s/it]: 5.664289, current metric: 0.414305, best metric: 0.414305:   5%|▌         | 1302/25000 [2:33:30<73:50:47, 11.22s/it]
Epoch 8: average [s/it]: 5.664289, current metric: 0.414305, best metric: 0.414305:   5%|▌         | 1303/25000 [2:33:31<54:20:32,  8.26s/it]
Epoch 8: average [s/it]: 5.664289, current metric: 0.414305, best metric: 0.414305:   5%|▌         | 1304/25000 [2:33:32<40:41:08,  6.18s/it]
Epoch 8: average [s/it]: 5.664289, current metric: 0.414305, best metric: 0.414305:   5%|▌         | 1305/25000 [2:33:34<31:07:34,  4.73s/it]
Epoch 8: average [s/it]: 5.664289, current metric: 0.414305, best metric: 0.414305:   5%|▌         | 1306/25000 [2:33:35<24:26:01,  3.71s/it]
Epoch 8: average [s/it]: 5.664289, current metric: 0.414305, best metric: 0.414305:   5%|▌         | 1307/25000 [2:33:36<19:44:55,  3.00s/it]
Epoch 8: average [s/it]: 5.664289, current metric: 0.414305, best metric: 0.414305:   5%|▌         | 1308/25000 [2:33:45<30:09:19,  4.58s/it]
Epoch 8: average [s/it]: 5.664289, current metric: 0.414305, best metric: 0.414305:   5%|▌         | 1309/25000 [2:34:59<167:13:00, 25.41s/it]
Epoch 8: average [s/it]: 5.664289, current metric: 0.414305, best metric: 0.414305:   5%|▌         | 1310/25000 [2:35:00<119:42:45, 18.19s/it]
Epoch 8: average [s/it]: 5.664289, current metric: 0.414305, best metric: 0.414305:   5%|▌         | 1311/25000 [2:35:01<86:26:19, 13.14s/it] 
Epoch 8: average [s/it]: 5.664289, current metric: 0.414305, best metric: 0.414305:   5%|▌         | 1312/25000 [2:35:03<63:08:56,  9.60s/it]
Epoch 8: average [s/it]: 5.664289, current metric: 0.414305, best metric: 0.414305:   5%|▌         | 1313/25000 [2:35:04<46:50:46,  7.12s/it]
Epoch 8: average [s/it]: 5.664289, current metric: 0.414305, best metric: 0.414305:   5%|▌         | 1314/25000 [2:35:05<35:26:09,  5.39s/it]
Epoch 8: average [s/it]: 5.664289, current metric: 0.414305, best metric: 0.414305:   5%|▌         | 1315/25000 [2:35:28<69:39:58, 10.59s/it]
Epoch 8: average [s/it]: 5.664289, current metric: 0.414305, best metric: 0.414305:   5%|▌         | 1316/25000 [2:35:29<51:24:41,  7.81s/it]
Epoch 8: average [s/it]: 5.664289, current metric: 0.414305, best metric: 0.414305:   5%|▌         | 1317/25000 [2:35:31<38:37:54,  5.87s/it]
Epoch 8: average [s/it]: 5.664289, current metric: 0.414305, best metric: 0.414305:   5%|▌         | 1318/25000 [2:35:32<29:47:35,  4.53s/it]
Epoch 8: average [s/it]: 5.664289, current metric: 0.414305, best metric: 0.414305:   5%|▌         | 1319/25000 [2:35:33<23:30:10,  3.57s/it]
Epoch 8: average [s/it]: 5.664289, current metric: 0.414305, best metric: 0.414305:   5%|▌         | 1320/25000 [2:35:35<19:05:49,  2.90s/it]
Epoch 8: average [s/it]: 5.664289, current metric: 0.414305, best metric: 0.414305:   5%|▌         | 1321/25000 [2:35:36<16:00:42,  2.43s/it]
Epoch 8: average [s/it]: 5.664289, current metric: 0.414305, best metric: 0.414305:   5%|▌         | 1322/25000 [2:35:37<13:51:15,  2.11s/it]
Epoch 8: average [s/it]: 5.664289, current metric: 0.414305, best metric: 0.414305:   5%|▌         | 1323/25000 [2:35:39<12:20:35,  1.88s/it]
Epoch 8: average [s/it]: 5.664289, current metric: 0.414305, best metric: 0.414305:   5%|▌         | 1324/25000 [2:35:40<11:17:05,  1.72s/it]
Epoch 8: average [s/it]: 5.664289, current metric: 0.414305, best metric: 0.414305:   5%|▌         | 1325/25000 [2:35:41<10:32:37,  1.60s/it]
Epoch 8: average [s/it]: 5.664289, current metric: 0.414305, best metric: 0.414305:   5%|▌         | 1326/25000 [2:35:43<10:01:31,  1.52s/it]
Epoch 8: average [s/it]: 5.664289, current metric: 0.414305, best metric: 0.414305:   5%|▌         | 1327/25000 [2:35:44<9:39:44,  1.47s/it] 
Epoch 8: average [s/it]: 5.664289, current metric: 0.414305, best metric: 0.414305:   5%|▌         | 1328/25000 [2:35:46<9:24:26,  1.43s/it]
Epoch 8: average [s/it]: 5.664289, current metric: 0.414305, best metric: 0.414305:   5%|▌         | 1329/25000 [2:35:47<9:13:39,  1.40s/it]
Epoch 8: average [s/it]: 5.664289, current metric: 0.414305, best metric: 0.414305:   5%|▌         | 1330/25000 [2:35:48<9:06:08,  1.38s/it]
Epoch 8: average [s/it]: 5.664289, current metric: 0.414305, best metric: 0.414305:   5%|▌         | 1331/25000 [2:36:50<127:54:23, 19.45s/it]
Epoch 8: average [s/it]: 5.664289, current metric: 0.414305, best metric: 0.414305:   5%|▌         | 1332/25000 [2:36:51<92:10:35, 14.02s/it] 
Epoch 8: average [s/it]: 5.664289, current metric: 0.414305, best metric: 0.414305:   5%|▌         | 1333/25000 [2:36:52<67:09:51, 10.22s/it]
Epoch 8: average [s/it]: 5.664289, current metric: 0.414305, best metric: 0.414305:   5%|▌         | 1334/25000 [2:36:54<49:39:32,  7.55s/it]
Epoch 8: average [s/it]: 5.664289, current metric: 0.414305, best metric: 0.414305:   5%|▌         | 1335/25000 [2:36:55<37:24:10,  5.69s/it]
Epoch 8: average [s/it]: 5.664289, current metric: 0.414305, best metric: 0.414305:   5%|▌         | 1336/25000 [2:36:57<28:49:24,  4.38s/it]
Epoch 8: average [s/it]: 5.664289, current metric: 0.414305, best metric: 0.414305:   5%|▌         | 1337/25000 [2:36:58<22:49:04,  3.47s/it]
Epoch 8: average [s/it]: 5.664289, current metric: 0.414305, best metric: 0.414305:   5%|▌         | 1338/25000 [2:36:59<18:37:01,  2.83s/it]
Epoch 8: average [s/it]: 5.664289, current metric: 0.414305, best metric: 0.414305:   5%|▌         | 1339/25000 [2:37:01<15:40:32,  2.39s/it]
Epoch 8: average [s/it]: 5.664289, current metric: 0.414305, best metric: 0.414305:   5%|▌         | 1340/25000 [2:37:02<13:36:57,  2.07s/it]
Epoch 8: average [s/it]: 5.664289, current metric: 0.414305, best metric: 0.414305:   5%|▌         | 1341/25000 [2:37:03<12:10:29,  1.85s/it]
Epoch 8: average [s/it]: 5.664289, current metric: 0.414305, best metric: 0.414305:   5%|▌         | 1342/25000 [2:37:05<11:09:47,  1.70s/it]
Epoch 8: average [s/it]: 5.664289, current metric: 0.414305, best metric: 0.414305:   5%|▌         | 1343/25000 [2:37:06<10:27:26,  1.59s/it]
Epoch 8: average [s/it]: 5.664289, current metric: 0.414305, best metric: 0.414305:   5%|▌         | 1344/25000 [2:37:07<9:57:55,  1.52s/it] 
Epoch 8: average [s/it]: 5.664289, current metric: 0.414305, best metric: 0.414305:   5%|▌         | 1345/25000 [2:37:09<9:37:08,  1.46s/it]
Epoch 8: average [s/it]: 5.664289, current metric: 0.414305, best metric: 0.414305:   5%|▌         | 1346/25000 [2:37:41<71:09:35, 10.83s/it]
Epoch 8: average [s/it]: 5.664289, current metric: 0.414305, best metric: 0.414305:   5%|▌         | 1347/25000 [2:37:51<69:59:24, 10.65s/it]
Epoch 8: average [s/it]: 5.664289, current metric: 0.414305, best metric: 0.414305:   5%|▌         | 1348/25000 [2:37:53<51:38:12,  7.86s/it]
Epoch 8: average [s/it]: 5.664289, current metric: 0.414305, best metric: 0.414305:   5%|▌         | 1349/25000 [2:37:54<38:47:05,  5.90s/it]
Epoch 8: average [s/it]: 5.664289, current metric: 0.414305, best metric: 0.414305:   5%|▌         | 1350/25000 [2:37:56<29:47:14,  4.53s/it]
Epoch 8: average [s/it]: 5.664289, current metric: 0.414305, best metric: 0.414305:   5%|▌         | 1351/25000 [2:37:57<23:29:18,  3.58s/it]
Epoch 8: average [s/it]: 5.664289, current metric: 0.414305, best metric: 0.414305:   5%|▌         | 1352/25000 [2:38:06<35:07:33,  5.35s/it]
Epoch 8: average [s/it]: 5.664289, current metric: 0.414305, best metric: 0.414305:   5%|▌         | 1353/25000 [2:38:08<27:13:47,  4.15s/it]
Epoch 8: average [s/it]: 5.664289, current metric: 0.414305, best metric: 0.414305:   5%|▌         | 1354/25000 [2:38:09<21:41:58,  3.30s/it]
Epoch 8: average [s/it]: 5.664289, current metric: 0.414305, best metric: 0.414305:   5%|▌         | 1355/25000 [2:38:10<17:49:44,  2.71s/it]
Epoch 8: average [s/it]: 5.664289, current metric: 0.414305, best metric: 0.414305:   5%|▌         | 1356/25000 [2:38:12<15:07:12,  2.30s/it]
Epoch 8: average [s/it]: 5.664289, current metric: 0.414305, best metric: 0.414305:   5%|▌         | 1357/25000 [2:38:30<47:11:30,  7.19s/it]
Epoch 8: average [s/it]: 5.664289, current metric: 0.414305, best metric: 0.414305:   5%|▌         | 1358/25000 [2:38:32<35:40:24,  5.43s/it]
Epoch 8: average [s/it]: 5.664289, current metric: 0.414305, best metric: 0.414305:   5%|▌         | 1359/25000 [2:38:33<27:36:35,  4.20s/it]
Epoch 8: average [s/it]: 5.664289, current metric: 0.414305, best metric: 0.414305:   5%|▌         | 1360/25000 [2:38:34<21:57:48,  3.34s/it]
Epoch 8: average [s/it]: 5.664289, current metric: 0.414305, best metric: 0.414305:   5%|▌         | 1361/25000 [2:38:36<18:00:43,  2.74s/it]
Epoch 8: average [s/it]: 5.664289, current metric: 0.414305, best metric: 0.414305:   5%|▌         | 1362/25000 [2:38:37<15:14:40,  2.32s/it]
Epoch 8: average [s/it]: 5.664289, current metric: 0.414305, best metric: 0.414305:   5%|▌         | 1363/25000 [2:39:03<61:00:03,  9.29s/it]
Epoch 8: average [s/it]: 5.664289, current metric: 0.414305, best metric: 0.414305:   5%|▌         | 1364/25000 [2:39:04<45:20:13,  6.91s/it]
Epoch 8: average [s/it]: 5.664289, current metric: 0.414305, best metric: 0.414305:   5%|▌         | 1365/25000 [2:39:05<34:22:23,  5.24s/it]
Epoch 8: average [s/it]: 5.664289, current metric: 0.414305, best metric: 0.414305:   5%|▌         | 1366/25000 [2:39:07<26:42:01,  4.07s/it]
Epoch 8: average [s/it]: 5.664289, current metric: 0.414305, best metric: 0.414305:   5%|▌         | 1367/25000 [2:39:08<21:19:37,  3.25s/it]
Epoch 8: average [s/it]: 5.664289, current metric: 0.414305, best metric: 0.414305:   5%|▌         | 1368/25000 [2:39:09<17:33:57,  2.68s/it]
Epoch 8: average [s/it]: 5.664289, current metric: 0.414305, best metric: 0.414305:   5%|▌         | 1369/25000 [2:39:11<14:55:58,  2.27s/it]
Epoch 8: average [s/it]: 5.664289, current metric: 0.414305, best metric: 0.414305:   5%|▌         | 1370/25000 [2:39:12<13:05:21,  1.99s/it]
Epoch 8: average [s/it]: 5.664289, current metric: 0.414305, best metric: 0.414305:   5%|▌         | 1371/25000 [2:39:53<90:37:43, 13.81s/it]
Epoch 8: average [s/it]: 5.664289, current metric: 0.414305, best metric: 0.414305:   5%|▌         | 1372/25000 [2:39:55<66:04:31, 10.07s/it]
Epoch 8: average [s/it]: 5.664289, current metric: 0.414305, best metric: 0.414305:   5%|▌         | 1373/25000 [2:40:02<59:55:33,  9.13s/it]
Epoch 8: average [s/it]: 5.664289, current metric: 0.414305, best metric: 0.414305:   5%|▌         | 1374/25000 [2:40:03<44:35:05,  6.79s/it]
Epoch 8: average [s/it]: 5.664289, current metric: 0.414305, best metric: 0.414305:   6%|▌         | 1375/25000 [2:40:04<33:50:39,  5.16s/it]
Epoch 8: average [s/it]: 5.664289, current metric: 0.414305, best metric: 0.414305:   6%|▌         | 1376/25000 [2:40:06<26:19:31,  4.01s/it]
Epoch 8: average [s/it]: 5.664289, current metric: 0.414305, best metric: 0.414305:   6%|▌         | 1377/25000 [2:40:07<21:03:43,  3.21s/it]
Epoch 9: average [s/it]: 5.681010, current metric: 0.433806, best metric: 0.414305:   6%|▌         | 1377/25000 [2:44:48<21:03:43,  3.21s/it]
Epoch 9: average [s/it]: 5.681010, current metric: 0.433806, best metric: 0.414305:   6%|▌         | 1378/25000 [2:46:03<715:09:06, 108.99s/it]
Epoch 9: average [s/it]: 5.681010, current metric: 0.433806, best metric: 0.414305:   6%|▌         | 1379/25000 [2:46:04<503:38:23, 76.76s/it] 
Epoch 9: average [s/it]: 5.681010, current metric: 0.433806, best metric: 0.414305:   6%|▌         | 1380/25000 [2:46:59<461:06:00, 70.28s/it]
Epoch 9: average [s/it]: 5.681010, current metric: 0.433806, best metric: 0.414305:   6%|▌         | 1381/25000 [2:47:01<325:23:45, 49.60s/it]
Epoch 9: average [s/it]: 5.681010, current metric: 0.433806, best metric: 0.414305:   6%|▌         | 1382/25000 [2:47:02<230:24:22, 35.12s/it]
Epoch 9: average [s/it]: 5.681010, current metric: 0.433806, best metric: 0.414305:   6%|▌         | 1383/25000 [2:47:03<163:54:49, 24.99s/it]
Epoch 9: average [s/it]: 5.681010, current metric: 0.433806, best metric: 0.414305:   6%|▌         | 1384/25000 [2:47:05<117:22:14, 17.89s/it]
Epoch 9: average [s/it]: 5.681010, current metric: 0.433806, best metric: 0.414305:   6%|▌         | 1385/25000 [2:47:06<84:47:33, 12.93s/it] 
Epoch 9: average [s/it]: 5.681010, current metric: 0.433806, best metric: 0.414305:   6%|▌         | 1386/25000 [2:47:07<61:59:11,  9.45s/it]
Epoch 9: average [s/it]: 5.681010, current metric: 0.433806, best metric: 0.414305:   6%|▌         | 1387/25000 [2:47:09<46:01:29,  7.02s/it]
Epoch 9: average [s/it]: 5.681010, current metric: 0.433806, best metric: 0.414305:   6%|▌         | 1388/25000 [2:47:10<34:51:00,  5.31s/it]
Epoch 9: average [s/it]: 5.681010, current metric: 0.433806, best metric: 0.414305:   6%|▌         | 1389/25000 [2:47:11<27:01:56,  4.12s/it]
Epoch 9: average [s/it]: 5.681010, current metric: 0.433806, best metric: 0.414305:   6%|▌         | 1390/25000 [2:47:13<21:33:24,  3.29s/it]
Epoch 9: average [s/it]: 5.681010, current metric: 0.433806, best metric: 0.414305:   6%|▌         | 1391/25000 [2:47:14<17:43:24,  2.70s/it]
Epoch 9: average [s/it]: 5.681010, current metric: 0.433806, best metric: 0.414305:   6%|▌         | 1392/25000 [2:47:16<15:02:28,  2.29s/it]
Epoch 9: average [s/it]: 5.681010, current metric: 0.433806, best metric: 0.414305:   6%|▌         | 1393/25000 [2:47:17<13:09:53,  2.01s/it]
Epoch 9: average [s/it]: 5.681010, current metric: 0.433806, best metric: 0.414305:   6%|▌         | 1394/25000 [2:47:18<11:51:04,  1.81s/it]
Epoch 9: average [s/it]: 5.681010, current metric: 0.433806, best metric: 0.414305:   6%|▌         | 1395/25000 [2:47:20<10:55:58,  1.67s/it]
Epoch 9: average [s/it]: 5.681010, current metric: 0.433806, best metric: 0.414305:   6%|▌         | 1396/25000 [2:48:11<108:23:10, 16.53s/it]
Epoch 9: average [s/it]: 5.681010, current metric: 0.433806, best metric: 0.414305:   6%|▌         | 1397/25000 [2:48:12<78:30:17, 11.97s/it] 
Epoch 9: average [s/it]: 5.681010, current metric: 0.433806, best metric: 0.414305:   6%|▌         | 1398/25000 [2:48:13<57:35:07,  8.78s/it]
Epoch 9: average [s/it]: 5.681010, current metric: 0.433806, best metric: 0.414305:   6%|▌         | 1399/25000 [2:48:15<42:56:45,  6.55s/it]
Epoch 9: average [s/it]: 5.681010, current metric: 0.433806, best metric: 0.414305:   6%|▌         | 1400/25000 [2:48:16<32:41:45,  4.99s/it]
Epoch 9: average [s/it]: 5.681010, current metric: 0.433806, best metric: 0.414305:   6%|▌         | 1401/25000 [2:48:18<26:17:35,  4.01s/it]
Epoch 9: average [s/it]: 5.681010, current metric: 0.433806, best metric: 0.414305:   6%|▌         | 1402/25000 [2:48:19<21:15:37,  3.24s/it]
Epoch 9: average [s/it]: 5.681010, current metric: 0.433806, best metric: 0.414305:   6%|▌         | 1403/25000 [2:48:21<17:31:05,  2.67s/it]
Epoch 9: average [s/it]: 5.681010, current metric: 0.433806, best metric: 0.414305:   6%|▌         | 1404/25000 [2:48:22<14:53:44,  2.27s/it]
Epoch 9: average [s/it]: 5.681010, current metric: 0.433806, best metric: 0.414305:   6%|▌         | 1405/25000 [2:48:23<13:03:39,  1.99s/it]
Epoch 9: average [s/it]: 5.681010, current metric: 0.433806, best metric: 0.414305:   6%|▌         | 1406/25000 [2:48:25<11:46:41,  1.80s/it]
Epoch 9: average [s/it]: 5.681010, current metric: 0.433806, best metric: 0.414305:   6%|▌         | 1407/25000 [2:48:26<10:52:49,  1.66s/it]
Epoch 9: average [s/it]: 5.681010, current metric: 0.433806, best metric: 0.414305:   6%|▌         | 1408/25000 [2:48:27<10:15:03,  1.56s/it]
Epoch 9: average [s/it]: 5.681010, current metric: 0.433806, best metric: 0.414305:   6%|▌         | 1409/25000 [2:48:29<9:48:43,  1.50s/it] 
Epoch 9: average [s/it]: 5.681010, current metric: 0.433806, best metric: 0.414305:   6%|▌         | 1410/25000 [2:48:30<9:54:28,  1.51s/it]
Epoch 9: average [s/it]: 5.681010, current metric: 0.433806, best metric: 0.414305:   6%|▌         | 1411/25000 [2:48:32<9:35:29,  1.46s/it]
Epoch 9: average [s/it]: 5.681010, current metric: 0.433806, best metric: 0.414305:   6%|▌         | 1412/25000 [2:49:16<93:56:44, 14.34s/it]
Epoch 9: average [s/it]: 5.681010, current metric: 0.433806, best metric: 0.414305:   6%|▌         | 1413/25000 [2:49:17<68:23:36, 10.44s/it]
Epoch 9: average [s/it]: 5.681010, current metric: 0.433806, best metric: 0.414305:   6%|▌         | 1414/25000 [2:49:19<50:30:31,  7.71s/it]
Epoch 9: average [s/it]: 5.681010, current metric: 0.433806, best metric: 0.414305:   6%|▌         | 1415/25000 [2:49:20<37:59:17,  5.80s/it]
Epoch 9: average [s/it]: 5.681010, current metric: 0.433806, best metric: 0.414305:   6%|▌         | 1416/25000 [2:49:21<29:13:37,  4.46s/it]
Epoch 9: average [s/it]: 5.681010, current metric: 0.433806, best metric: 0.414305:   6%|▌         | 1417/25000 [2:49:23<23:13:29,  3.55s/it]
Epoch 9: average [s/it]: 5.681010, current metric: 0.433806, best metric: 0.414305:   6%|▌         | 1418/25000 [2:49:24<18:53:18,  2.88s/it]
Epoch 9: average [s/it]: 5.681010, current metric: 0.433806, best metric: 0.414305:   6%|▌         | 1419/25000 [2:49:25<15:51:21,  2.42s/it]
Epoch 9: average [s/it]: 5.681010, current metric: 0.433806, best metric: 0.414305:   6%|▌         | 1420/25000 [2:49:27<13:44:08,  2.10s/it]
Epoch 9: average [s/it]: 5.681010, current metric: 0.433806, best metric: 0.414305:   6%|▌         | 1421/25000 [2:49:28<12:14:52,  1.87s/it]
Epoch 9: average [s/it]: 5.681010, current metric: 0.433806, best metric: 0.414305:   6%|▌         | 1422/25000 [2:49:29<11:12:24,  1.71s/it]
Epoch 9: average [s/it]: 5.681010, current metric: 0.433806, best metric: 0.414305:   6%|▌         | 1423/25000 [2:49:31<10:28:46,  1.60s/it]
Epoch 9: average [s/it]: 5.681010, current metric: 0.433806, best metric: 0.414305:   6%|▌         | 1424/25000 [2:49:32<9:58:16,  1.52s/it] 
Epoch 9: average [s/it]: 5.681010, current metric: 0.433806, best metric: 0.414305:   6%|▌         | 1425/25000 [2:49:33<9:37:00,  1.47s/it]
Epoch 9: average [s/it]: 5.681010, current metric: 0.433806, best metric: 0.414305:   6%|▌         | 1426/25000 [2:49:35<9:21:53,  1.43s/it]
Epoch 9: average [s/it]: 5.681010, current metric: 0.433806, best metric: 0.414305:   6%|▌         | 1427/25000 [2:49:36<9:11:17,  1.40s/it]
Epoch 9: average [s/it]: 5.681010, current metric: 0.433806, best metric: 0.414305:   6%|▌         | 1428/25000 [2:50:11<75:17:18, 11.50s/it]
Epoch 9: average [s/it]: 5.681010, current metric: 0.433806, best metric: 0.414305:   6%|▌         | 1429/25000 [2:50:13<55:20:15,  8.45s/it]
Epoch 9: average [s/it]: 5.681010, current metric: 0.433806, best metric: 0.414305:   6%|▌         | 1430/25000 [2:50:14<41:22:17,  6.32s/it]
Epoch 9: average [s/it]: 5.681010, current metric: 0.433806, best metric: 0.414305:   6%|▌         | 1431/25000 [2:50:15<31:35:58,  4.83s/it]
Epoch 9: average [s/it]: 5.681010, current metric: 0.433806, best metric: 0.414305:   6%|▌         | 1432/25000 [2:50:17<25:11:35,  3.85s/it]
Epoch 9: average [s/it]: 5.681010, current metric: 0.433806, best metric: 0.414305:   6%|▌         | 1433/25000 [2:50:18<20:16:02,  3.10s/it]
Epoch 9: average [s/it]: 5.681010, current metric: 0.433806, best metric: 0.414305:   6%|▌         | 1434/25000 [2:50:19<16:49:28,  2.57s/it]
Epoch 9: average [s/it]: 5.681010, current metric: 0.433806, best metric: 0.414305:   6%|▌         | 1435/25000 [2:50:21<14:24:48,  2.20s/it]
Epoch 9: average [s/it]: 5.681010, current metric: 0.433806, best metric: 0.414305:   6%|▌         | 1436/25000 [2:50:22<12:43:17,  1.94s/it]
Epoch 9: average [s/it]: 5.681010, current metric: 0.433806, best metric: 0.414305:   6%|▌         | 1437/25000 [2:50:23<11:32:26,  1.76s/it]
Epoch 9: average [s/it]: 5.681010, current metric: 0.433806, best metric: 0.414305:   6%|▌         | 1438/25000 [2:50:25<11:09:52,  1.71s/it]
Epoch 9: average [s/it]: 5.681010, current metric: 0.433806, best metric: 0.414305:   6%|▌         | 1439/25000 [2:50:27<11:35:15,  1.77s/it]
Epoch 9: average [s/it]: 5.681010, current metric: 0.433806, best metric: 0.414305:   6%|▌         | 1440/25000 [2:50:28<10:44:51,  1.64s/it]
Epoch 9: average [s/it]: 5.681010, current metric: 0.433806, best metric: 0.414305:   6%|▌         | 1441/25000 [2:50:30<10:13:32,  1.56s/it]
Epoch 9: average [s/it]: 5.681010, current metric: 0.433806, best metric: 0.414305:   6%|▌         | 1442/25000 [2:50:31<9:47:25,  1.50s/it] 
Epoch 9: average [s/it]: 5.681010, current metric: 0.433806, best metric: 0.414305:   6%|▌         | 1443/25000 [2:50:32<9:29:28,  1.45s/it]
Epoch 9: average [s/it]: 5.681010, current metric: 0.433806, best metric: 0.414305:   6%|▌         | 1444/25000 [2:51:16<91:20:50, 13.96s/it]
Epoch 9: average [s/it]: 5.681010, current metric: 0.433806, best metric: 0.414305:   6%|▌         | 1445/25000 [2:51:48<127:18:02, 19.46s/it]
Epoch 9: average [s/it]: 5.681010, current metric: 0.433806, best metric: 0.414305:   6%|▌         | 1446/25000 [2:51:49<91:44:20, 14.02s/it] 
Epoch 9: average [s/it]: 5.681010, current metric: 0.433806, best metric: 0.414305:   6%|▌         | 1447/25000 [2:51:50<66:50:33, 10.22s/it]
Epoch 9: average [s/it]: 5.681010, current metric: 0.433806, best metric: 0.414305:   6%|▌         | 1448/25000 [2:51:52<49:25:11,  7.55s/it]
Epoch 9: average [s/it]: 5.681010, current metric: 0.433806, best metric: 0.414305:   6%|▌         | 1449/25000 [2:51:53<37:13:19,  5.69s/it]
Epoch 9: average [s/it]: 5.681010, current metric: 0.433806, best metric: 0.414305:   6%|▌         | 1450/25000 [2:52:00<39:58:55,  6.11s/it]
Epoch 9: average [s/it]: 5.681010, current metric: 0.433806, best metric: 0.414305:   6%|▌         | 1451/25000 [2:52:02<30:37:13,  4.68s/it]
Epoch 9: average [s/it]: 5.681010, current metric: 0.433806, best metric: 0.414305:   6%|▌         | 1452/25000 [2:52:03<24:03:42,  3.68s/it]
Epoch 9: average [s/it]: 5.681010, current metric: 0.433806, best metric: 0.414305:   6%|▌         | 1453/25000 [2:52:04<19:28:13,  2.98s/it]
Epoch 9: average [s/it]: 5.681010, current metric: 0.433806, best metric: 0.414305:   6%|▌         | 1454/25000 [2:52:06<16:22:42,  2.50s/it]
Epoch 9: average [s/it]: 5.681010, current metric: 0.433806, best metric: 0.414305:   6%|▌         | 1455/25000 [2:52:07<14:05:35,  2.15s/it]
Epoch 9: average [s/it]: 5.681010, current metric: 0.433806, best metric: 0.414305:   6%|▌         | 1456/25000 [2:52:08<12:29:41,  1.91s/it]
Epoch 9: average [s/it]: 5.681010, current metric: 0.433806, best metric: 0.414305:   6%|▌         | 1457/25000 [2:52:10<11:22:31,  1.74s/it]
Epoch 9: average [s/it]: 5.681010, current metric: 0.433806, best metric: 0.414305:   6%|▌         | 1458/25000 [2:52:11<10:35:36,  1.62s/it]
Epoch 9: average [s/it]: 5.681010, current metric: 0.433806, best metric: 0.414305:   6%|▌         | 1459/25000 [2:52:12<10:02:29,  1.54s/it]
Epoch 9: average [s/it]: 5.681010, current metric: 0.433806, best metric: 0.414305:   6%|▌         | 1460/25000 [2:52:26<34:22:56,  5.26s/it]
Epoch 9: average [s/it]: 5.681010, current metric: 0.433806, best metric: 0.414305:   6%|▌         | 1461/25000 [2:52:52<73:36:40, 11.26s/it]
Epoch 9: average [s/it]: 5.681010, current metric: 0.433806, best metric: 0.414305:   6%|▌         | 1462/25000 [2:52:53<54:09:16,  8.28s/it]
Epoch 9: average [s/it]: 5.681010, current metric: 0.433806, best metric: 0.414305:   6%|▌         | 1463/25000 [2:52:54<40:36:05,  6.21s/it]
Epoch 9: average [s/it]: 5.681010, current metric: 0.433806, best metric: 0.414305:   6%|▌         | 1464/25000 [2:52:56<31:02:54,  4.75s/it]
Epoch 9: average [s/it]: 5.681010, current metric: 0.433806, best metric: 0.414305:   6%|▌         | 1465/25000 [2:52:57<24:21:41,  3.73s/it]
Epoch 9: average [s/it]: 5.681010, current metric: 0.433806, best metric: 0.414305:   6%|▌         | 1466/25000 [2:52:58<19:40:50,  3.01s/it]
Epoch 9: average [s/it]: 5.681010, current metric: 0.433806, best metric: 0.414305:   6%|▌         | 1467/25000 [2:53:00<16:24:13,  2.51s/it]
Epoch 9: average [s/it]: 5.681010, current metric: 0.433806, best metric: 0.414305:   6%|▌         | 1468/25000 [2:53:01<14:06:29,  2.16s/it]
Epoch 9: average [s/it]: 5.681010, current metric: 0.433806, best metric: 0.414305:   6%|▌         | 1469/25000 [2:53:02<12:30:08,  1.91s/it]
Epoch 9: average [s/it]: 5.681010, current metric: 0.433806, best metric: 0.414305:   6%|▌         | 1470/25000 [2:53:04<11:22:46,  1.74s/it]
Epoch 9: average [s/it]: 5.681010, current metric: 0.433806, best metric: 0.414305:   6%|▌         | 1471/25000 [2:53:05<10:35:31,  1.62s/it]
Epoch 9: average [s/it]: 5.681010, current metric: 0.433806, best metric: 0.414305:   6%|▌         | 1472/25000 [2:53:06<10:02:28,  1.54s/it]
Epoch 9: average [s/it]: 5.681010, current metric: 0.433806, best metric: 0.414305:   6%|▌         | 1473/25000 [2:53:08<10:04:34,  1.54s/it]
Epoch 9: average [s/it]: 5.681010, current metric: 0.433806, best metric: 0.414305:   6%|▌         | 1474/25000 [2:53:09<9:54:02,  1.52s/it] 
Epoch 9: average [s/it]: 5.681010, current metric: 0.433806, best metric: 0.414305:   6%|▌         | 1475/25000 [2:53:11<9:33:29,  1.46s/it]
Epoch 9: average [s/it]: 5.681010, current metric: 0.433806, best metric: 0.414305:   6%|▌         | 1476/25000 [2:53:12<9:19:09,  1.43s/it]
Epoch 9: average [s/it]: 5.681010, current metric: 0.433806, best metric: 0.414305:   6%|▌         | 1477/25000 [2:54:09<118:03:32, 18.07s/it]
Epoch 9: average [s/it]: 5.681010, current metric: 0.433806, best metric: 0.414305:   6%|▌         | 1478/25000 [2:54:30<124:26:21, 19.05s/it]
Epoch 9: average [s/it]: 5.681010, current metric: 0.433806, best metric: 0.414305:   6%|▌         | 1479/25000 [2:54:32<90:13:53, 13.81s/it] 
Epoch 9: average [s/it]: 5.681010, current metric: 0.433806, best metric: 0.414305:   6%|▌         | 1480/25000 [2:54:33<65:47:08, 10.07s/it]
Epoch 9: average [s/it]: 5.681010, current metric: 0.433806, best metric: 0.414305:   6%|▌         | 1481/25000 [2:54:35<48:40:29,  7.45s/it]
Epoch 9: average [s/it]: 5.681010, current metric: 0.433806, best metric: 0.414305:   6%|▌         | 1482/25000 [2:54:36<36:41:56,  5.62s/it]
Epoch 9: average [s/it]: 5.681010, current metric: 0.433806, best metric: 0.414305:   6%|▌         | 1483/25000 [2:54:37<28:18:56,  4.33s/it]
Epoch 9: average [s/it]: 5.681010, current metric: 0.433806, best metric: 0.414305:   6%|▌         | 1484/25000 [2:54:39<22:26:43,  3.44s/it]
Epoch 9: average [s/it]: 5.681010, current metric: 0.433806, best metric: 0.414305:   6%|▌         | 1485/25000 [2:54:40<18:20:15,  2.81s/it]
Epoch 9: average [s/it]: 5.681010, current metric: 0.433806, best metric: 0.414305:   6%|▌         | 1486/25000 [2:54:41<15:27:42,  2.37s/it]
Epoch 9: average [s/it]: 5.681010, current metric: 0.433806, best metric: 0.414305:   6%|▌         | 1487/25000 [2:54:43<13:26:52,  2.06s/it]
Epoch 9: average [s/it]: 5.681010, current metric: 0.433806, best metric: 0.414305:   6%|▌         | 1488/25000 [2:54:44<12:02:24,  1.84s/it]
Epoch 9: average [s/it]: 5.681010, current metric: 0.433806, best metric: 0.414305:   6%|▌         | 1489/25000 [2:55:04<48:15:20,  7.39s/it]
Epoch 9: average [s/it]: 5.681010, current metric: 0.433806, best metric: 0.414305:   6%|▌         | 1490/25000 [2:55:06<36:24:13,  5.57s/it]
Epoch 9: average [s/it]: 5.681010, current metric: 0.433806, best metric: 0.414305:   6%|▌         | 1491/25000 [2:55:07<28:06:20,  4.30s/it]
Epoch 9: average [s/it]: 5.681010, current metric: 0.433806, best metric: 0.414305:   6%|▌         | 1492/25000 [2:55:08<22:18:00,  3.42s/it]
Epoch 9: average [s/it]: 5.681010, current metric: 0.433806, best metric: 0.414305:   6%|▌         | 1493/25000 [2:55:10<18:14:13,  2.79s/it]
Epoch 9: average [s/it]: 5.681010, current metric: 0.433806, best metric: 0.414305:   6%|▌         | 1494/25000 [2:55:49<90:12:38, 13.82s/it]
Epoch 9: average [s/it]: 5.681010, current metric: 0.433806, best metric: 0.414305:   6%|▌         | 1495/25000 [2:55:51<65:46:17, 10.07s/it]
Epoch 9: average [s/it]: 5.681010, current metric: 0.433806, best metric: 0.414305:   6%|▌         | 1496/25000 [2:55:52<48:39:44,  7.45s/it]
Epoch 9: average [s/it]: 5.681010, current metric: 0.433806, best metric: 0.414305:   6%|▌         | 1497/25000 [2:55:53<36:41:11,  5.62s/it]
Epoch 9: average [s/it]: 5.681010, current metric: 0.433806, best metric: 0.414305:   6%|▌         | 1498/25000 [2:55:55<28:18:17,  4.34s/it]
Epoch 9: average [s/it]: 5.681010, current metric: 0.433806, best metric: 0.414305:   6%|▌         | 1499/25000 [2:55:56<22:26:06,  3.44s/it]
Epoch 9: average [s/it]: 5.681010, current metric: 0.433806, best metric: 0.414305:   6%|▌         | 1500/25000 [2:55:57<18:19:43,  2.81s/it]
Epoch 9: average [s/it]: 5.681010, current metric: 0.433806, best metric: 0.414305:   6%|▌         | 1501/25000 [2:55:59<16:09:06,  2.47s/it]
Epoch 9: average [s/it]: 5.681010, current metric: 0.433806, best metric: 0.414305:   6%|▌         | 1502/25000 [2:56:00<14:15:32,  2.18s/it]
Epoch 9: average [s/it]: 5.681010, current metric: 0.433806, best metric: 0.414305:   6%|▌         | 1503/25000 [2:56:09<27:22:57,  4.20s/it]
Epoch 9: average [s/it]: 5.681010, current metric: 0.433806, best metric: 0.414305:   6%|▌         | 1504/25000 [2:56:11<21:47:32,  3.34s/it]
Epoch 9: average [s/it]: 5.681010, current metric: 0.433806, best metric: 0.414305:   6%|▌         | 1505/25000 [2:56:12<17:52:46,  2.74s/it]
Epoch 9: average [s/it]: 5.681010, current metric: 0.433806, best metric: 0.414305:   6%|▌         | 1506/25000 [2:56:13<15:08:21,  2.32s/it]
Epoch 9: average [s/it]: 5.681010, current metric: 0.433806, best metric: 0.414305:   6%|▌         | 1507/25000 [2:56:15<13:38:58,  2.09s/it]
Epoch 9: average [s/it]: 5.681010, current metric: 0.433806, best metric: 0.414305:   6%|▌         | 1508/25000 [2:56:16<12:12:19,  1.87s/it]
Epoch 9: average [s/it]: 5.681010, current metric: 0.433806, best metric: 0.414305:   6%|▌         | 1509/25000 [2:56:18<11:09:51,  1.71s/it]
Epoch 9: average [s/it]: 5.681010, current metric: 0.433806, best metric: 0.414305:   6%|▌         | 1510/25000 [2:56:52<74:59:38, 11.49s/it]
Epoch 9: average [s/it]: 5.681010, current metric: 0.433806, best metric: 0.414305:   6%|▌         | 1511/25000 [2:57:08<84:35:29, 12.96s/it]
Epoch 9: average [s/it]: 5.681010, current metric: 0.433806, best metric: 0.414305:   6%|▌         | 1512/25000 [2:57:10<61:50:15,  9.48s/it]
Epoch 9: average [s/it]: 5.681010, current metric: 0.433806, best metric: 0.414305:   6%|▌         | 1513/25000 [2:57:11<45:54:23,  7.04s/it]
Epoch 9: average [s/it]: 5.681010, current metric: 0.433806, best metric: 0.414305:   6%|▌         | 1514/25000 [2:57:12<34:45:11,  5.33s/it]
Epoch 9: average [s/it]: 5.681010, current metric: 0.433806, best metric: 0.414305:   6%|▌         | 1515/25000 [2:57:14<26:56:55,  4.13s/it]
Epoch 9: average [s/it]: 5.681010, current metric: 0.433806, best metric: 0.414305:   6%|▌         | 1516/25000 [2:57:15<21:29:04,  3.29s/it]
Epoch 9: average [s/it]: 5.681010, current metric: 0.433806, best metric: 0.414305:   6%|▌         | 1517/25000 [2:57:16<17:39:28,  2.71s/it]
Epoch 9: average [s/it]: 5.681010, current metric: 0.433806, best metric: 0.414305:   6%|▌         | 1518/25000 [2:57:18<14:58:58,  2.30s/it]
Epoch 9: average [s/it]: 5.681010, current metric: 0.433806, best metric: 0.414305:   6%|▌         | 1519/25000 [2:57:19<13:06:29,  2.01s/it]
Epoch 9: average [s/it]: 5.681010, current metric: 0.433806, best metric: 0.414305:   6%|▌         | 1520/25000 [2:57:20<11:47:37,  1.81s/it]
Epoch 9: average [s/it]: 5.681010, current metric: 0.433806, best metric: 0.414305:   6%|▌         | 1521/25000 [2:57:22<10:52:32,  1.67s/it]
Epoch 9: average [s/it]: 5.681010, current metric: 0.433806, best metric: 0.414305:   6%|▌         | 1522/25000 [2:57:23<10:13:54,  1.57s/it]
Epoch 9: average [s/it]: 5.681010, current metric: 0.433806, best metric: 0.414305:   6%|▌         | 1523/25000 [2:57:24<9:46:54,  1.50s/it] 
Epoch 9: average [s/it]: 5.681010, current metric: 0.433806, best metric: 0.414305:   6%|▌         | 1524/25000 [2:57:26<9:28:02,  1.45s/it]
Epoch 9: average [s/it]: 5.681010, current metric: 0.433806, best metric: 0.414305:   6%|▌         | 1525/25000 [2:57:27<9:14:54,  1.42s/it]
Epoch 9: average [s/it]: 5.681010, current metric: 0.433806, best metric: 0.414305:   6%|▌         | 1526/25000 [2:57:28<9:05:41,  1.39s/it]
Epoch 9: average [s/it]: 5.681010, current metric: 0.433806, best metric: 0.414305:   6%|▌         | 1527/25000 [2:57:37<23:19:09,  3.58s/it]
Epoch 9: average [s/it]: 5.681010, current metric: 0.433806, best metric: 0.414305:   6%|▌         | 1528/25000 [2:57:38<18:56:32,  2.91s/it]
Epoch 9: average [s/it]: 5.681010, current metric: 0.433806, best metric: 0.414305:   6%|▌         | 1529/25000 [2:57:40<15:52:41,  2.44s/it]
Epoch 9: average [s/it]: 5.681010, current metric: 0.433806, best metric: 0.414305:   6%|▌         | 1530/25000 [2:57:41<13:43:59,  2.11s/it]
Epoch 10: average [s/it]: 5.056380, current metric: 0.404731, best metric: 0.404731:   6%|▌         | 1530/25000 [2:59:32<13:43:59,  2.11s/it]
Epoch 10: average [s/it]: 5.056380, current metric: 0.404731, best metric: 0.404731:   6%|▌         | 1531/25000 [2:59:57<275:01:52, 42.19s/it]
Epoch 10: average [s/it]: 5.056380, current metric: 0.404731, best metric: 0.404731:   6%|▌         | 1532/25000 [3:00:10<217:58:40, 33.44s/it]
Epoch 10: average [s/it]: 5.056380, current metric: 0.404731, best metric: 0.404731:   6%|▌         | 1533/25000 [3:00:11<155:11:42, 23.81s/it]
Epoch 10: average [s/it]: 5.056380, current metric: 0.404731, best metric: 0.404731:   6%|▌         | 1534/25000 [3:00:20<125:49:14, 19.30s/it]
Epoch 10: average [s/it]: 5.056380, current metric: 0.404731, best metric: 0.404731:   6%|▌         | 1535/25000 [3:00:38<123:15:30, 18.91s/it]
Epoch 10: average [s/it]: 5.056380, current metric: 0.404731, best metric: 0.404731:   6%|▌         | 1536/25000 [3:00:39<88:53:41, 13.64s/it] 
Epoch 10: average [s/it]: 5.056380, current metric: 0.404731, best metric: 0.404731:   6%|▌         | 1537/25000 [3:00:41<64:50:26,  9.95s/it]
Epoch 10: average [s/it]: 5.056380, current metric: 0.404731, best metric: 0.404731:   6%|▌         | 1538/25000 [3:00:42<48:00:03,  7.37s/it]
Epoch 10: average [s/it]: 5.056380, current metric: 0.404731, best metric: 0.404731:   6%|▌         | 1539/25000 [3:00:43<36:12:51,  5.56s/it]
Epoch 10: average [s/it]: 5.056380, current metric: 0.404731, best metric: 0.404731:   6%|▌         | 1540/25000 [3:00:45<27:57:51,  4.29s/it]
Epoch 10: average [s/it]: 5.056380, current metric: 0.404731, best metric: 0.404731:   6%|▌         | 1541/25000 [3:00:46<22:11:23,  3.41s/it]
Epoch 10: average [s/it]: 5.056380, current metric: 0.404731, best metric: 0.404731:   6%|▌         | 1542/25000 [3:00:47<18:08:55,  2.79s/it]
Epoch 10: average [s/it]: 5.056380, current metric: 0.404731, best metric: 0.404731:   6%|▌         | 1543/25000 [3:00:49<15:19:10,  2.35s/it]
Epoch 10: average [s/it]: 5.056380, current metric: 0.404731, best metric: 0.404731:   6%|▌         | 1544/25000 [3:00:50<13:20:19,  2.05s/it]
Epoch 10: average [s/it]: 5.056380, current metric: 0.404731, best metric: 0.404731:   6%|▌         | 1545/25000 [3:00:51<11:57:08,  1.83s/it]
Epoch 10: average [s/it]: 5.056380, current metric: 0.404731, best metric: 0.404731:   6%|▌         | 1546/25000 [3:00:53<10:58:48,  1.69s/it]
Epoch 10: average [s/it]: 5.056380, current metric: 0.404731, best metric: 0.404731:   6%|▌         | 1547/25000 [3:00:54<10:18:05,  1.58s/it]
Epoch 10: average [s/it]: 5.056380, current metric: 0.404731, best metric: 0.404731:   6%|▌         | 1548/25000 [3:00:55<9:49:35,  1.51s/it] 
Epoch 10: average [s/it]: 5.056380, current metric: 0.404731, best metric: 0.404731:   6%|▌         | 1549/25000 [3:00:57<9:36:45,  1.48s/it]
Epoch 10: average [s/it]: 5.056380, current metric: 0.404731, best metric: 0.404731:   6%|▌         | 1550/25000 [3:00:58<9:20:39,  1.43s/it]
Epoch 10: average [s/it]: 5.056380, current metric: 0.404731, best metric: 0.404731:   6%|▌         | 1551/25000 [3:00:59<9:09:20,  1.41s/it]
Epoch 10: average [s/it]: 5.056380, current metric: 0.404731, best metric: 0.404731:   6%|▌         | 1552/25000 [3:01:18<42:29:28,  6.52s/it]
Epoch 10: average [s/it]: 5.056380, current metric: 0.404731, best metric: 0.404731:   6%|▌         | 1553/25000 [3:01:19<32:21:35,  4.97s/it]
Epoch 10: average [s/it]: 5.056380, current metric: 0.404731, best metric: 0.404731:   6%|▌         | 1554/25000 [3:01:21<25:15:53,  3.88s/it]
Epoch 10: average [s/it]: 5.056380, current metric: 0.404731, best metric: 0.404731:   6%|▌         | 1555/25000 [3:01:22<20:17:55,  3.12s/it]
Epoch 10: average [s/it]: 5.056380, current metric: 0.404731, best metric: 0.404731:   6%|▌         | 1556/25000 [3:01:23<16:49:18,  2.58s/it]
Epoch 10: average [s/it]: 5.056380, current metric: 0.404731, best metric: 0.404731:   6%|▌         | 1557/25000 [3:01:25<14:23:18,  2.21s/it]
Epoch 10: average [s/it]: 5.056380, current metric: 0.404731, best metric: 0.404731:   6%|▌         | 1558/25000 [3:01:26<12:41:02,  1.95s/it]
Epoch 10: average [s/it]: 5.056380, current metric: 0.404731, best metric: 0.404731:   6%|▌         | 1559/25000 [3:01:27<11:29:31,  1.76s/it]
Epoch 10: average [s/it]: 5.056380, current metric: 0.404731, best metric: 0.404731:   6%|▌         | 1560/25000 [3:01:29<10:39:26,  1.64s/it]
Epoch 10: average [s/it]: 5.056380, current metric: 0.404731, best metric: 0.404731:   6%|▌         | 1561/25000 [3:01:30<10:04:28,  1.55s/it]
Epoch 10: average [s/it]: 5.056380, current metric: 0.404731, best metric: 0.404731:   6%|▌         | 1562/25000 [3:01:31<9:39:51,  1.48s/it] 
Epoch 10: average [s/it]: 5.056380, current metric: 0.404731, best metric: 0.404731:   6%|▋         | 1563/25000 [3:01:33<9:22:42,  1.44s/it]
Epoch 10: average [s/it]: 5.056380, current metric: 0.404731, best metric: 0.404731:   6%|▋         | 1564/25000 [3:01:34<9:10:36,  1.41s/it]
Epoch 10: average [s/it]: 5.056380, current metric: 0.404731, best metric: 0.404731:   6%|▋         | 1565/25000 [3:01:35<9:02:12,  1.39s/it]
Epoch 10: average [s/it]: 5.056380, current metric: 0.404731, best metric: 0.404731:   6%|▋         | 1566/25000 [3:01:37<8:56:19,  1.37s/it]
Epoch 10: average [s/it]: 5.056380, current metric: 0.404731, best metric: 0.404731:   6%|▋         | 1567/25000 [3:01:38<8:52:13,  1.36s/it]
Epoch 10: average [s/it]: 5.056380, current metric: 0.404731, best metric: 0.404731:   6%|▋         | 1568/25000 [3:01:39<8:49:15,  1.36s/it]
Epoch 10: average [s/it]: 5.056380, current metric: 0.404731, best metric: 0.404731:   6%|▋         | 1569/25000 [3:01:45<16:45:09,  2.57s/it]
Epoch 10: average [s/it]: 5.056380, current metric: 0.404731, best metric: 0.404731:   6%|▋         | 1570/25000 [3:01:46<14:20:18,  2.20s/it]
Epoch 10: average [s/it]: 5.056380, current metric: 0.404731, best metric: 0.404731:   6%|▋         | 1571/25000 [3:01:47<12:38:52,  1.94s/it]
Epoch 10: average [s/it]: 5.056380, current metric: 0.404731, best metric: 0.404731:   6%|▋         | 1572/25000 [3:01:49<11:27:54,  1.76s/it]
Epoch 10: average [s/it]: 5.056380, current metric: 0.404731, best metric: 0.404731:   6%|▋         | 1573/25000 [3:01:59<28:40:25,  4.41s/it]
Epoch 10: average [s/it]: 5.056380, current metric: 0.404731, best metric: 0.404731:   6%|▋         | 1574/25000 [3:02:01<22:41:06,  3.49s/it]
Epoch 10: average [s/it]: 5.056380, current metric: 0.404731, best metric: 0.404731:   6%|▋         | 1575/25000 [3:02:02<18:29:31,  2.84s/it]
Epoch 10: average [s/it]: 5.056380, current metric: 0.404731, best metric: 0.404731:   6%|▋         | 1576/25000 [3:02:03<15:33:26,  2.39s/it]
Epoch 10: average [s/it]: 5.056380, current metric: 0.404731, best metric: 0.404731:   6%|▋         | 1577/25000 [3:02:05<13:30:01,  2.07s/it]
Epoch 10: average [s/it]: 5.056380, current metric: 0.404731, best metric: 0.404731:   6%|▋         | 1578/25000 [3:02:06<12:03:38,  1.85s/it]
Epoch 10: average [s/it]: 5.056380, current metric: 0.404731, best metric: 0.404731:   6%|▋         | 1579/25000 [3:02:07<11:03:10,  1.70s/it]
Epoch 10: average [s/it]: 5.056380, current metric: 0.404731, best metric: 0.404731:   6%|▋         | 1580/25000 [3:02:09<10:20:55,  1.59s/it]
Epoch 10: average [s/it]: 5.056380, current metric: 0.404731, best metric: 0.404731:   6%|▋         | 1581/25000 [3:02:10<9:51:21,  1.52s/it] 
Epoch 10: average [s/it]: 5.056380, current metric: 0.404731, best metric: 0.404731:   6%|▋         | 1582/25000 [3:02:11<9:30:39,  1.46s/it]
Epoch 10: average [s/it]: 5.056380, current metric: 0.404731, best metric: 0.404731:   6%|▋         | 1583/25000 [3:02:13<9:16:06,  1.42s/it]
Epoch 10: average [s/it]: 5.056380, current metric: 0.404731, best metric: 0.404731:   6%|▋         | 1584/25000 [3:02:16<13:14:43,  2.04s/it]
Epoch 10: average [s/it]: 5.056380, current metric: 0.404731, best metric: 0.404731:   6%|▋         | 1585/25000 [3:02:17<11:52:51,  1.83s/it]
Epoch 10: average [s/it]: 5.056380, current metric: 0.404731, best metric: 0.404731:   6%|▋         | 1586/25000 [3:02:19<10:55:37,  1.68s/it]
Epoch 10: average [s/it]: 5.056380, current metric: 0.404731, best metric: 0.404731:   6%|▋         | 1587/25000 [3:02:20<10:15:30,  1.58s/it]
Epoch 10: average [s/it]: 5.056380, current metric: 0.404731, best metric: 0.404731:   6%|▋         | 1588/25000 [3:02:21<9:47:28,  1.51s/it] 
Epoch 10: average [s/it]: 5.056380, current metric: 0.404731, best metric: 0.404731:   6%|▋         | 1589/25000 [3:02:52<66:55:47, 10.29s/it]
Epoch 10: average [s/it]: 5.056380, current metric: 0.404731, best metric: 0.404731:   6%|▋         | 1590/25000 [3:02:54<49:27:41,  7.61s/it]
Epoch 10: average [s/it]: 5.056380, current metric: 0.404731, best metric: 0.404731:   6%|▋         | 1591/25000 [3:02:55<37:13:55,  5.73s/it]
Epoch 10: average [s/it]: 5.056380, current metric: 0.404731, best metric: 0.404731:   6%|▋         | 1592/25000 [3:02:56<28:40:17,  4.41s/it]
Epoch 10: average [s/it]: 5.056380, current metric: 0.404731, best metric: 0.404731:   6%|▋         | 1593/25000 [3:02:58<22:40:47,  3.49s/it]
Epoch 10: average [s/it]: 5.056380, current metric: 0.404731, best metric: 0.404731:   6%|▋         | 1594/25000 [3:02:59<18:29:06,  2.84s/it]
Epoch 10: average [s/it]: 5.056380, current metric: 0.404731, best metric: 0.404731:   6%|▋         | 1595/25000 [3:03:00<15:32:56,  2.39s/it]
Epoch 10: average [s/it]: 5.056380, current metric: 0.404731, best metric: 0.404731:   6%|▋         | 1596/25000 [3:03:02<13:29:40,  2.08s/it]
Epoch 10: average [s/it]: 5.056380, current metric: 0.404731, best metric: 0.404731:   6%|▋         | 1597/25000 [3:03:03<12:03:18,  1.85s/it]
Epoch 10: average [s/it]: 5.056380, current metric: 0.404731, best metric: 0.404731:   6%|▋         | 1598/25000 [3:03:04<11:16:42,  1.73s/it]
Epoch 10: average [s/it]: 5.056380, current metric: 0.404731, best metric: 0.404731:   6%|▋         | 1599/25000 [3:03:06<10:30:12,  1.62s/it]
Epoch 10: average [s/it]: 5.056380, current metric: 0.404731, best metric: 0.404731:   6%|▋         | 1600/25000 [3:03:07<9:57:38,  1.53s/it] 
Epoch 10: average [s/it]: 5.056380, current metric: 0.404731, best metric: 0.404731:   6%|▋         | 1601/25000 [3:03:09<9:55:28,  1.53s/it]
Epoch 10: average [s/it]: 5.056380, current metric: 0.404731, best metric: 0.404731:   6%|▋         | 1602/25000 [3:03:10<9:39:41,  1.49s/it]
Epoch 10: average [s/it]: 5.056380, current metric: 0.404731, best metric: 0.404731:   6%|▋         | 1603/25000 [3:03:11<9:22:12,  1.44s/it]
Epoch 10: average [s/it]: 5.056380, current metric: 0.404731, best metric: 0.404731:   6%|▋         | 1604/25000 [3:03:13<9:10:00,  1.41s/it]
Epoch 10: average [s/it]: 5.056380, current metric: 0.404731, best metric: 0.404731:   6%|▋         | 1605/25000 [3:03:14<9:01:27,  1.39s/it]
Epoch 10: average [s/it]: 5.056380, current metric: 0.404731, best metric: 0.404731:   6%|▋         | 1606/25000 [3:03:15<8:55:30,  1.37s/it]
Epoch 10: average [s/it]: 5.056380, current metric: 0.404731, best metric: 0.404731:   6%|▋         | 1607/25000 [3:03:17<8:51:25,  1.36s/it]
Epoch 10: average [s/it]: 5.056380, current metric: 0.404731, best metric: 0.404731:   6%|▋         | 1608/25000 [3:03:18<8:48:30,  1.36s/it]
Epoch 10: average [s/it]: 5.056380, current metric: 0.404731, best metric: 0.404731:   6%|▋         | 1609/25000 [3:03:19<8:46:21,  1.35s/it]
Epoch 10: average [s/it]: 5.056380, current metric: 0.404731, best metric: 0.404731:   6%|▋         | 1610/25000 [3:03:21<8:44:59,  1.35s/it]
Epoch 10: average [s/it]: 5.056380, current metric: 0.404731, best metric: 0.404731:   6%|▋         | 1611/25000 [3:03:22<8:43:57,  1.34s/it]
Epoch 10: average [s/it]: 5.056380, current metric: 0.404731, best metric: 0.404731:   6%|▋         | 1612/25000 [3:03:26<14:41:19,  2.26s/it]
Epoch 10: average [s/it]: 5.056380, current metric: 0.404731, best metric: 0.404731:   6%|▋         | 1613/25000 [3:03:28<12:53:20,  1.98s/it]
Epoch 10: average [s/it]: 5.056380, current metric: 0.404731, best metric: 0.404731:   6%|▋         | 1614/25000 [3:03:29<11:37:46,  1.79s/it]
Epoch 10: average [s/it]: 5.056380, current metric: 0.404731, best metric: 0.404731:   6%|▋         | 1615/25000 [3:03:30<10:44:56,  1.65s/it]
Epoch 10: average [s/it]: 5.056380, current metric: 0.404731, best metric: 0.404731:   6%|▋         | 1616/25000 [3:03:32<10:07:48,  1.56s/it]
Epoch 10: average [s/it]: 5.056380, current metric: 0.404731, best metric: 0.404731:   6%|▋         | 1617/25000 [3:03:58<57:20:27,  8.83s/it]
Epoch 10: average [s/it]: 5.056380, current metric: 0.404731, best metric: 0.404731:   6%|▋         | 1618/25000 [3:03:59<42:44:41,  6.58s/it]
Epoch 10: average [s/it]: 5.056380, current metric: 0.404731, best metric: 0.404731:   6%|▋         | 1619/25000 [3:04:00<32:31:45,  5.01s/it]
Epoch 10: average [s/it]: 5.056380, current metric: 0.404731, best metric: 0.404731:   6%|▋         | 1620/25000 [3:04:02<25:22:33,  3.91s/it]
Epoch 10: average [s/it]: 5.056380, current metric: 0.404731, best metric: 0.404731:   6%|▋         | 1621/25000 [3:04:03<20:22:10,  3.14s/it]
Epoch 10: average [s/it]: 5.056380, current metric: 0.404731, best metric: 0.404731:   6%|▋         | 1622/25000 [3:04:04<16:51:54,  2.60s/it]
Epoch 10: average [s/it]: 5.056380, current metric: 0.404731, best metric: 0.404731:   6%|▋         | 1623/25000 [3:04:06<14:24:41,  2.22s/it]
Epoch 10: average [s/it]: 5.056380, current metric: 0.404731, best metric: 0.404731:   6%|▋         | 1624/25000 [3:04:07<12:41:40,  1.96s/it]
Epoch 10: average [s/it]: 5.056380, current metric: 0.404731, best metric: 0.404731:   6%|▋         | 1625/25000 [3:04:08<11:29:32,  1.77s/it]
Epoch 10: average [s/it]: 5.056380, current metric: 0.404731, best metric: 0.404731:   7%|▋         | 1626/25000 [3:04:10<10:39:06,  1.64s/it]
Epoch 10: average [s/it]: 5.056380, current metric: 0.404731, best metric: 0.404731:   7%|▋         | 1627/25000 [3:04:11<10:03:43,  1.55s/it]
Epoch 10: average [s/it]: 5.056380, current metric: 0.404731, best metric: 0.404731:   7%|▋         | 1628/25000 [3:04:12<9:38:58,  1.49s/it] 
Epoch 10: average [s/it]: 5.056380, current metric: 0.404731, best metric: 0.404731:   7%|▋         | 1629/25000 [3:04:14<9:21:38,  1.44s/it]
Epoch 10: average [s/it]: 5.056380, current metric: 0.404731, best metric: 0.404731:   7%|▋         | 1630/25000 [3:04:15<9:16:12,  1.43s/it]
Epoch 10: average [s/it]: 5.056380, current metric: 0.404731, best metric: 0.404731:   7%|▋         | 1631/25000 [3:04:16<9:05:38,  1.40s/it]
Epoch 10: average [s/it]: 5.056380, current metric: 0.404731, best metric: 0.404731:   7%|▋         | 1632/25000 [3:04:18<8:58:19,  1.38s/it]
Epoch 10: average [s/it]: 5.056380, current metric: 0.404731, best metric: 0.404731:   7%|▋         | 1633/25000 [3:04:55<78:38:13, 12.12s/it]
Epoch 10: average [s/it]: 5.056380, current metric: 0.404731, best metric: 0.404731:   7%|▋         | 1634/25000 [3:04:56<57:39:00,  8.88s/it]
Epoch 10: average [s/it]: 5.056380, current metric: 0.404731, best metric: 0.404731:   7%|▋         | 1635/25000 [3:04:58<42:57:32,  6.62s/it]
Epoch 10: average [s/it]: 5.056380, current metric: 0.404731, best metric: 0.404731:   7%|▋         | 1636/25000 [3:04:59<32:40:32,  5.03s/it]
Epoch 10: average [s/it]: 5.056380, current metric: 0.404731, best metric: 0.404731:   7%|▋         | 1637/25000 [3:05:00<25:28:37,  3.93s/it]
Epoch 10: average [s/it]: 5.056380, current metric: 0.404731, best metric: 0.404731:   7%|▋         | 1638/25000 [3:05:02<20:26:17,  3.15s/it]
Epoch 10: average [s/it]: 5.056380, current metric: 0.404731, best metric: 0.404731:   7%|▋         | 1639/25000 [3:05:03<16:54:38,  2.61s/it]
Epoch 10: average [s/it]: 5.056380, current metric: 0.404731, best metric: 0.404731:   7%|▋         | 1640/25000 [3:05:04<14:26:32,  2.23s/it]
Epoch 10: average [s/it]: 5.056380, current metric: 0.404731, best metric: 0.404731:   7%|▋         | 1641/25000 [3:05:06<12:42:53,  1.96s/it]
Epoch 10: average [s/it]: 5.056380, current metric: 0.404731, best metric: 0.404731:   7%|▋         | 1642/25000 [3:05:07<11:30:16,  1.77s/it]
Epoch 10: average [s/it]: 5.056380, current metric: 0.404731, best metric: 0.404731:   7%|▋         | 1643/25000 [3:05:08<10:39:26,  1.64s/it]
Epoch 10: average [s/it]: 5.056380, current metric: 0.404731, best metric: 0.404731:   7%|▋         | 1644/25000 [3:05:10<10:03:52,  1.55s/it]
Epoch 10: average [s/it]: 5.056380, current metric: 0.404731, best metric: 0.404731:   7%|▋         | 1645/25000 [3:05:11<9:45:02,  1.50s/it] 
Epoch 10: average [s/it]: 5.056380, current metric: 0.404731, best metric: 0.404731:   7%|▋         | 1646/25000 [3:05:12<9:25:44,  1.45s/it]
Epoch 10: average [s/it]: 5.056380, current metric: 0.404731, best metric: 0.404731:   7%|▋         | 1647/25000 [3:05:14<9:12:15,  1.42s/it]
Epoch 10: average [s/it]: 5.056380, current metric: 0.404731, best metric: 0.404731:   7%|▋         | 1648/25000 [3:05:15<9:02:45,  1.39s/it]
Epoch 10: average [s/it]: 5.056380, current metric: 0.404731, best metric: 0.404731:   7%|▋         | 1649/25000 [3:05:19<14:19:29,  2.21s/it]
Epoch 10: average [s/it]: 5.056380, current metric: 0.404731, best metric: 0.404731:   7%|▋         | 1650/25000 [3:05:20<12:37:53,  1.95s/it]
Epoch 10: average [s/it]: 5.056380, current metric: 0.404731, best metric: 0.404731:   7%|▋         | 1651/25000 [3:05:22<11:26:39,  1.76s/it]
Epoch 10: average [s/it]: 5.056380, current metric: 0.404731, best metric: 0.404731:   7%|▋         | 1652/25000 [3:05:23<10:36:53,  1.64s/it]
Epoch 10: average [s/it]: 5.056380, current metric: 0.404731, best metric: 0.404731:   7%|▋         | 1653/25000 [3:05:24<10:01:54,  1.55s/it]
Epoch 10: average [s/it]: 5.056380, current metric: 0.404731, best metric: 0.404731:   7%|▋         | 1654/25000 [3:05:26<9:37:34,  1.48s/it] 
Epoch 10: average [s/it]: 5.056380, current metric: 0.404731, best metric: 0.404731:   7%|▋         | 1655/25000 [3:05:27<9:20:22,  1.44s/it]
Epoch 10: average [s/it]: 5.056380, current metric: 0.404731, best metric: 0.404731:   7%|▋         | 1656/25000 [3:05:28<9:08:24,  1.41s/it]
Epoch 10: average [s/it]: 5.056380, current metric: 0.404731, best metric: 0.404731:   7%|▋         | 1657/25000 [3:05:30<8:59:57,  1.39s/it]
Epoch 10: average [s/it]: 5.056380, current metric: 0.404731, best metric: 0.404731:   7%|▋         | 1658/25000 [3:05:31<8:54:07,  1.37s/it]
Epoch 10: average [s/it]: 5.056380, current metric: 0.404731, best metric: 0.404731:   7%|▋         | 1659/25000 [3:05:32<8:50:03,  1.36s/it]
Epoch 10: average [s/it]: 5.056380, current metric: 0.404731, best metric: 0.404731:   7%|▋         | 1660/25000 [3:05:34<8:47:07,  1.36s/it]
Epoch 10: average [s/it]: 5.056380, current metric: 0.404731, best metric: 0.404731:   7%|▋         | 1661/25000 [3:05:35<8:45:09,  1.35s/it]
Epoch 10: average [s/it]: 5.056380, current metric: 0.404731, best metric: 0.404731:   7%|▋         | 1662/25000 [3:05:37<8:43:41,  1.35s/it]
Epoch 10: average [s/it]: 5.056380, current metric: 0.404731, best metric: 0.404731:   7%|▋         | 1663/25000 [3:05:38<8:42:41,  1.34s/it]
Epoch 10: average [s/it]: 5.056380, current metric: 0.404731, best metric: 0.404731:   7%|▋         | 1664/25000 [3:05:39<8:41:56,  1.34s/it]
Epoch 10: average [s/it]: 5.056380, current metric: 0.404731, best metric: 0.404731:   7%|▋         | 1665/25000 [3:05:41<8:41:26,  1.34s/it]
Epoch 10: average [s/it]: 5.056380, current metric: 0.404731, best metric: 0.404731:   7%|▋         | 1666/25000 [3:05:42<8:41:02,  1.34s/it]
Epoch 10: average [s/it]: 5.056380, current metric: 0.404731, best metric: 0.404731:   7%|▋         | 1667/25000 [3:05:43<8:40:44,  1.34s/it]
Epoch 10: average [s/it]: 5.056380, current metric: 0.404731, best metric: 0.404731:   7%|▋         | 1668/25000 [3:05:45<8:40:35,  1.34s/it]
Epoch 10: average [s/it]: 5.056380, current metric: 0.404731, best metric: 0.404731:   7%|▋         | 1669/25000 [3:05:46<8:50:40,  1.36s/it]
Epoch 10: average [s/it]: 5.056380, current metric: 0.404731, best metric: 0.404731:   7%|▋         | 1670/25000 [3:05:47<8:47:27,  1.36s/it]
Epoch 10: average [s/it]: 5.056380, current metric: 0.404731, best metric: 0.404731:   7%|▋         | 1671/25000 [3:05:49<8:45:13,  1.35s/it]
Epoch 10: average [s/it]: 5.056380, current metric: 0.404731, best metric: 0.404731:   7%|▋         | 1672/25000 [3:05:50<8:43:39,  1.35s/it]
Epoch 10: average [s/it]: 5.056380, current metric: 0.404731, best metric: 0.404731:   7%|▋         | 1673/25000 [3:05:51<8:42:34,  1.34s/it]
Epoch 10: average [s/it]: 5.056380, current metric: 0.404731, best metric: 0.404731:   7%|▋         | 1674/25000 [3:05:53<9:16:51,  1.43s/it]
Epoch 10: average [s/it]: 5.056380, current metric: 0.404731, best metric: 0.404731:   7%|▋         | 1675/25000 [3:05:54<9:05:45,  1.40s/it]
Epoch 10: average [s/it]: 5.056380, current metric: 0.404731, best metric: 0.404731:   7%|▋         | 1676/25000 [3:05:56<8:58:03,  1.38s/it]
Epoch 10: average [s/it]: 5.056380, current metric: 0.404731, best metric: 0.404731:   7%|▋         | 1677/25000 [3:05:57<8:52:35,  1.37s/it]
Epoch 10: average [s/it]: 5.056380, current metric: 0.404731, best metric: 0.404731:   7%|▋         | 1678/25000 [3:05:58<8:48:47,  1.36s/it]
Epoch 10: average [s/it]: 5.056380, current metric: 0.404731, best metric: 0.404731:   7%|▋         | 1679/25000 [3:06:00<8:46:05,  1.35s/it]
Epoch 10: average [s/it]: 5.056380, current metric: 0.404731, best metric: 0.404731:   7%|▋         | 1680/25000 [3:06:01<8:44:16,  1.35s/it]
Epoch 10: average [s/it]: 5.056380, current metric: 0.404731, best metric: 0.404731:   7%|▋         | 1681/25000 [3:06:18<40:01:10,  6.18s/it]
Epoch 10: average [s/it]: 5.056380, current metric: 0.404731, best metric: 0.404731:   7%|▋         | 1682/25000 [3:06:24<38:49:59,  6.00s/it]
Epoch 10: average [s/it]: 5.056380, current metric: 0.404731, best metric: 0.404731:   7%|▋         | 1683/25000 [3:06:25<29:46:54,  4.60s/it]
Epoch 11: average [s/it]: 2.699142, current metric: 0.396292, best metric: 0.396292:   7%|▋         | 1683/25000 [3:08:09<29:46:54,  4.60s/it]
Epoch 11: average [s/it]: 2.699142, current metric: 0.396292, best metric: 0.396292:   7%|▋         | 1684/25000 [3:09:00<321:14:13, 49.60s/it]
Epoch 11: average [s/it]: 2.699142, current metric: 0.396292, best metric: 0.396292:   7%|▋         | 1685/25000 [3:09:01<227:27:31, 35.12s/it]
Epoch 11: average [s/it]: 2.699142, current metric: 0.396292, best metric: 0.396292:   7%|▋         | 1686/25000 [3:09:03<161:48:43, 24.99s/it]
Epoch 11: average [s/it]: 2.699142, current metric: 0.396292, best metric: 0.396292:   7%|▋         | 1687/25000 [3:09:04<115:51:51, 17.89s/it]
Epoch 11: average [s/it]: 2.699142, current metric: 0.396292, best metric: 0.396292:   7%|▋         | 1688/25000 [3:09:05<83:42:05, 12.93s/it] 
Epoch 11: average [s/it]: 2.699142, current metric: 0.396292, best metric: 0.396292:   7%|▋         | 1689/25000 [3:09:07<61:11:14,  9.45s/it]
Epoch 11: average [s/it]: 2.699142, current metric: 0.396292, best metric: 0.396292:   7%|▋         | 1690/25000 [3:09:08<45:25:39,  7.02s/it]
Epoch 11: average [s/it]: 2.699142, current metric: 0.396292, best metric: 0.396292:   7%|▋         | 1691/25000 [3:09:09<34:23:50,  5.31s/it]
Epoch 11: average [s/it]: 2.699142, current metric: 0.396292, best metric: 0.396292:   7%|▋         | 1692/25000 [3:09:12<28:38:48,  4.42s/it]
Epoch 11: average [s/it]: 2.699142, current metric: 0.396292, best metric: 0.396292:   7%|▋         | 1693/25000 [3:09:13<22:38:59,  3.50s/it]
Epoch 11: average [s/it]: 2.699142, current metric: 0.396292, best metric: 0.396292:   7%|▋         | 1694/25000 [3:09:14<18:27:09,  2.85s/it]
Epoch 11: average [s/it]: 2.699142, current metric: 0.396292, best metric: 0.396292:   7%|▋         | 1695/25000 [3:09:16<15:30:52,  2.40s/it]
Epoch 11: average [s/it]: 2.699142, current metric: 0.396292, best metric: 0.396292:   7%|▋         | 1696/25000 [3:09:17<13:27:30,  2.08s/it]
Epoch 11: average [s/it]: 2.699142, current metric: 0.396292, best metric: 0.396292:   7%|▋         | 1697/25000 [3:09:18<12:01:08,  1.86s/it]
Epoch 11: average [s/it]: 2.699142, current metric: 0.396292, best metric: 0.396292:   7%|▋         | 1698/25000 [3:09:20<11:00:39,  1.70s/it]
Epoch 11: average [s/it]: 2.699142, current metric: 0.396292, best metric: 0.396292:   7%|▋         | 1699/25000 [3:09:21<10:18:18,  1.59s/it]
Epoch 11: average [s/it]: 2.699142, current metric: 0.396292, best metric: 0.396292:   7%|▋         | 1700/25000 [3:09:37<39:05:07,  6.04s/it]
Epoch 11: average [s/it]: 2.699142, current metric: 0.396292, best metric: 0.396292:   7%|▋         | 1701/25000 [3:09:39<30:16:36,  4.68s/it]
Epoch 11: average [s/it]: 2.699142, current metric: 0.396292, best metric: 0.396292:   7%|▋         | 1702/25000 [3:09:40<23:56:25,  3.70s/it]
Epoch 11: average [s/it]: 2.699142, current metric: 0.396292, best metric: 0.396292:   7%|▋         | 1703/25000 [3:09:42<19:21:18,  2.99s/it]
Epoch 11: average [s/it]: 2.699142, current metric: 0.396292, best metric: 0.396292:   7%|▋         | 1704/25000 [3:09:43<16:08:49,  2.50s/it]
Epoch 11: average [s/it]: 2.699142, current metric: 0.396292, best metric: 0.396292:   7%|▋         | 1705/25000 [3:09:44<13:53:53,  2.15s/it]
Epoch 11: average [s/it]: 2.699142, current metric: 0.396292, best metric: 0.396292:   7%|▋         | 1706/25000 [3:09:46<12:19:35,  1.91s/it]
Epoch 11: average [s/it]: 2.699142, current metric: 0.396292, best metric: 0.396292:   7%|▋         | 1707/25000 [3:09:47<11:13:35,  1.74s/it]
Epoch 11: average [s/it]: 2.699142, current metric: 0.396292, best metric: 0.396292:   7%|▋         | 1708/25000 [3:09:48<10:27:23,  1.62s/it]
Epoch 11: average [s/it]: 2.699142, current metric: 0.396292, best metric: 0.396292:   7%|▋         | 1709/25000 [3:09:50<9:54:55,  1.53s/it] 
Epoch 11: average [s/it]: 2.699142, current metric: 0.396292, best metric: 0.396292:   7%|▋         | 1710/25000 [3:09:51<9:32:16,  1.47s/it]
Epoch 11: average [s/it]: 2.699142, current metric: 0.396292, best metric: 0.396292:   7%|▋         | 1711/25000 [3:09:52<9:16:18,  1.43s/it]
Epoch 11: average [s/it]: 2.699142, current metric: 0.396292, best metric: 0.396292:   7%|▋         | 1712/25000 [3:09:54<9:05:15,  1.40s/it]
Epoch 11: average [s/it]: 2.699142, current metric: 0.396292, best metric: 0.396292:   7%|▋         | 1713/25000 [3:09:55<8:57:25,  1.38s/it]
Epoch 11: average [s/it]: 2.699142, current metric: 0.396292, best metric: 0.396292:   7%|▋         | 1714/25000 [3:09:56<8:51:59,  1.37s/it]
Epoch 11: average [s/it]: 2.699142, current metric: 0.396292, best metric: 0.396292:   7%|▋         | 1715/25000 [3:09:58<8:48:08,  1.36s/it]
Epoch 11: average [s/it]: 2.699142, current metric: 0.396292, best metric: 0.396292:   7%|▋         | 1716/25000 [3:09:59<8:45:26,  1.35s/it]
Epoch 11: average [s/it]: 2.699142, current metric: 0.396292, best metric: 0.396292:   7%|▋         | 1717/25000 [3:10:00<8:43:35,  1.35s/it]
Epoch 11: average [s/it]: 2.699142, current metric: 0.396292, best metric: 0.396292:   7%|▋         | 1718/25000 [3:10:02<8:42:17,  1.35s/it]
Epoch 11: average [s/it]: 2.699142, current metric: 0.396292, best metric: 0.396292:   7%|▋         | 1719/25000 [3:10:03<8:41:25,  1.34s/it]
Epoch 11: average [s/it]: 2.699142, current metric: 0.396292, best metric: 0.396292:   7%|▋         | 1720/25000 [3:10:06<12:24:14,  1.92s/it]
Epoch 11: average [s/it]: 2.699142, current metric: 0.396292, best metric: 0.396292:   7%|▋         | 1721/25000 [3:10:08<11:16:34,  1.74s/it]
Epoch 11: average [s/it]: 2.699142, current metric: 0.396292, best metric: 0.396292:   7%|▋         | 1722/25000 [3:10:09<10:29:16,  1.62s/it]
Epoch 11: average [s/it]: 2.699142, current metric: 0.396292, best metric: 0.396292:   7%|▋         | 1723/25000 [3:10:10<9:56:09,  1.54s/it] 
Epoch 11: average [s/it]: 2.699142, current metric: 0.396292, best metric: 0.396292:   7%|▋         | 1724/25000 [3:10:51<85:39:29, 13.25s/it]
Epoch 11: average [s/it]: 2.699142, current metric: 0.396292, best metric: 0.396292:   7%|▋         | 1725/25000 [3:10:52<62:33:14,  9.68s/it]
Epoch 11: average [s/it]: 2.699142, current metric: 0.396292, best metric: 0.396292:   7%|▋         | 1726/25000 [3:10:54<46:22:54,  7.17s/it]
Epoch 11: average [s/it]: 2.699142, current metric: 0.396292, best metric: 0.396292:   7%|▋         | 1727/25000 [3:10:55<35:03:36,  5.42s/it]
Epoch 11: average [s/it]: 2.699142, current metric: 0.396292, best metric: 0.396292:   7%|▋         | 1728/25000 [3:10:56<27:08:09,  4.20s/it]
Epoch 11: average [s/it]: 2.699142, current metric: 0.396292, best metric: 0.396292:   7%|▋         | 1729/25000 [3:10:58<21:35:16,  3.34s/it]
Epoch 11: average [s/it]: 2.699142, current metric: 0.396292, best metric: 0.396292:   7%|▋         | 1730/25000 [3:10:59<17:42:21,  2.74s/it]
Epoch 11: average [s/it]: 2.699142, current metric: 0.396292, best metric: 0.396292:   7%|▋         | 1731/25000 [3:11:00<14:59:15,  2.32s/it]
Epoch 11: average [s/it]: 2.699142, current metric: 0.396292, best metric: 0.396292:   7%|▋         | 1732/25000 [3:11:02<13:05:04,  2.02s/it]
Epoch 11: average [s/it]: 2.699142, current metric: 0.396292, best metric: 0.396292:   7%|▋         | 1733/25000 [3:11:03<11:45:09,  1.82s/it]
Epoch 11: average [s/it]: 2.699142, current metric: 0.396292, best metric: 0.396292:   7%|▋         | 1734/25000 [3:11:04<10:58:50,  1.70s/it]
Epoch 11: average [s/it]: 2.699142, current metric: 0.396292, best metric: 0.396292:   7%|▋         | 1735/25000 [3:11:06<10:16:48,  1.59s/it]
Epoch 11: average [s/it]: 2.699142, current metric: 0.396292, best metric: 0.396292:   7%|▋         | 1736/25000 [3:11:07<9:47:29,  1.52s/it] 
Epoch 11: average [s/it]: 2.699142, current metric: 0.396292, best metric: 0.396292:   7%|▋         | 1737/25000 [3:11:08<9:26:50,  1.46s/it]
Epoch 11: average [s/it]: 2.699142, current metric: 0.396292, best metric: 0.396292:   7%|▋         | 1738/25000 [3:11:10<9:12:25,  1.42s/it]
Epoch 11: average [s/it]: 2.699142, current metric: 0.396292, best metric: 0.396292:   7%|▋         | 1739/25000 [3:11:11<9:02:21,  1.40s/it]
Epoch 11: average [s/it]: 2.699142, current metric: 0.396292, best metric: 0.396292:   7%|▋         | 1740/25000 [3:11:56<92:53:55, 14.38s/it]
Epoch 11: average [s/it]: 2.699142, current metric: 0.396292, best metric: 0.396292:   7%|▋         | 1741/25000 [3:11:57<67:37:14, 10.47s/it]
Epoch 11: average [s/it]: 2.699142, current metric: 0.396292, best metric: 0.396292:   7%|▋         | 1742/25000 [3:11:58<49:55:36,  7.73s/it]
Epoch 11: average [s/it]: 2.699142, current metric: 0.396292, best metric: 0.396292:   7%|▋         | 1743/25000 [3:12:00<37:32:25,  5.81s/it]
Epoch 11: average [s/it]: 2.699142, current metric: 0.396292, best metric: 0.396292:   7%|▋         | 1744/25000 [3:12:01<28:52:10,  4.47s/it]
Epoch 11: average [s/it]: 2.699142, current metric: 0.396292, best metric: 0.396292:   7%|▋         | 1745/25000 [3:12:02<22:48:03,  3.53s/it]
Epoch 11: average [s/it]: 2.699142, current metric: 0.396292, best metric: 0.396292:   7%|▋         | 1746/25000 [3:12:04<18:33:11,  2.87s/it]
Epoch 11: average [s/it]: 2.699142, current metric: 0.396292, best metric: 0.396292:   7%|▋         | 1747/25000 [3:12:05<15:34:50,  2.41s/it]
Epoch 11: average [s/it]: 2.699142, current metric: 0.396292, best metric: 0.396292:   7%|▋         | 1748/25000 [3:12:06<13:29:52,  2.09s/it]
Epoch 11: average [s/it]: 2.699142, current metric: 0.396292, best metric: 0.396292:   7%|▋         | 1749/25000 [3:12:08<12:02:32,  1.86s/it]
Epoch 11: average [s/it]: 2.699142, current metric: 0.396292, best metric: 0.396292:   7%|▋         | 1750/25000 [3:12:09<11:01:16,  1.71s/it]
Epoch 11: average [s/it]: 2.699142, current metric: 0.396292, best metric: 0.396292:   7%|▋         | 1751/25000 [3:12:10<10:18:25,  1.60s/it]
Epoch 11: average [s/it]: 2.699142, current metric: 0.396292, best metric: 0.396292:   7%|▋         | 1752/25000 [3:12:12<9:48:21,  1.52s/it] 
Epoch 11: average [s/it]: 2.699142, current metric: 0.396292, best metric: 0.396292:   7%|▋         | 1753/25000 [3:12:13<9:27:20,  1.46s/it]
Epoch 11: average [s/it]: 2.699142, current metric: 0.396292, best metric: 0.396292:   7%|▋         | 1754/25000 [3:12:14<9:12:44,  1.43s/it]
Epoch 11: average [s/it]: 2.699142, current metric: 0.396292, best metric: 0.396292:   7%|▋         | 1755/25000 [3:12:16<9:02:24,  1.40s/it]
Epoch 11: average [s/it]: 2.699142, current metric: 0.396292, best metric: 0.396292:   7%|▋         | 1756/25000 [3:12:34<42:02:40,  6.51s/it]
Epoch 11: average [s/it]: 2.699142, current metric: 0.396292, best metric: 0.396292:   7%|▋         | 1757/25000 [3:12:36<32:01:26,  4.96s/it]
Epoch 11: average [s/it]: 2.699142, current metric: 0.396292, best metric: 0.396292:   7%|▋         | 1758/25000 [3:12:37<25:00:31,  3.87s/it]
Epoch 11: average [s/it]: 2.699142, current metric: 0.396292, best metric: 0.396292:   7%|▋         | 1759/25000 [3:12:38<20:05:48,  3.11s/it]
Epoch 11: average [s/it]: 2.699142, current metric: 0.396292, best metric: 0.396292:   7%|▋         | 1760/25000 [3:12:40<16:39:28,  2.58s/it]
Epoch 11: average [s/it]: 2.699142, current metric: 0.396292, best metric: 0.396292:   7%|▋         | 1761/25000 [3:12:41<14:15:05,  2.21s/it]
Epoch 11: average [s/it]: 2.699142, current metric: 0.396292, best metric: 0.396292:   7%|▋         | 1762/25000 [3:12:42<12:34:00,  1.95s/it]
Epoch 11: average [s/it]: 2.699142, current metric: 0.396292, best metric: 0.396292:   7%|▋         | 1763/25000 [3:12:44<11:23:27,  1.76s/it]
Epoch 11: average [s/it]: 2.699142, current metric: 0.396292, best metric: 0.396292:   7%|▋         | 1764/25000 [3:12:45<10:33:45,  1.64s/it]
Epoch 11: average [s/it]: 2.699142, current metric: 0.396292, best metric: 0.396292:   7%|▋         | 1765/25000 [3:12:46<9:59:04,  1.55s/it] 
Epoch 11: average [s/it]: 2.699142, current metric: 0.396292, best metric: 0.396292:   7%|▋         | 1766/25000 [3:12:48<9:34:43,  1.48s/it]
Epoch 11: average [s/it]: 2.699142, current metric: 0.396292, best metric: 0.396292:   7%|▋         | 1767/25000 [3:12:49<9:17:46,  1.44s/it]
Epoch 11: average [s/it]: 2.699142, current metric: 0.396292, best metric: 0.396292:   7%|▋         | 1768/25000 [3:12:50<9:05:49,  1.41s/it]
Epoch 11: average [s/it]: 2.699142, current metric: 0.396292, best metric: 0.396292:   7%|▋         | 1769/25000 [3:12:52<8:57:28,  1.39s/it]
Epoch 11: average [s/it]: 2.699142, current metric: 0.396292, best metric: 0.396292:   7%|▋         | 1770/25000 [3:12:53<8:51:39,  1.37s/it]
Epoch 11: average [s/it]: 2.699142, current metric: 0.396292, best metric: 0.396292:   7%|▋         | 1771/25000 [3:12:54<8:47:35,  1.36s/it]
Epoch 11: average [s/it]: 2.699142, current metric: 0.396292, best metric: 0.396292:   7%|▋         | 1772/25000 [3:13:05<27:31:15,  4.27s/it]
Epoch 11: average [s/it]: 2.699142, current metric: 0.396292, best metric: 0.396292:   7%|▋         | 1773/25000 [3:13:07<21:51:19,  3.39s/it]
Epoch 11: average [s/it]: 2.699142, current metric: 0.396292, best metric: 0.396292:   7%|▋         | 1774/25000 [3:13:08<18:00:50,  2.79s/it]
Epoch 11: average [s/it]: 2.699142, current metric: 0.396292, best metric: 0.396292:   7%|▋         | 1775/25000 [3:13:09<15:11:51,  2.36s/it]
Epoch 11: average [s/it]: 2.699142, current metric: 0.396292, best metric: 0.396292:   7%|▋         | 1776/25000 [3:13:11<13:13:36,  2.05s/it]
Epoch 11: average [s/it]: 2.699142, current metric: 0.396292, best metric: 0.396292:   7%|▋         | 1777/25000 [3:13:12<11:50:51,  1.84s/it]
Epoch 11: average [s/it]: 2.699142, current metric: 0.396292, best metric: 0.396292:   7%|▋         | 1778/25000 [3:13:13<10:52:57,  1.69s/it]
Epoch 11: average [s/it]: 2.699142, current metric: 0.396292, best metric: 0.396292:   7%|▋         | 1779/25000 [3:13:15<10:12:23,  1.58s/it]
Epoch 11: average [s/it]: 2.699142, current metric: 0.396292, best metric: 0.396292:   7%|▋         | 1780/25000 [3:13:16<9:44:01,  1.51s/it] 
Epoch 11: average [s/it]: 2.699142, current metric: 0.396292, best metric: 0.396292:   7%|▋         | 1781/25000 [3:13:17<9:24:12,  1.46s/it]
Epoch 11: average [s/it]: 2.699142, current metric: 0.396292, best metric: 0.396292:   7%|▋         | 1782/25000 [3:13:19<9:10:13,  1.42s/it]
Epoch 11: average [s/it]: 2.699142, current metric: 0.396292, best metric: 0.396292:   7%|▋         | 1783/25000 [3:13:20<9:00:31,  1.40s/it]
Epoch 11: average [s/it]: 2.699142, current metric: 0.396292, best metric: 0.396292:   7%|▋         | 1784/25000 [3:13:22<8:53:43,  1.38s/it]
Epoch 11: average [s/it]: 2.699142, current metric: 0.396292, best metric: 0.396292:   7%|▋         | 1785/25000 [3:13:23<8:48:59,  1.37s/it]
Epoch 11: average [s/it]: 2.699142, current metric: 0.396292, best metric: 0.396292:   7%|▋         | 1786/25000 [3:13:24<8:45:34,  1.36s/it]
Epoch 11: average [s/it]: 2.699142, current metric: 0.396292, best metric: 0.396292:   7%|▋         | 1787/25000 [3:13:26<8:43:11,  1.35s/it]
Epoch 11: average [s/it]: 2.699142, current metric: 0.396292, best metric: 0.396292:   7%|▋         | 1788/25000 [3:13:27<8:41:27,  1.35s/it]
Epoch 11: average [s/it]: 2.699142, current metric: 0.396292, best metric: 0.396292:   7%|▋         | 1789/25000 [3:13:28<8:40:20,  1.35s/it]
Epoch 11: average [s/it]: 2.699142, current metric: 0.396292, best metric: 0.396292:   7%|▋         | 1790/25000 [3:13:30<8:39:24,  1.34s/it]
Epoch 11: average [s/it]: 2.699142, current metric: 0.396292, best metric: 0.396292:   7%|▋         | 1791/25000 [3:13:58<60:34:05,  9.39s/it]
Epoch 11: average [s/it]: 2.699142, current metric: 0.396292, best metric: 0.396292:   7%|▋         | 1792/25000 [3:13:59<44:59:10,  6.98s/it]
Epoch 11: average [s/it]: 2.699142, current metric: 0.396292, best metric: 0.396292:   7%|▋         | 1793/25000 [3:14:00<34:04:39,  5.29s/it]
Epoch 11: average [s/it]: 2.699142, current metric: 0.396292, best metric: 0.396292:   7%|▋         | 1794/25000 [3:14:02<26:26:27,  4.10s/it]
Epoch 11: average [s/it]: 2.699142, current metric: 0.396292, best metric: 0.396292:   7%|▋         | 1795/25000 [3:14:03<21:05:47,  3.27s/it]
Epoch 11: average [s/it]: 2.699142, current metric: 0.396292, best metric: 0.396292:   7%|▋         | 1796/25000 [3:14:04<17:21:13,  2.69s/it]
Epoch 11: average [s/it]: 2.699142, current metric: 0.396292, best metric: 0.396292:   7%|▋         | 1797/25000 [3:14:06<14:44:01,  2.29s/it]
Epoch 11: average [s/it]: 2.699142, current metric: 0.396292, best metric: 0.396292:   7%|▋         | 1798/25000 [3:14:07<12:54:00,  2.00s/it]
Epoch 11: average [s/it]: 2.699142, current metric: 0.396292, best metric: 0.396292:   7%|▋         | 1799/25000 [3:14:08<11:37:02,  1.80s/it]
Epoch 11: average [s/it]: 2.699142, current metric: 0.396292, best metric: 0.396292:   7%|▋         | 1800/25000 [3:14:10<10:43:09,  1.66s/it]
Epoch 11: average [s/it]: 2.699142, current metric: 0.396292, best metric: 0.396292:   7%|▋         | 1801/25000 [3:14:11<10:19:59,  1.60s/it]
Epoch 11: average [s/it]: 2.699142, current metric: 0.396292, best metric: 0.396292:   7%|▋         | 1802/25000 [3:14:13<9:53:53,  1.54s/it] 
Epoch 11: average [s/it]: 2.699142, current metric: 0.396292, best metric: 0.396292:   7%|▋         | 1803/25000 [3:14:14<9:30:53,  1.48s/it]
Epoch 11: average [s/it]: 2.699142, current metric: 0.396292, best metric: 0.396292:   7%|▋         | 1804/25000 [3:14:15<9:14:48,  1.44s/it]
Epoch 11: average [s/it]: 2.699142, current metric: 0.396292, best metric: 0.396292:   7%|▋         | 1805/25000 [3:14:21<18:12:46,  2.83s/it]
Epoch 11: average [s/it]: 2.699142, current metric: 0.396292, best metric: 0.396292:   7%|▋         | 1806/25000 [3:14:23<15:20:18,  2.38s/it]
Epoch 11: average [s/it]: 2.699142, current metric: 0.396292, best metric: 0.396292:   7%|▋         | 1807/25000 [3:14:32<28:57:38,  4.50s/it]
Epoch 11: average [s/it]: 2.699142, current metric: 0.396292, best metric: 0.396292:   7%|▋         | 1808/25000 [3:14:33<22:51:23,  3.55s/it]
Epoch 11: average [s/it]: 2.699142, current metric: 0.396292, best metric: 0.396292:   7%|▋         | 1809/25000 [3:14:35<18:35:03,  2.88s/it]
Epoch 11: average [s/it]: 2.699142, current metric: 0.396292, best metric: 0.396292:   7%|▋         | 1810/25000 [3:14:36<15:35:35,  2.42s/it]
Epoch 11: average [s/it]: 2.699142, current metric: 0.396292, best metric: 0.396292:   7%|▋         | 1811/25000 [3:14:37<13:30:05,  2.10s/it]
Epoch 11: average [s/it]: 2.699142, current metric: 0.396292, best metric: 0.396292:   7%|▋         | 1812/25000 [3:14:39<12:02:10,  1.87s/it]
Epoch 11: average [s/it]: 2.699142, current metric: 0.396292, best metric: 0.396292:   7%|▋         | 1813/25000 [3:14:40<11:00:40,  1.71s/it]
Epoch 11: average [s/it]: 2.699142, current metric: 0.396292, best metric: 0.396292:   7%|▋         | 1814/25000 [3:14:41<10:17:31,  1.60s/it]
Epoch 11: average [s/it]: 2.699142, current metric: 0.396292, best metric: 0.396292:   7%|▋         | 1815/25000 [3:14:43<9:47:22,  1.52s/it] 
Epoch 11: average [s/it]: 2.699142, current metric: 0.396292, best metric: 0.396292:   7%|▋         | 1816/25000 [3:14:44<9:26:08,  1.47s/it]
Epoch 11: average [s/it]: 2.699142, current metric: 0.396292, best metric: 0.396292:   7%|▋         | 1817/25000 [3:14:46<9:11:23,  1.43s/it]
Epoch 11: average [s/it]: 2.699142, current metric: 0.396292, best metric: 0.396292:   7%|▋         | 1818/25000 [3:14:47<9:01:03,  1.40s/it]
Epoch 11: average [s/it]: 2.699142, current metric: 0.396292, best metric: 0.396292:   7%|▋         | 1819/25000 [3:14:48<8:53:49,  1.38s/it]
Epoch 11: average [s/it]: 2.699142, current metric: 0.396292, best metric: 0.396292:   7%|▋         | 1820/25000 [3:14:50<8:48:44,  1.37s/it]
Epoch 11: average [s/it]: 2.699142, current metric: 0.396292, best metric: 0.396292:   7%|▋         | 1821/25000 [3:14:51<8:45:08,  1.36s/it]
Epoch 11: average [s/it]: 2.699142, current metric: 0.396292, best metric: 0.396292:   7%|▋         | 1822/25000 [3:14:52<8:42:32,  1.35s/it]
Epoch 11: average [s/it]: 2.699142, current metric: 0.396292, best metric: 0.396292:   7%|▋         | 1823/25000 [3:14:54<8:40:52,  1.35s/it]
Epoch 11: average [s/it]: 2.699142, current metric: 0.396292, best metric: 0.396292:   7%|▋         | 1824/25000 [3:14:55<8:39:32,  1.35s/it]
Epoch 11: average [s/it]: 2.699142, current metric: 0.396292, best metric: 0.396292:   7%|▋         | 1825/25000 [3:14:56<8:38:36,  1.34s/it]
Epoch 11: average [s/it]: 2.699142, current metric: 0.396292, best metric: 0.396292:   7%|▋         | 1826/25000 [3:15:14<40:38:41,  6.31s/it]
Epoch 11: average [s/it]: 2.699142, current metric: 0.396292, best metric: 0.396292:   7%|▋         | 1827/25000 [3:15:15<31:02:07,  4.82s/it]
Epoch 11: average [s/it]: 2.699142, current metric: 0.396292, best metric: 0.396292:   7%|▋         | 1828/25000 [3:15:17<24:18:27,  3.78s/it]
Epoch 11: average [s/it]: 2.699142, current metric: 0.396292, best metric: 0.396292:   7%|▋         | 1829/25000 [3:15:18<19:35:52,  3.04s/it]
Epoch 11: average [s/it]: 2.699142, current metric: 0.396292, best metric: 0.396292:   7%|▋         | 1830/25000 [3:15:19<16:18:03,  2.53s/it]
Epoch 11: average [s/it]: 2.699142, current metric: 0.396292, best metric: 0.396292:   7%|▋         | 1831/25000 [3:15:21<13:59:37,  2.17s/it]
Epoch 11: average [s/it]: 2.699142, current metric: 0.396292, best metric: 0.396292:   7%|▋         | 1832/25000 [3:15:22<12:22:42,  1.92s/it]
Epoch 11: average [s/it]: 2.699142, current metric: 0.396292, best metric: 0.396292:   7%|▋         | 1833/25000 [3:15:23<11:14:53,  1.75s/it]
Epoch 11: average [s/it]: 2.699142, current metric: 0.396292, best metric: 0.396292:   7%|▋         | 1834/25000 [3:15:25<10:27:24,  1.62s/it]
Epoch 11: average [s/it]: 2.699142, current metric: 0.396292, best metric: 0.396292:   7%|▋         | 1835/25000 [3:15:26<9:54:10,  1.54s/it] 
Epoch 11: average [s/it]: 2.699142, current metric: 0.396292, best metric: 0.396292:   7%|▋         | 1836/25000 [3:15:28<9:30:50,  1.48s/it]
Epoch 12: average [s/it]: 2.864270, current metric: 0.374869, best metric: 0.374869:   7%|▋         | 1836/25000 [3:18:19<9:30:50,  1.48s/it]
Epoch 12: average [s/it]: 2.864270, current metric: 0.374869, best metric: 0.374869:   7%|▋         | 1837/25000 [3:18:42<381:46:40, 59.34s/it]
Epoch 12: average [s/it]: 2.864270, current metric: 0.374869, best metric: 0.374869:   7%|▋         | 1838/25000 [3:19:20<340:47:26, 52.97s/it]
Epoch 12: average [s/it]: 2.864270, current metric: 0.374869, best metric: 0.374869:   7%|▋         | 1839/25000 [3:19:21<241:07:52, 37.48s/it]
Epoch 12: average [s/it]: 2.864270, current metric: 0.374869, best metric: 0.374869:   7%|▋         | 1840/25000 [3:19:23<171:22:12, 26.64s/it]
Epoch 12: average [s/it]: 2.864270, current metric: 0.374869, best metric: 0.374869:   7%|▋         | 1841/25000 [3:20:45<279:18:24, 43.42s/it]
Epoch 12: average [s/it]: 2.864270, current metric: 0.374869, best metric: 0.374869:   7%|▋         | 1842/25000 [3:20:47<198:05:33, 30.79s/it]
Epoch 12: average [s/it]: 2.864270, current metric: 0.374869, best metric: 0.374869:   7%|▋         | 1843/25000 [3:20:48<141:14:44, 21.96s/it]
Epoch 12: average [s/it]: 2.864270, current metric: 0.374869, best metric: 0.374869:   7%|▋         | 1844/25000 [3:20:49<101:50:32, 15.83s/it]
Epoch 12: average [s/it]: 2.864270, current metric: 0.374869, best metric: 0.374869:   7%|▋         | 1845/25000 [3:20:51<73:52:25, 11.49s/it] 
Epoch 12: average [s/it]: 2.864270, current metric: 0.374869, best metric: 0.374869:   7%|▋         | 1846/25000 [3:20:52<54:17:38,  8.44s/it]
Epoch 12: average [s/it]: 2.864270, current metric: 0.374869, best metric: 0.374869:   7%|▋         | 1847/25000 [3:20:53<40:35:24,  6.31s/it]
Epoch 12: average [s/it]: 2.864270, current metric: 0.374869, best metric: 0.374869:   7%|▋         | 1848/25000 [3:21:07<55:16:43,  8.60s/it]
Epoch 12: average [s/it]: 2.864270, current metric: 0.374869, best metric: 0.374869:   7%|▋         | 1849/25000 [3:21:09<41:16:53,  6.42s/it]
Epoch 12: average [s/it]: 2.864270, current metric: 0.374869, best metric: 0.374869:   7%|▋         | 1850/25000 [3:21:10<31:28:55,  4.90s/it]
Epoch 12: average [s/it]: 2.864270, current metric: 0.374869, best metric: 0.374869:   7%|▋         | 1851/25000 [3:21:11<24:37:16,  3.83s/it]
Epoch 12: average [s/it]: 2.864270, current metric: 0.374869, best metric: 0.374869:   7%|▋         | 1852/25000 [3:21:13<19:49:00,  3.08s/it]
Epoch 12: average [s/it]: 2.864270, current metric: 0.374869, best metric: 0.374869:   7%|▋         | 1853/25000 [3:21:14<16:27:17,  2.56s/it]
Epoch 12: average [s/it]: 2.864270, current metric: 0.374869, best metric: 0.374869:   7%|▋         | 1854/25000 [3:21:15<14:06:02,  2.19s/it]
Epoch 12: average [s/it]: 2.864270, current metric: 0.374869, best metric: 0.374869:   7%|▋         | 1855/25000 [3:21:17<12:27:19,  1.94s/it]
Epoch 12: average [s/it]: 2.864270, current metric: 0.374869, best metric: 0.374869:   7%|▋         | 1856/25000 [3:21:18<11:18:01,  1.76s/it]
Epoch 12: average [s/it]: 2.864270, current metric: 0.374869, best metric: 0.374869:   7%|▋         | 1857/25000 [3:21:19<10:29:37,  1.63s/it]
Epoch 12: average [s/it]: 2.864270, current metric: 0.374869, best metric: 0.374869:   7%|▋         | 1858/25000 [3:21:21<9:55:49,  1.54s/it] 
Epoch 12: average [s/it]: 2.864270, current metric: 0.374869, best metric: 0.374869:   7%|▋         | 1859/25000 [3:21:33<30:48:18,  4.79s/it]
Epoch 12: average [s/it]: 2.864270, current metric: 0.374869, best metric: 0.374869:   7%|▋         | 1860/25000 [3:21:34<24:08:55,  3.76s/it]
Epoch 12: average [s/it]: 2.864270, current metric: 0.374869, best metric: 0.374869:   7%|▋         | 1861/25000 [3:21:36<19:29:09,  3.03s/it]
Epoch 12: average [s/it]: 2.864270, current metric: 0.374869, best metric: 0.374869:   7%|▋         | 1862/25000 [3:21:37<16:13:32,  2.52s/it]
Epoch 12: average [s/it]: 2.864270, current metric: 0.374869, best metric: 0.374869:   7%|▋         | 1863/25000 [3:21:38<13:56:28,  2.17s/it]
Epoch 12: average [s/it]: 2.864270, current metric: 0.374869, best metric: 0.374869:   7%|▋         | 1864/25000 [3:21:40<12:20:28,  1.92s/it]
Epoch 12: average [s/it]: 2.864270, current metric: 0.374869, best metric: 0.374869:   7%|▋         | 1865/25000 [3:21:41<11:13:22,  1.75s/it]
Epoch 12: average [s/it]: 2.864270, current metric: 0.374869, best metric: 0.374869:   7%|▋         | 1866/25000 [3:21:43<10:26:26,  1.62s/it]
Epoch 12: average [s/it]: 2.864270, current metric: 0.374869, best metric: 0.374869:   7%|▋         | 1867/25000 [3:21:44<9:53:37,  1.54s/it] 
Epoch 12: average [s/it]: 2.864270, current metric: 0.374869, best metric: 0.374869:   7%|▋         | 1868/25000 [3:21:45<9:30:26,  1.48s/it]
Epoch 12: average [s/it]: 2.864270, current metric: 0.374869, best metric: 0.374869:   7%|▋         | 1869/25000 [3:21:47<9:14:18,  1.44s/it]
Epoch 12: average [s/it]: 2.864270, current metric: 0.374869, best metric: 0.374869:   7%|▋         | 1870/25000 [3:21:48<9:02:55,  1.41s/it]
Epoch 12: average [s/it]: 2.864270, current metric: 0.374869, best metric: 0.374869:   7%|▋         | 1871/25000 [3:21:49<8:55:03,  1.39s/it]
Epoch 12: average [s/it]: 2.864270, current metric: 0.374869, best metric: 0.374869:   7%|▋         | 1872/25000 [3:21:51<8:49:37,  1.37s/it]
Epoch 12: average [s/it]: 2.864270, current metric: 0.374869, best metric: 0.374869:   7%|▋         | 1873/25000 [3:23:06<151:31:45, 23.59s/it]
Epoch 12: average [s/it]: 2.864270, current metric: 0.374869, best metric: 0.374869:   7%|▋         | 1874/25000 [3:23:07<108:39:13, 16.91s/it]
Epoch 12: average [s/it]: 2.864270, current metric: 0.374869, best metric: 0.374869:   8%|▊         | 1875/25000 [3:23:09<78:38:15, 12.24s/it] 
Epoch 12: average [s/it]: 2.864270, current metric: 0.374869, best metric: 0.374869:   8%|▊         | 1876/25000 [3:23:10<57:37:35,  8.97s/it]
Epoch 12: average [s/it]: 2.864270, current metric: 0.374869, best metric: 0.374869:   8%|▊         | 1877/25000 [3:23:11<42:55:06,  6.68s/it]
Epoch 12: average [s/it]: 2.864270, current metric: 0.374869, best metric: 0.374869:   8%|▊         | 1878/25000 [3:23:13<32:37:26,  5.08s/it]
Epoch 12: average [s/it]: 2.864270, current metric: 0.374869, best metric: 0.374869:   8%|▊         | 1879/25000 [3:23:14<25:25:10,  3.96s/it]
Epoch 12: average [s/it]: 2.864270, current metric: 0.374869, best metric: 0.374869:   8%|▊         | 1880/25000 [3:23:34<56:31:37,  8.80s/it]
Epoch 12: average [s/it]: 2.864270, current metric: 0.374869, best metric: 0.374869:   8%|▊         | 1881/25000 [3:23:35<42:08:58,  6.56s/it]
Epoch 12: average [s/it]: 2.864270, current metric: 0.374869, best metric: 0.374869:   8%|▊         | 1882/25000 [3:23:37<32:05:11,  5.00s/it]
Epoch 12: average [s/it]: 2.864270, current metric: 0.374869, best metric: 0.374869:   8%|▊         | 1883/25000 [3:23:38<25:02:31,  3.90s/it]
Epoch 12: average [s/it]: 2.864270, current metric: 0.374869, best metric: 0.374869:   8%|▊         | 1884/25000 [3:23:54<48:56:38,  7.62s/it]
Epoch 12: average [s/it]: 2.864270, current metric: 0.374869, best metric: 0.374869:   8%|▊         | 1885/25000 [3:23:56<37:16:41,  5.81s/it]
Epoch 12: average [s/it]: 2.864270, current metric: 0.374869, best metric: 0.374869:   8%|▊         | 1886/25000 [3:23:57<28:40:33,  4.47s/it]
Epoch 12: average [s/it]: 2.864270, current metric: 0.374869, best metric: 0.374869:   8%|▊         | 1887/25000 [3:23:59<22:39:10,  3.53s/it]
Epoch 12: average [s/it]: 2.864270, current metric: 0.374869, best metric: 0.374869:   8%|▊         | 1888/25000 [3:24:00<18:26:15,  2.87s/it]
Epoch 12: average [s/it]: 2.864270, current metric: 0.374869, best metric: 0.374869:   8%|▊         | 1889/25000 [3:24:01<15:29:08,  2.41s/it]
Epoch 12: average [s/it]: 2.864270, current metric: 0.374869, best metric: 0.374869:   8%|▊         | 1890/25000 [3:24:03<13:25:19,  2.09s/it]
Epoch 12: average [s/it]: 2.864270, current metric: 0.374869, best metric: 0.374869:   8%|▊         | 1891/25000 [3:24:04<11:58:30,  1.87s/it]
Epoch 12: average [s/it]: 2.864270, current metric: 0.374869, best metric: 0.374869:   8%|▊         | 1892/25000 [3:24:05<10:57:47,  1.71s/it]
Epoch 12: average [s/it]: 2.864270, current metric: 0.374869, best metric: 0.374869:   8%|▊         | 1893/25000 [3:24:07<10:15:21,  1.60s/it]
Epoch 12: average [s/it]: 2.864270, current metric: 0.374869, best metric: 0.374869:   8%|▊         | 1894/25000 [3:24:08<9:45:33,  1.52s/it] 
Epoch 12: average [s/it]: 2.864270, current metric: 0.374869, best metric: 0.374869:   8%|▊         | 1895/25000 [3:24:09<9:24:42,  1.47s/it]
Epoch 12: average [s/it]: 2.864270, current metric: 0.374869, best metric: 0.374869:   8%|▊         | 1896/25000 [3:24:12<10:50:35,  1.69s/it]
Epoch 12: average [s/it]: 2.864270, current metric: 0.374869, best metric: 0.374869:   8%|▊         | 1897/25000 [3:24:13<10:10:14,  1.58s/it]
Epoch 12: average [s/it]: 2.864270, current metric: 0.374869, best metric: 0.374869:   8%|▊         | 1898/25000 [3:24:14<9:41:46,  1.51s/it] 
Epoch 12: average [s/it]: 2.864270, current metric: 0.374869, best metric: 0.374869:   8%|▊         | 1899/25000 [3:24:16<9:54:26,  1.54s/it]
Epoch 12: average [s/it]: 2.864270, current metric: 0.374869, best metric: 0.374869:   8%|▊         | 1900/25000 [3:25:26<141:22:21, 22.03s/it]
Epoch 12: average [s/it]: 2.864270, current metric: 0.374869, best metric: 0.374869:   8%|▊         | 1901/25000 [3:25:27<102:05:40, 15.91s/it]
Epoch 12: average [s/it]: 2.864270, current metric: 0.374869, best metric: 0.374869:   8%|▊         | 1902/25000 [3:25:29<74:16:18, 11.58s/it] 
Epoch 12: average [s/it]: 2.864270, current metric: 0.374869, best metric: 0.374869:   8%|▊         | 1903/25000 [3:25:30<54:34:02,  8.51s/it]
Epoch 12: average [s/it]: 2.864270, current metric: 0.374869, best metric: 0.374869:   8%|▊         | 1904/25000 [3:25:32<40:46:23,  6.36s/it]
Epoch 12: average [s/it]: 2.864270, current metric: 0.374869, best metric: 0.374869:   8%|▊         | 1905/25000 [3:25:33<31:07:04,  4.85s/it]
Epoch 12: average [s/it]: 2.864270, current metric: 0.374869, best metric: 0.374869:   8%|▊         | 1906/25000 [3:25:34<24:21:35,  3.80s/it]
Epoch 12: average [s/it]: 2.864270, current metric: 0.374869, best metric: 0.374869:   8%|▊         | 1907/25000 [3:25:36<19:37:42,  3.06s/it]
Epoch 12: average [s/it]: 2.864270, current metric: 0.374869, best metric: 0.374869:   8%|▊         | 1908/25000 [3:25:37<16:18:59,  2.54s/it]
Epoch 12: average [s/it]: 2.864270, current metric: 0.374869, best metric: 0.374869:   8%|▊         | 1909/25000 [3:25:38<13:59:55,  2.18s/it]
Epoch 12: average [s/it]: 2.864270, current metric: 0.374869, best metric: 0.374869:   8%|▊         | 1910/25000 [3:25:40<12:22:33,  1.93s/it]
Epoch 12: average [s/it]: 2.864270, current metric: 0.374869, best metric: 0.374869:   8%|▊         | 1911/25000 [3:25:41<11:14:31,  1.75s/it]
Epoch 12: average [s/it]: 2.864270, current metric: 0.374869, best metric: 0.374869:   8%|▊         | 1912/25000 [3:25:42<10:26:58,  1.63s/it]
Epoch 12: average [s/it]: 2.864270, current metric: 0.374869, best metric: 0.374869:   8%|▊         | 1913/25000 [3:25:44<9:53:24,  1.54s/it] 
Epoch 12: average [s/it]: 2.864270, current metric: 0.374869, best metric: 0.374869:   8%|▊         | 1914/25000 [3:25:45<9:30:02,  1.48s/it]
Epoch 12: average [s/it]: 2.864270, current metric: 0.374869, best metric: 0.374869:   8%|▊         | 1915/25000 [3:26:25<83:34:03, 13.03s/it]
Epoch 12: average [s/it]: 2.864270, current metric: 0.374869, best metric: 0.374869:   8%|▊         | 1916/25000 [3:27:21<167:14:04, 26.08s/it]
Epoch 12: average [s/it]: 2.864270, current metric: 0.374869, best metric: 0.374869:   8%|▊         | 1917/25000 [3:27:23<119:38:16, 18.66s/it]
Epoch 12: average [s/it]: 2.864270, current metric: 0.374869, best metric: 0.374869:   8%|▊         | 1918/25000 [3:27:24<86:19:24, 13.46s/it] 
Epoch 12: average [s/it]: 2.864270, current metric: 0.374869, best metric: 0.374869:   8%|▊         | 1919/25000 [3:27:25<63:00:02,  9.83s/it]
Epoch 12: average [s/it]: 2.864270, current metric: 0.374869, best metric: 0.374869:   8%|▊         | 1920/25000 [3:27:27<46:40:40,  7.28s/it]
Epoch 12: average [s/it]: 2.864270, current metric: 0.374869, best metric: 0.374869:   8%|▊         | 1921/25000 [3:27:28<35:14:58,  5.50s/it]
Epoch 12: average [s/it]: 2.864270, current metric: 0.374869, best metric: 0.374869:   8%|▊         | 1922/25000 [3:27:29<27:14:58,  4.25s/it]
Epoch 12: average [s/it]: 2.864270, current metric: 0.374869, best metric: 0.374869:   8%|▊         | 1923/25000 [3:27:31<21:39:05,  3.38s/it]
Epoch 12: average [s/it]: 2.864270, current metric: 0.374869, best metric: 0.374869:   8%|▊         | 1924/25000 [3:27:32<17:43:48,  2.77s/it]
Epoch 12: average [s/it]: 2.864270, current metric: 0.374869, best metric: 0.374869:   8%|▊         | 1925/25000 [3:27:34<14:59:11,  2.34s/it]
Epoch 12: average [s/it]: 2.864270, current metric: 0.374869, best metric: 0.374869:   8%|▊         | 1926/25000 [3:27:35<13:04:09,  2.04s/it]
Epoch 12: average [s/it]: 2.864270, current metric: 0.374869, best metric: 0.374869:   8%|▊         | 1927/25000 [3:27:36<11:43:33,  1.83s/it]
Epoch 12: average [s/it]: 2.864270, current metric: 0.374869, best metric: 0.374869:   8%|▊         | 1928/25000 [3:27:38<10:47:08,  1.68s/it]
Epoch 12: average [s/it]: 2.864270, current metric: 0.374869, best metric: 0.374869:   8%|▊         | 1929/25000 [3:27:39<10:07:37,  1.58s/it]
Epoch 12: average [s/it]: 2.864270, current metric: 0.374869, best metric: 0.374869:   8%|▊         | 1930/25000 [3:27:40<9:39:54,  1.51s/it] 
Epoch 12: average [s/it]: 2.864270, current metric: 0.374869, best metric: 0.374869:   8%|▊         | 1931/25000 [3:27:46<18:20:37,  2.86s/it]
Epoch 12: average [s/it]: 2.864270, current metric: 0.374869, best metric: 0.374869:   8%|▊         | 1932/25000 [3:27:50<20:59:56,  3.28s/it]
Epoch 12: average [s/it]: 2.864270, current metric: 0.374869, best metric: 0.374869:   8%|▊         | 1933/25000 [3:27:52<17:16:39,  2.70s/it]
Epoch 12: average [s/it]: 2.864270, current metric: 0.374869, best metric: 0.374869:   8%|▊         | 1934/25000 [3:27:53<14:40:22,  2.29s/it]
Epoch 12: average [s/it]: 2.864270, current metric: 0.374869, best metric: 0.374869:   8%|▊         | 1935/25000 [3:27:55<12:50:55,  2.01s/it]
Epoch 12: average [s/it]: 2.864270, current metric: 0.374869, best metric: 0.374869:   8%|▊         | 1936/25000 [3:27:56<11:34:31,  1.81s/it]
Epoch 12: average [s/it]: 2.864270, current metric: 0.374869, best metric: 0.374869:   8%|▊         | 1937/25000 [3:27:57<10:40:51,  1.67s/it]
Epoch 12: average [s/it]: 2.864270, current metric: 0.374869, best metric: 0.374869:   8%|▊         | 1938/25000 [3:27:59<10:03:19,  1.57s/it]
Epoch 12: average [s/it]: 2.864270, current metric: 0.374869, best metric: 0.374869:   8%|▊         | 1939/25000 [3:28:00<9:36:58,  1.50s/it] 
Epoch 12: average [s/it]: 2.864270, current metric: 0.374869, best metric: 0.374869:   8%|▊         | 1940/25000 [3:28:01<9:18:28,  1.45s/it]
Epoch 12: average [s/it]: 2.864270, current metric: 0.374869, best metric: 0.374869:   8%|▊         | 1941/25000 [3:28:03<9:05:36,  1.42s/it]
Epoch 12: average [s/it]: 2.864270, current metric: 0.374869, best metric: 0.374869:   8%|▊         | 1942/25000 [3:28:04<8:56:32,  1.40s/it]
Epoch 12: average [s/it]: 2.864270, current metric: 0.374869, best metric: 0.374869:   8%|▊         | 1943/25000 [3:28:05<8:50:15,  1.38s/it]
Epoch 12: average [s/it]: 2.864270, current metric: 0.374869, best metric: 0.374869:   8%|▊         | 1944/25000 [3:28:07<8:45:43,  1.37s/it]
Epoch 12: average [s/it]: 2.864270, current metric: 0.374869, best metric: 0.374869:   8%|▊         | 1945/25000 [3:28:08<8:42:39,  1.36s/it]
Epoch 12: average [s/it]: 2.864270, current metric: 0.374869, best metric: 0.374869:   8%|▊         | 1946/25000 [3:29:28<160:10:04, 25.01s/it]
Epoch 12: average [s/it]: 2.864270, current metric: 0.374869, best metric: 0.374869:   8%|▊         | 1947/25000 [3:29:29<114:41:27, 17.91s/it]
Epoch 12: average [s/it]: 2.864270, current metric: 0.374869, best metric: 0.374869:   8%|▊         | 1948/25000 [3:29:32<86:03:54, 13.44s/it] 
Epoch 12: average [s/it]: 2.864270, current metric: 0.374869, best metric: 0.374869:   8%|▊         | 1949/25000 [3:29:34<62:49:10,  9.81s/it]
Epoch 12: average [s/it]: 2.864270, current metric: 0.374869, best metric: 0.374869:   8%|▊         | 1950/25000 [3:29:35<46:32:44,  7.27s/it]
Epoch 12: average [s/it]: 2.864270, current metric: 0.374869, best metric: 0.374869:   8%|▊         | 1951/25000 [3:29:36<35:09:11,  5.49s/it]
Epoch 12: average [s/it]: 2.864270, current metric: 0.374869, best metric: 0.374869:   8%|▊         | 1952/25000 [3:29:38<27:10:40,  4.25s/it]
Epoch 12: average [s/it]: 2.864270, current metric: 0.374869, best metric: 0.374869:   8%|▊         | 1953/25000 [3:29:39<21:35:48,  3.37s/it]
Epoch 12: average [s/it]: 2.864270, current metric: 0.374869, best metric: 0.374869:   8%|▊         | 1954/25000 [3:29:41<17:41:31,  2.76s/it]
Epoch 12: average [s/it]: 2.864270, current metric: 0.374869, best metric: 0.374869:   8%|▊         | 1955/25000 [3:29:42<14:57:31,  2.34s/it]
Epoch 12: average [s/it]: 2.864270, current metric: 0.374869, best metric: 0.374869:   8%|▊         | 1956/25000 [3:29:43<13:02:36,  2.04s/it]
Epoch 12: average [s/it]: 2.864270, current metric: 0.374869, best metric: 0.374869:   8%|▊         | 1957/25000 [3:29:45<11:42:21,  1.83s/it]
Epoch 12: average [s/it]: 2.864270, current metric: 0.374869, best metric: 0.374869:   8%|▊         | 1958/25000 [3:29:46<10:46:03,  1.68s/it]
Epoch 12: average [s/it]: 2.864270, current metric: 0.374869, best metric: 0.374869:   8%|▊         | 1959/25000 [3:29:47<10:06:33,  1.58s/it]
Epoch 12: average [s/it]: 2.864270, current metric: 0.374869, best metric: 0.374869:   8%|▊         | 1960/25000 [3:29:49<9:38:59,  1.51s/it] 
Epoch 12: average [s/it]: 2.864270, current metric: 0.374869, best metric: 0.374869:   8%|▊         | 1961/25000 [3:29:50<9:19:34,  1.46s/it]
Epoch 12: average [s/it]: 2.864270, current metric: 0.374869, best metric: 0.374869:   8%|▊         | 1962/25000 [3:29:51<9:05:59,  1.42s/it]
Epoch 12: average [s/it]: 2.864270, current metric: 0.374869, best metric: 0.374869:   8%|▊         | 1963/25000 [3:29:53<8:56:40,  1.40s/it]
Epoch 12: average [s/it]: 2.864270, current metric: 0.374869, best metric: 0.374869:   8%|▊         | 1964/25000 [3:30:35<88:37:03, 13.85s/it]
Epoch 12: average [s/it]: 2.864270, current metric: 0.374869, best metric: 0.374869:   8%|▊         | 1965/25000 [3:30:37<64:51:06, 10.14s/it]
Epoch 12: average [s/it]: 2.864270, current metric: 0.374869, best metric: 0.374869:   8%|▊         | 1966/25000 [3:30:38<47:57:54,  7.50s/it]
Epoch 12: average [s/it]: 2.864270, current metric: 0.374869, best metric: 0.374869:   8%|▊         | 1967/25000 [3:30:40<36:08:40,  5.65s/it]
Epoch 12: average [s/it]: 2.864270, current metric: 0.374869, best metric: 0.374869:   8%|▊         | 1968/25000 [3:30:41<27:52:22,  4.36s/it]
Epoch 12: average [s/it]: 2.864270, current metric: 0.374869, best metric: 0.374869:   8%|▊         | 1969/25000 [3:30:42<22:04:52,  3.45s/it]
Epoch 12: average [s/it]: 2.864270, current metric: 0.374869, best metric: 0.374869:   8%|▊         | 1970/25000 [3:30:44<18:01:47,  2.82s/it]
Epoch 12: average [s/it]: 2.864270, current metric: 0.374869, best metric: 0.374869:   8%|▊         | 1971/25000 [3:30:45<15:11:24,  2.37s/it]
Epoch 12: average [s/it]: 2.864270, current metric: 0.374869, best metric: 0.374869:   8%|▊         | 1972/25000 [3:30:46<13:12:13,  2.06s/it]
Epoch 12: average [s/it]: 2.864270, current metric: 0.374869, best metric: 0.374869:   8%|▊         | 1973/25000 [3:30:48<11:48:48,  1.85s/it]
Epoch 12: average [s/it]: 2.864270, current metric: 0.374869, best metric: 0.374869:   8%|▊         | 1974/25000 [3:30:49<10:50:22,  1.69s/it]
Epoch 12: average [s/it]: 2.864270, current metric: 0.374869, best metric: 0.374869:   8%|▊         | 1975/25000 [3:30:50<10:09:36,  1.59s/it]
Epoch 12: average [s/it]: 2.864270, current metric: 0.374869, best metric: 0.374869:   8%|▊         | 1976/25000 [3:30:52<9:40:56,  1.51s/it] 
Epoch 12: average [s/it]: 2.864270, current metric: 0.374869, best metric: 0.374869:   8%|▊         | 1977/25000 [3:30:53<9:20:55,  1.46s/it]
Epoch 12: average [s/it]: 2.864270, current metric: 0.374869, best metric: 0.374869:   8%|▊         | 1978/25000 [3:30:54<9:06:44,  1.42s/it]
Epoch 12: average [s/it]: 2.864270, current metric: 0.374869, best metric: 0.374869:   8%|▊         | 1979/25000 [3:30:56<8:56:58,  1.40s/it]
Epoch 12: average [s/it]: 2.864270, current metric: 0.374869, best metric: 0.374869:   8%|▊         | 1980/25000 [3:31:35<82:08:05, 12.84s/it]
Epoch 12: average [s/it]: 2.864270, current metric: 0.374869, best metric: 0.374869:   8%|▊         | 1981/25000 [3:31:37<60:03:38,  9.39s/it]
Epoch 12: average [s/it]: 2.864270, current metric: 0.374869, best metric: 0.374869:   8%|▊         | 1982/25000 [3:31:38<44:36:31,  6.98s/it]
Epoch 12: average [s/it]: 2.864270, current metric: 0.374869, best metric: 0.374869:   8%|▊         | 1983/25000 [3:31:39<33:47:33,  5.29s/it]
Epoch 12: average [s/it]: 2.864270, current metric: 0.374869, best metric: 0.374869:   8%|▊         | 1984/25000 [3:31:41<26:13:16,  4.10s/it]
Epoch 12: average [s/it]: 2.864270, current metric: 0.374869, best metric: 0.374869:   8%|▊         | 1985/25000 [3:31:42<20:55:26,  3.27s/it]
Epoch 12: average [s/it]: 2.864270, current metric: 0.374869, best metric: 0.374869:   8%|▊         | 1986/25000 [3:31:43<17:12:53,  2.69s/it]
Epoch 12: average [s/it]: 2.864270, current metric: 0.374869, best metric: 0.374869:   8%|▊         | 1987/25000 [3:31:45<14:36:59,  2.29s/it]
Epoch 12: average [s/it]: 2.864270, current metric: 0.374869, best metric: 0.374869:   8%|▊         | 1988/25000 [3:31:46<12:47:56,  2.00s/it]
Epoch 12: average [s/it]: 2.864270, current metric: 0.374869, best metric: 0.374869:   8%|▊         | 1989/25000 [3:31:47<11:31:28,  1.80s/it]
Epoch 13: average [s/it]: 5.281939, current metric: 0.364652, best metric: 0.364652:   8%|▊         | 1989/25000 [3:35:42<11:31:28,  1.80s/it]
Epoch 13: average [s/it]: 5.281939, current metric: 0.364652, best metric: 0.364652:   8%|▊         | 1990/25000 [3:36:06<504:17:11, 78.90s/it]
Epoch 13: average [s/it]: 5.281939, current metric: 0.364652, best metric: 0.364652:   8%|▊         | 1991/25000 [3:36:41<420:09:42, 65.74s/it]
Epoch 13: average [s/it]: 5.281939, current metric: 0.364652, best metric: 0.364652:   8%|▊         | 1992/25000 [3:36:42<296:40:15, 46.42s/it]
Epoch 13: average [s/it]: 5.281939, current metric: 0.364652, best metric: 0.364652:   8%|▊         | 1993/25000 [3:36:44<210:13:50, 32.90s/it]
Epoch 13: average [s/it]: 5.281939, current metric: 0.364652, best metric: 0.364652:   8%|▊         | 1994/25000 [3:36:45<149:43:21, 23.43s/it]
Epoch 13: average [s/it]: 5.281939, current metric: 0.364652, best metric: 0.364652:   8%|▊         | 1995/25000 [3:36:46<107:22:14, 16.80s/it]
Epoch 13: average [s/it]: 5.281939, current metric: 0.364652, best metric: 0.364652:   8%|▊         | 1996/25000 [3:36:48<77:43:35, 12.16s/it] 
Epoch 13: average [s/it]: 5.281939, current metric: 0.364652, best metric: 0.364652:   8%|▊         | 1997/25000 [3:37:32<139:10:36, 21.78s/it]
Epoch 13: average [s/it]: 5.281939, current metric: 0.364652, best metric: 0.364652:   8%|▊         | 1998/25000 [3:37:33<99:59:20, 15.65s/it] 
Epoch 13: average [s/it]: 5.281939, current metric: 0.364652, best metric: 0.364652:   8%|▊         | 1999/25000 [3:37:35<72:33:41, 11.36s/it]
Epoch 13: average [s/it]: 5.281939, current metric: 0.364652, best metric: 0.364652:   8%|▊         | 2000/25000 [3:37:36<53:21:34,  8.35s/it]
Epoch 13: average [s/it]: 5.281939, current metric: 0.364652, best metric: 0.364652:   8%|▊         | 2001/25000 [3:37:38<40:39:25,  6.36s/it]
Epoch 13: average [s/it]: 5.281939, current metric: 0.364652, best metric: 0.364652:   8%|▊         | 2002/25000 [3:37:39<31:21:32,  4.91s/it]
Epoch 13: average [s/it]: 5.281939, current metric: 0.364652, best metric: 0.364652:   8%|▊         | 2003/25000 [3:37:41<24:31:09,  3.84s/it]
Epoch 13: average [s/it]: 5.281939, current metric: 0.364652, best metric: 0.364652:   8%|▊         | 2004/25000 [3:37:42<19:43:53,  3.09s/it]
Epoch 13: average [s/it]: 5.281939, current metric: 0.364652, best metric: 0.364652:   8%|▊         | 2005/25000 [3:37:43<16:22:40,  2.56s/it]
Epoch 13: average [s/it]: 5.281939, current metric: 0.364652, best metric: 0.364652:   8%|▊         | 2006/25000 [3:37:46<16:52:30,  2.64s/it]
Epoch 13: average [s/it]: 5.281939, current metric: 0.364652, best metric: 0.364652:   8%|▊         | 2007/25000 [3:38:41<116:16:04, 18.20s/it]
Epoch 13: average [s/it]: 5.281939, current metric: 0.364652, best metric: 0.364652:   8%|▊         | 2008/25000 [3:38:42<83:57:12, 13.15s/it] 
Epoch 13: average [s/it]: 5.281939, current metric: 0.364652, best metric: 0.364652:   8%|▊         | 2009/25000 [3:38:43<61:20:03,  9.60s/it]
Epoch 13: average [s/it]: 5.281939, current metric: 0.364652, best metric: 0.364652:   8%|▊         | 2010/25000 [3:38:45<45:30:00,  7.12s/it]
Epoch 13: average [s/it]: 5.281939, current metric: 0.364652, best metric: 0.364652:   8%|▊         | 2011/25000 [3:38:46<34:25:01,  5.39s/it]
Epoch 13: average [s/it]: 5.281939, current metric: 0.364652, best metric: 0.364652:   8%|▊         | 2012/25000 [3:38:47<26:39:27,  4.17s/it]
Epoch 13: average [s/it]: 5.281939, current metric: 0.364652, best metric: 0.364652:   8%|▊         | 2013/25000 [3:39:00<43:34:37,  6.82s/it]
Epoch 13: average [s/it]: 5.281939, current metric: 0.364652, best metric: 0.364652:   8%|▊         | 2014/25000 [3:39:07<43:04:14,  6.75s/it]
Epoch 13: average [s/it]: 5.281939, current metric: 0.364652, best metric: 0.364652:   8%|▊         | 2015/25000 [3:39:08<32:43:19,  5.13s/it]
Epoch 13: average [s/it]: 5.281939, current metric: 0.364652, best metric: 0.364652:   8%|▊         | 2016/25000 [3:39:10<25:28:23,  3.99s/it]
Epoch 13: average [s/it]: 5.281939, current metric: 0.364652, best metric: 0.364652:   8%|▊         | 2017/25000 [3:39:11<20:24:03,  3.20s/it]
Epoch 13: average [s/it]: 5.281939, current metric: 0.364652, best metric: 0.364652:   8%|▊         | 2018/25000 [3:39:12<16:50:50,  2.64s/it]
Epoch 13: average [s/it]: 5.281939, current metric: 0.364652, best metric: 0.364652:   8%|▊         | 2019/25000 [3:39:14<14:21:39,  2.25s/it]
Epoch 13: average [s/it]: 5.281939, current metric: 0.364652, best metric: 0.364652:   8%|▊         | 2020/25000 [3:39:15<12:37:11,  1.98s/it]
Epoch 13: average [s/it]: 5.281939, current metric: 0.364652, best metric: 0.364652:   8%|▊         | 2021/25000 [3:39:16<11:24:06,  1.79s/it]
Epoch 13: average [s/it]: 5.281939, current metric: 0.364652, best metric: 0.364652:   8%|▊         | 2022/25000 [3:39:18<10:33:03,  1.65s/it]
Epoch 13: average [s/it]: 5.281939, current metric: 0.364652, best metric: 0.364652:   8%|▊         | 2023/25000 [3:40:16<119:45:27, 18.76s/it]
Epoch 13: average [s/it]: 5.281939, current metric: 0.364652, best metric: 0.364652:   8%|▊         | 2024/25000 [3:40:18<86:23:37, 13.54s/it] 
Epoch 13: average [s/it]: 5.281939, current metric: 0.364652, best metric: 0.364652:   8%|▊         | 2025/25000 [3:40:19<63:02:16,  9.88s/it]
Epoch 13: average [s/it]: 5.281939, current metric: 0.364652, best metric: 0.364652:   8%|▊         | 2026/25000 [3:40:20<46:41:30,  7.32s/it]
Epoch 13: average [s/it]: 5.281939, current metric: 0.364652, best metric: 0.364652:   8%|▊         | 2027/25000 [3:40:22<35:14:56,  5.52s/it]
Epoch 13: average [s/it]: 5.281939, current metric: 0.364652, best metric: 0.364652:   8%|▊         | 2028/25000 [3:40:23<27:14:27,  4.27s/it]
Epoch 13: average [s/it]: 5.281939, current metric: 0.364652, best metric: 0.364652:   8%|▊         | 2029/25000 [3:40:24<21:37:55,  3.39s/it]
Epoch 13: average [s/it]: 5.281939, current metric: 0.364652, best metric: 0.364652:   8%|▊         | 2030/25000 [3:40:26<17:56:13,  2.81s/it]
Epoch 13: average [s/it]: 5.281939, current metric: 0.364652, best metric: 0.364652:   8%|▊         | 2031/25000 [3:40:27<15:07:06,  2.37s/it]
Epoch 13: average [s/it]: 5.281939, current metric: 0.364652, best metric: 0.364652:   8%|▊         | 2032/25000 [3:40:29<13:08:48,  2.06s/it]
Epoch 13: average [s/it]: 5.281939, current metric: 0.364652, best metric: 0.364652:   8%|▊         | 2033/25000 [3:40:30<11:45:56,  1.84s/it]
Epoch 13: average [s/it]: 5.281939, current metric: 0.364652, best metric: 0.364652:   8%|▊         | 2034/25000 [3:40:31<10:47:55,  1.69s/it]
Epoch 13: average [s/it]: 5.281939, current metric: 0.364652, best metric: 0.364652:   8%|▊         | 2035/25000 [3:40:33<10:07:25,  1.59s/it]
Epoch 13: average [s/it]: 5.281939, current metric: 0.364652, best metric: 0.364652:   8%|▊         | 2036/25000 [3:40:34<9:39:04,  1.51s/it] 
Epoch 13: average [s/it]: 5.281939, current metric: 0.364652, best metric: 0.364652:   8%|▊         | 2037/25000 [3:40:35<9:19:17,  1.46s/it]
Epoch 13: average [s/it]: 5.281939, current metric: 0.364652, best metric: 0.364652:   8%|▊         | 2038/25000 [3:40:37<9:05:18,  1.42s/it]
Epoch 13: average [s/it]: 5.281939, current metric: 0.364652, best metric: 0.364652:   8%|▊         | 2039/25000 [3:41:59<164:33:27, 25.80s/it]
Epoch 13: average [s/it]: 5.281939, current metric: 0.364652, best metric: 0.364652:   8%|▊         | 2040/25000 [3:42:01<117:45:00, 18.46s/it]
Epoch 13: average [s/it]: 5.281939, current metric: 0.364652, best metric: 0.364652:   8%|▊         | 2041/25000 [3:42:02<84:59:06, 13.33s/it] 
Epoch 13: average [s/it]: 5.281939, current metric: 0.364652, best metric: 0.364652:   8%|▊         | 2042/25000 [3:42:03<62:02:53,  9.73s/it]
Epoch 13: average [s/it]: 5.281939, current metric: 0.364652, best metric: 0.364652:   8%|▊         | 2043/25000 [3:42:05<45:59:39,  7.21s/it]
Epoch 13: average [s/it]: 5.281939, current metric: 0.364652, best metric: 0.364652:   8%|▊         | 2044/25000 [3:42:06<34:45:28,  5.45s/it]
Epoch 13: average [s/it]: 5.281939, current metric: 0.364652, best metric: 0.364652:   8%|▊         | 2045/25000 [3:42:07<26:53:30,  4.22s/it]
Epoch 13: average [s/it]: 5.281939, current metric: 0.364652, best metric: 0.364652:   8%|▊         | 2046/25000 [3:42:09<21:23:07,  3.35s/it]
Epoch 13: average [s/it]: 5.281939, current metric: 0.364652, best metric: 0.364652:   8%|▊         | 2047/25000 [3:42:10<17:31:47,  2.75s/it]
Epoch 13: average [s/it]: 5.281939, current metric: 0.364652, best metric: 0.364652:   8%|▊         | 2048/25000 [3:42:11<14:49:54,  2.33s/it]
Epoch 13: average [s/it]: 5.281939, current metric: 0.364652, best metric: 0.364652:   8%|▊         | 2049/25000 [3:42:13<12:56:40,  2.03s/it]
Epoch 13: average [s/it]: 5.281939, current metric: 0.364652, best metric: 0.364652:   8%|▊         | 2050/25000 [3:42:14<11:37:21,  1.82s/it]
Epoch 13: average [s/it]: 5.281939, current metric: 0.364652, best metric: 0.364652:   8%|▊         | 2051/25000 [3:42:15<10:41:48,  1.68s/it]
Epoch 13: average [s/it]: 5.281939, current metric: 0.364652, best metric: 0.364652:   8%|▊         | 2052/25000 [3:42:17<10:02:55,  1.58s/it]
Epoch 13: average [s/it]: 5.281939, current metric: 0.364652, best metric: 0.364652:   8%|▊         | 2053/25000 [3:42:18<9:35:51,  1.51s/it] 
Epoch 13: average [s/it]: 5.281939, current metric: 0.364652, best metric: 0.364652:   8%|▊         | 2054/25000 [3:42:19<9:16:53,  1.46s/it]
Epoch 13: average [s/it]: 5.281939, current metric: 0.364652, best metric: 0.364652:   8%|▊         | 2055/25000 [3:43:14<111:14:01, 17.45s/it]
Epoch 13: average [s/it]: 5.281939, current metric: 0.364652, best metric: 0.364652:   8%|▊         | 2056/25000 [3:43:15<80:25:20, 12.62s/it] 
Epoch 13: average [s/it]: 5.281939, current metric: 0.364652, best metric: 0.364652:   8%|▊         | 2057/25000 [3:43:17<58:51:14,  9.23s/it]
Epoch 13: average [s/it]: 5.281939, current metric: 0.364652, best metric: 0.364652:   8%|▊         | 2058/25000 [3:43:18<43:45:28,  6.87s/it]
Epoch 13: average [s/it]: 5.281939, current metric: 0.364652, best metric: 0.364652:   8%|▊         | 2059/25000 [3:43:19<33:11:23,  5.21s/it]
Epoch 13: average [s/it]: 5.281939, current metric: 0.364652, best metric: 0.364652:   8%|▊         | 2060/25000 [3:43:23<30:12:54,  4.74s/it]
Epoch 13: average [s/it]: 5.281939, current metric: 0.364652, best metric: 0.364652:   8%|▊         | 2061/25000 [3:43:24<23:42:37,  3.72s/it]
Epoch 13: average [s/it]: 5.281939, current metric: 0.364652, best metric: 0.364652:   8%|▊         | 2062/25000 [3:43:26<19:09:32,  3.01s/it]
Epoch 13: average [s/it]: 5.281939, current metric: 0.364652, best metric: 0.364652:   8%|▊         | 2063/25000 [3:43:27<15:58:21,  2.51s/it]
Epoch 13: average [s/it]: 5.281939, current metric: 0.364652, best metric: 0.364652:   8%|▊         | 2064/25000 [3:43:29<13:44:31,  2.16s/it]
Epoch 13: average [s/it]: 5.281939, current metric: 0.364652, best metric: 0.364652:   8%|▊         | 2065/25000 [3:43:30<12:10:54,  1.91s/it]
Epoch 13: average [s/it]: 5.281939, current metric: 0.364652, best metric: 0.364652:   8%|▊         | 2066/25000 [3:43:31<11:05:16,  1.74s/it]
Epoch 13: average [s/it]: 5.281939, current metric: 0.364652, best metric: 0.364652:   8%|▊         | 2067/25000 [3:43:33<10:19:29,  1.62s/it]
Epoch 13: average [s/it]: 5.281939, current metric: 0.364652, best metric: 0.364652:   8%|▊         | 2068/25000 [3:43:34<9:47:23,  1.54s/it] 
Epoch 13: average [s/it]: 5.281939, current metric: 0.364652, best metric: 0.364652:   8%|▊         | 2069/25000 [3:43:35<9:24:56,  1.48s/it]
Epoch 13: average [s/it]: 5.281939, current metric: 0.364652, best metric: 0.364652:   8%|▊         | 2070/25000 [3:43:37<9:09:10,  1.44s/it]
Epoch 13: average [s/it]: 5.281939, current metric: 0.364652, best metric: 0.364652:   8%|▊         | 2071/25000 [3:44:02<55:13:43,  8.67s/it]
Epoch 13: average [s/it]: 5.281939, current metric: 0.364652, best metric: 0.364652:   8%|▊         | 2072/25000 [3:44:28<88:30:02, 13.90s/it]
Epoch 13: average [s/it]: 5.281939, current metric: 0.364652, best metric: 0.364652:   8%|▊         | 2073/25000 [3:44:30<64:30:33, 10.13s/it]
Epoch 13: average [s/it]: 5.281939, current metric: 0.364652, best metric: 0.364652:   8%|▊         | 2074/25000 [3:44:31<47:43:01,  7.49s/it]
Epoch 13: average [s/it]: 5.281939, current metric: 0.364652, best metric: 0.364652:   8%|▊         | 2075/25000 [3:44:32<35:57:54,  5.65s/it]
Epoch 13: average [s/it]: 5.281939, current metric: 0.364652, best metric: 0.364652:   8%|▊         | 2076/25000 [3:44:39<37:44:36,  5.93s/it]
Epoch 13: average [s/it]: 5.281939, current metric: 0.364652, best metric: 0.364652:   8%|▊         | 2077/25000 [3:44:40<28:58:50,  4.55s/it]
Epoch 13: average [s/it]: 5.281939, current metric: 0.364652, best metric: 0.364652:   8%|▊         | 2078/25000 [3:44:41<22:50:45,  3.59s/it]
Epoch 13: average [s/it]: 5.281939, current metric: 0.364652, best metric: 0.364652:   8%|▊         | 2079/25000 [3:44:46<24:20:28,  3.82s/it]
Epoch 13: average [s/it]: 5.281939, current metric: 0.364652, best metric: 0.364652:   8%|▊         | 2080/25000 [3:44:47<19:36:10,  3.08s/it]
Epoch 13: average [s/it]: 5.281939, current metric: 0.364652, best metric: 0.364652:   8%|▊         | 2081/25000 [3:44:49<16:16:58,  2.56s/it]
Epoch 13: average [s/it]: 5.281939, current metric: 0.364652, best metric: 0.364652:   8%|▊         | 2082/25000 [3:44:50<13:57:33,  2.19s/it]
Epoch 13: average [s/it]: 5.281939, current metric: 0.364652, best metric: 0.364652:   8%|▊         | 2083/25000 [3:44:51<12:20:01,  1.94s/it]
Epoch 13: average [s/it]: 5.281939, current metric: 0.364652, best metric: 0.364652:   8%|▊         | 2084/25000 [3:44:53<11:11:42,  1.76s/it]
Epoch 13: average [s/it]: 5.281939, current metric: 0.364652, best metric: 0.364652:   8%|▊         | 2085/25000 [3:44:54<10:23:48,  1.63s/it]
Epoch 13: average [s/it]: 5.281939, current metric: 0.364652, best metric: 0.364652:   8%|▊         | 2086/25000 [3:44:55<9:50:17,  1.55s/it] 
Epoch 13: average [s/it]: 5.281939, current metric: 0.364652, best metric: 0.364652:   8%|▊         | 2087/25000 [3:44:57<9:26:36,  1.48s/it]
Epoch 13: average [s/it]: 5.281939, current metric: 0.364652, best metric: 0.364652:   8%|▊         | 2088/25000 [3:45:41<90:45:08, 14.26s/it]
Epoch 13: average [s/it]: 5.281939, current metric: 0.364652, best metric: 0.364652:   8%|▊         | 2089/25000 [3:45:42<66:04:57, 10.38s/it]
Epoch 13: average [s/it]: 5.281939, current metric: 0.364652, best metric: 0.364652:   8%|▊         | 2090/25000 [3:45:43<48:48:42,  7.67s/it]
Epoch 13: average [s/it]: 5.281939, current metric: 0.364652, best metric: 0.364652:   8%|▊         | 2091/25000 [3:45:45<36:43:26,  5.77s/it]
Epoch 13: average [s/it]: 5.281939, current metric: 0.364652, best metric: 0.364652:   8%|▊         | 2092/25000 [3:46:09<72:13:32, 11.35s/it]
Epoch 13: average [s/it]: 5.281939, current metric: 0.364652, best metric: 0.364652:   8%|▊         | 2093/25000 [3:46:10<53:06:57,  8.35s/it]
Epoch 13: average [s/it]: 5.281939, current metric: 0.364652, best metric: 0.364652:   8%|▊         | 2094/25000 [3:46:12<39:44:17,  6.25s/it]
Epoch 13: average [s/it]: 5.281939, current metric: 0.364652, best metric: 0.364652:   8%|▊         | 2095/25000 [3:46:13<30:22:24,  4.77s/it]
Epoch 13: average [s/it]: 5.281939, current metric: 0.364652, best metric: 0.364652:   8%|▊         | 2096/25000 [3:46:14<23:49:05,  3.74s/it]
Epoch 13: average [s/it]: 5.281939, current metric: 0.364652, best metric: 0.364652:   8%|▊         | 2097/25000 [3:46:16<19:29:59,  3.07s/it]
Epoch 13: average [s/it]: 5.281939, current metric: 0.364652, best metric: 0.364652:   8%|▊         | 2098/25000 [3:46:17<16:12:30,  2.55s/it]
Epoch 13: average [s/it]: 5.281939, current metric: 0.364652, best metric: 0.364652:   8%|▊         | 2099/25000 [3:46:19<13:54:12,  2.19s/it]
Epoch 13: average [s/it]: 5.281939, current metric: 0.364652, best metric: 0.364652:   8%|▊         | 2100/25000 [3:46:20<12:17:21,  1.93s/it]
Epoch 13: average [s/it]: 5.281939, current metric: 0.364652, best metric: 0.364652:   8%|▊         | 2101/25000 [3:46:22<11:57:07,  1.88s/it]
Epoch 13: average [s/it]: 5.281939, current metric: 0.364652, best metric: 0.364652:   8%|▊         | 2102/25000 [3:46:23<11:09:25,  1.75s/it]
Epoch 13: average [s/it]: 5.281939, current metric: 0.364652, best metric: 0.364652:   8%|▊         | 2103/25000 [3:46:24<10:22:00,  1.63s/it]
Epoch 13: average [s/it]: 5.281939, current metric: 0.364652, best metric: 0.364652:   8%|▊         | 2104/25000 [3:46:26<9:48:50,  1.54s/it] 
Epoch 13: average [s/it]: 5.281939, current metric: 0.364652, best metric: 0.364652:   8%|▊         | 2105/25000 [3:47:13<97:40:35, 15.36s/it]
Epoch 13: average [s/it]: 5.281939, current metric: 0.364652, best metric: 0.364652:   8%|▊         | 2106/25000 [3:47:15<70:55:53, 11.15s/it]
Epoch 13: average [s/it]: 5.281939, current metric: 0.364652, best metric: 0.364652:   8%|▊         | 2107/25000 [3:47:16<52:12:23,  8.21s/it]
Epoch 13: average [s/it]: 5.281939, current metric: 0.364652, best metric: 0.364652:   8%|▊         | 2108/25000 [3:47:17<39:05:56,  6.15s/it]
Epoch 13: average [s/it]: 5.281939, current metric: 0.364652, best metric: 0.364652:   8%|▊         | 2109/25000 [3:47:19<29:55:23,  4.71s/it]
Epoch 13: average [s/it]: 5.281939, current metric: 0.364652, best metric: 0.364652:   8%|▊         | 2110/25000 [3:47:20<23:30:07,  3.70s/it]
Epoch 13: average [s/it]: 5.281939, current metric: 0.364652, best metric: 0.364652:   8%|▊         | 2111/25000 [3:47:21<19:00:24,  2.99s/it]
Epoch 13: average [s/it]: 5.281939, current metric: 0.364652, best metric: 0.364652:   8%|▊         | 2112/25000 [3:47:23<15:51:24,  2.49s/it]
Epoch 13: average [s/it]: 5.281939, current metric: 0.364652, best metric: 0.364652:   8%|▊         | 2113/25000 [3:47:24<13:39:20,  2.15s/it]
Epoch 13: average [s/it]: 5.281939, current metric: 0.364652, best metric: 0.364652:   8%|▊         | 2114/25000 [3:47:25<12:06:37,  1.91s/it]
Epoch 13: average [s/it]: 5.281939, current metric: 0.364652, best metric: 0.364652:   8%|▊         | 2115/25000 [3:47:27<11:01:56,  1.74s/it]
Epoch 13: average [s/it]: 5.281939, current metric: 0.364652, best metric: 0.364652:   8%|▊         | 2116/25000 [3:47:28<10:16:39,  1.62s/it]
Epoch 13: average [s/it]: 5.281939, current metric: 0.364652, best metric: 0.364652:   8%|▊         | 2117/25000 [3:47:29<9:44:56,  1.53s/it] 
Epoch 13: average [s/it]: 5.281939, current metric: 0.364652, best metric: 0.364652:   8%|▊         | 2118/25000 [3:47:31<9:22:44,  1.48s/it]
Epoch 13: average [s/it]: 5.281939, current metric: 0.364652, best metric: 0.364652:   8%|▊         | 2119/25000 [3:47:32<9:07:06,  1.43s/it]
Epoch 13: average [s/it]: 5.281939, current metric: 0.364652, best metric: 0.364652:   8%|▊         | 2120/25000 [3:47:48<36:50:26,  5.80s/it]
Epoch 13: average [s/it]: 5.281939, current metric: 0.364652, best metric: 0.364652:   8%|▊         | 2121/25000 [3:47:49<28:20:35,  4.46s/it]
Epoch 13: average [s/it]: 5.281939, current metric: 0.364652, best metric: 0.364652:   8%|▊         | 2122/25000 [3:47:51<22:23:44,  3.52s/it]
Epoch 13: average [s/it]: 5.281939, current metric: 0.364652, best metric: 0.364652:   8%|▊         | 2123/25000 [3:47:52<18:13:48,  2.87s/it]
Epoch 13: average [s/it]: 5.281939, current metric: 0.364652, best metric: 0.364652:   8%|▊         | 2124/25000 [3:48:41<105:59:30, 16.68s/it]
Epoch 13: average [s/it]: 5.281939, current metric: 0.364652, best metric: 0.364652:   8%|▊         | 2125/25000 [3:48:42<76:44:43, 12.08s/it] 
Epoch 13: average [s/it]: 5.281939, current metric: 0.364652, best metric: 0.364652:   9%|▊         | 2126/25000 [3:48:44<56:16:12,  8.86s/it]
Epoch 13: average [s/it]: 5.281939, current metric: 0.364652, best metric: 0.364652:   9%|▊         | 2127/25000 [3:48:45<41:56:18,  6.60s/it]
Epoch 13: average [s/it]: 5.281939, current metric: 0.364652, best metric: 0.364652:   9%|▊         | 2128/25000 [3:48:46<31:54:25,  5.02s/it]
Epoch 13: average [s/it]: 5.281939, current metric: 0.364652, best metric: 0.364652:   9%|▊         | 2129/25000 [3:48:48<24:53:07,  3.92s/it]
Epoch 13: average [s/it]: 5.281939, current metric: 0.364652, best metric: 0.364652:   9%|▊         | 2130/25000 [3:48:49<19:58:07,  3.14s/it]
Epoch 13: average [s/it]: 5.281939, current metric: 0.364652, best metric: 0.364652:   9%|▊         | 2131/25000 [3:48:50<16:31:42,  2.60s/it]
Epoch 13: average [s/it]: 5.281939, current metric: 0.364652, best metric: 0.364652:   9%|▊         | 2132/25000 [3:48:52<14:07:13,  2.22s/it]
Epoch 13: average [s/it]: 5.281939, current metric: 0.364652, best metric: 0.364652:   9%|▊         | 2133/25000 [3:48:53<12:26:08,  1.96s/it]
Epoch 13: average [s/it]: 5.281939, current metric: 0.364652, best metric: 0.364652:   9%|▊         | 2134/25000 [3:48:54<11:15:14,  1.77s/it]
Epoch 13: average [s/it]: 5.281939, current metric: 0.364652, best metric: 0.364652:   9%|▊         | 2135/25000 [3:48:56<10:25:41,  1.64s/it]
Epoch 13: average [s/it]: 5.281939, current metric: 0.364652, best metric: 0.364652:   9%|▊         | 2136/25000 [3:49:05<25:13:34,  3.97s/it]
Epoch 13: average [s/it]: 5.281939, current metric: 0.364652, best metric: 0.364652:   9%|▊         | 2137/25000 [3:49:41<84:57:09, 13.38s/it]
Epoch 13: average [s/it]: 5.281939, current metric: 0.364652, best metric: 0.364652:   9%|▊         | 2138/25000 [3:49:42<62:00:48,  9.77s/it]
Epoch 13: average [s/it]: 5.281939, current metric: 0.364652, best metric: 0.364652:   9%|▊         | 2139/25000 [3:49:43<45:57:27,  7.24s/it]
Epoch 13: average [s/it]: 5.281939, current metric: 0.364652, best metric: 0.364652:   9%|▊         | 2140/25000 [3:50:17<96:46:52, 15.24s/it]
Epoch 13: average [s/it]: 5.281939, current metric: 0.364652, best metric: 0.364652:   9%|▊         | 2141/25000 [3:50:18<70:17:41, 11.07s/it]
Epoch 13: average [s/it]: 5.281939, current metric: 0.364652, best metric: 0.364652:   9%|▊         | 2142/25000 [3:50:20<51:45:14,  8.15s/it]
Epoch 14: average [s/it]: 5.737783, current metric: 0.383262, best metric: 0.364652:   9%|▊         | 2142/25000 [3:54:10<51:45:14,  8.15s/it]
Epoch 14: average [s/it]: 5.737783, current metric: 0.383262, best metric: 0.364652:   9%|▊         | 2143/25000 [3:55:23<613:59:27, 96.70s/it]
Epoch 14: average [s/it]: 5.737783, current metric: 0.383262, best metric: 0.364652:   9%|▊         | 2144/25000 [3:55:24<432:19:28, 68.09s/it]
Epoch 14: average [s/it]: 5.737783, current metric: 0.383262, best metric: 0.364652:   9%|▊         | 2145/25000 [3:55:26<305:09:47, 48.07s/it]
Epoch 14: average [s/it]: 5.737783, current metric: 0.383262, best metric: 0.364652:   9%|▊         | 2146/25000 [3:55:27<216:09:17, 34.05s/it]
Epoch 14: average [s/it]: 5.737783, current metric: 0.383262, best metric: 0.364652:   9%|▊         | 2147/25000 [3:55:28<153:50:56, 24.24s/it]
Epoch 14: average [s/it]: 5.737783, current metric: 0.383262, best metric: 0.364652:   9%|▊         | 2148/25000 [3:55:30<110:14:17, 17.37s/it]
Epoch 14: average [s/it]: 5.737783, current metric: 0.383262, best metric: 0.364652:   9%|▊         | 2149/25000 [3:55:31<79:42:37, 12.56s/it] 
Epoch 14: average [s/it]: 5.737783, current metric: 0.383262, best metric: 0.364652:   9%|▊         | 2150/25000 [3:55:32<58:20:36,  9.19s/it]
Epoch 14: average [s/it]: 5.737783, current metric: 0.383262, best metric: 0.364652:   9%|▊         | 2151/25000 [3:55:34<43:23:09,  6.84s/it]
Epoch 14: average [s/it]: 5.737783, current metric: 0.383262, best metric: 0.364652:   9%|▊         | 2152/25000 [3:55:35<32:55:00,  5.19s/it]
Epoch 14: average [s/it]: 5.737783, current metric: 0.383262, best metric: 0.364652:   9%|▊         | 2153/25000 [3:55:36<25:35:16,  4.03s/it]
Epoch 14: average [s/it]: 5.737783, current metric: 0.383262, best metric: 0.364652:   9%|▊         | 2154/25000 [3:55:38<20:27:32,  3.22s/it]
Epoch 14: average [s/it]: 5.737783, current metric: 0.383262, best metric: 0.364652:   9%|▊         | 2155/25000 [3:55:39<16:52:00,  2.66s/it]
Epoch 14: average [s/it]: 5.737783, current metric: 0.383262, best metric: 0.364652:   9%|▊         | 2156/25000 [3:55:41<14:21:08,  2.26s/it]
Epoch 14: average [s/it]: 5.737783, current metric: 0.383262, best metric: 0.364652:   9%|▊         | 2157/25000 [3:55:42<12:35:31,  1.98s/it]
Epoch 14: average [s/it]: 5.737783, current metric: 0.383262, best metric: 0.364652:   9%|▊         | 2158/25000 [3:55:43<11:21:38,  1.79s/it]
Epoch 14: average [s/it]: 5.737783, current metric: 0.383262, best metric: 0.364652:   9%|▊         | 2159/25000 [3:55:50<21:36:36,  3.41s/it]
Epoch 14: average [s/it]: 5.737783, current metric: 0.383262, best metric: 0.364652:   9%|▊         | 2160/25000 [3:56:20<71:14:46, 11.23s/it]
Epoch 14: average [s/it]: 5.737783, current metric: 0.383262, best metric: 0.364652:   9%|▊         | 2161/25000 [3:56:21<52:25:11,  8.26s/it]
Epoch 14: average [s/it]: 5.737783, current metric: 0.383262, best metric: 0.364652:   9%|▊         | 2162/25000 [3:56:23<39:14:18,  6.19s/it]
Epoch 14: average [s/it]: 5.737783, current metric: 0.383262, best metric: 0.364652:   9%|▊         | 2163/25000 [3:56:24<30:00:43,  4.73s/it]
Epoch 14: average [s/it]: 5.737783, current metric: 0.383262, best metric: 0.364652:   9%|▊         | 2164/25000 [3:56:25<23:33:08,  3.71s/it]
Epoch 14: average [s/it]: 5.737783, current metric: 0.383262, best metric: 0.364652:   9%|▊         | 2165/25000 [3:56:27<19:02:00,  3.00s/it]
Epoch 14: average [s/it]: 5.737783, current metric: 0.383262, best metric: 0.364652:   9%|▊         | 2166/25000 [3:56:28<15:52:08,  2.50s/it]
Epoch 14: average [s/it]: 5.737783, current metric: 0.383262, best metric: 0.364652:   9%|▊         | 2167/25000 [3:56:29<13:39:17,  2.15s/it]
Epoch 14: average [s/it]: 5.737783, current metric: 0.383262, best metric: 0.364652:   9%|▊         | 2168/25000 [3:56:31<12:06:13,  1.91s/it]
Epoch 14: average [s/it]: 5.737783, current metric: 0.383262, best metric: 0.364652:   9%|▊         | 2169/25000 [3:56:32<11:01:07,  1.74s/it]
Epoch 14: average [s/it]: 5.737783, current metric: 0.383262, best metric: 0.364652:   9%|▊         | 2170/25000 [3:56:33<10:15:30,  1.62s/it]
Epoch 14: average [s/it]: 5.737783, current metric: 0.383262, best metric: 0.364652:   9%|▊         | 2171/25000 [3:56:35<9:43:35,  1.53s/it] 
Epoch 14: average [s/it]: 5.737783, current metric: 0.383262, best metric: 0.364652:   9%|▊         | 2172/25000 [3:56:36<9:21:11,  1.48s/it]
Epoch 14: average [s/it]: 5.737783, current metric: 0.383262, best metric: 0.364652:   9%|▊         | 2173/25000 [3:56:37<9:05:38,  1.43s/it]
Epoch 14: average [s/it]: 5.737783, current metric: 0.383262, best metric: 0.364652:   9%|▊         | 2174/25000 [3:56:39<8:54:41,  1.41s/it]
Epoch 14: average [s/it]: 5.737783, current metric: 0.383262, best metric: 0.364652:   9%|▊         | 2175/25000 [3:56:40<8:47:01,  1.39s/it]
Epoch 14: average [s/it]: 5.737783, current metric: 0.383262, best metric: 0.364652:   9%|▊         | 2176/25000 [3:57:06<54:52:58,  8.66s/it]
Epoch 14: average [s/it]: 5.737783, current metric: 0.383262, best metric: 0.364652:   9%|▊         | 2177/25000 [3:57:07<40:57:49,  6.46s/it]
Epoch 14: average [s/it]: 5.737783, current metric: 0.383262, best metric: 0.364652:   9%|▊         | 2178/25000 [3:57:08<31:13:14,  4.92s/it]
Epoch 14: average [s/it]: 5.737783, current metric: 0.383262, best metric: 0.364652:   9%|▊         | 2179/25000 [3:57:10<24:23:54,  3.85s/it]
Epoch 14: average [s/it]: 5.737783, current metric: 0.383262, best metric: 0.364652:   9%|▊         | 2180/25000 [3:57:11<19:37:19,  3.10s/it]
Epoch 14: average [s/it]: 5.737783, current metric: 0.383262, best metric: 0.364652:   9%|▊         | 2181/25000 [3:57:12<16:16:37,  2.57s/it]
Epoch 14: average [s/it]: 5.737783, current metric: 0.383262, best metric: 0.364652:   9%|▊         | 2182/25000 [3:57:14<14:01:09,  2.21s/it]
Epoch 14: average [s/it]: 5.737783, current metric: 0.383262, best metric: 0.364652:   9%|▊         | 2183/25000 [3:57:15<12:21:31,  1.95s/it]
Epoch 14: average [s/it]: 5.737783, current metric: 0.383262, best metric: 0.364652:   9%|▊         | 2184/25000 [3:57:16<11:11:44,  1.77s/it]
Epoch 14: average [s/it]: 5.737783, current metric: 0.383262, best metric: 0.364652:   9%|▊         | 2185/25000 [3:57:18<10:22:50,  1.64s/it]
Epoch 14: average [s/it]: 5.737783, current metric: 0.383262, best metric: 0.364652:   9%|▊         | 2186/25000 [3:57:19<9:48:42,  1.55s/it] 
Epoch 14: average [s/it]: 5.737783, current metric: 0.383262, best metric: 0.364652:   9%|▊         | 2187/25000 [3:57:20<9:24:43,  1.49s/it]
Epoch 14: average [s/it]: 5.737783, current metric: 0.383262, best metric: 0.364652:   9%|▉         | 2188/25000 [3:57:22<9:07:57,  1.44s/it]
Epoch 14: average [s/it]: 5.737783, current metric: 0.383262, best metric: 0.364652:   9%|▉         | 2189/25000 [3:57:23<8:56:09,  1.41s/it]
Epoch 14: average [s/it]: 5.737783, current metric: 0.383262, best metric: 0.364652:   9%|▉         | 2190/25000 [3:57:24<8:47:54,  1.39s/it]
Epoch 14: average [s/it]: 5.737783, current metric: 0.383262, best metric: 0.364652:   9%|▉         | 2191/25000 [3:57:26<8:42:02,  1.37s/it]
Epoch 14: average [s/it]: 5.737783, current metric: 0.383262, best metric: 0.364652:   9%|▉         | 2192/25000 [3:58:28<124:13:53, 19.61s/it]
Epoch 14: average [s/it]: 5.737783, current metric: 0.383262, best metric: 0.364652:   9%|▉         | 2193/25000 [3:58:29<89:30:16, 14.13s/it] 
Epoch 14: average [s/it]: 5.737783, current metric: 0.383262, best metric: 0.364652:   9%|▉         | 2194/25000 [3:58:30<65:11:36, 10.29s/it]
Epoch 14: average [s/it]: 5.737783, current metric: 0.383262, best metric: 0.364652:   9%|▉         | 2195/25000 [3:58:32<48:10:36,  7.61s/it]
Epoch 14: average [s/it]: 5.737783, current metric: 0.383262, best metric: 0.364652:   9%|▉         | 2196/25000 [3:58:33<36:16:00,  5.73s/it]
Epoch 14: average [s/it]: 5.737783, current metric: 0.383262, best metric: 0.364652:   9%|▉         | 2197/25000 [3:58:35<27:55:56,  4.41s/it]
Epoch 14: average [s/it]: 5.737783, current metric: 0.383262, best metric: 0.364652:   9%|▉         | 2198/25000 [3:58:36<22:05:42,  3.49s/it]
Epoch 14: average [s/it]: 5.737783, current metric: 0.383262, best metric: 0.364652:   9%|▉         | 2199/25000 [3:58:37<18:00:43,  2.84s/it]
Epoch 14: average [s/it]: 5.737783, current metric: 0.383262, best metric: 0.364652:   9%|▉         | 2200/25000 [3:58:39<15:09:14,  2.39s/it]
Epoch 14: average [s/it]: 5.737783, current metric: 0.383262, best metric: 0.364652:   9%|▉         | 2201/25000 [3:58:40<13:24:35,  2.12s/it]
Epoch 14: average [s/it]: 5.737783, current metric: 0.383262, best metric: 0.364652:   9%|▉         | 2202/25000 [3:58:41<12:02:59,  1.90s/it]
Epoch 14: average [s/it]: 5.737783, current metric: 0.383262, best metric: 0.364652:   9%|▉         | 2203/25000 [3:58:43<10:58:39,  1.73s/it]
Epoch 14: average [s/it]: 5.737783, current metric: 0.383262, best metric: 0.364652:   9%|▉         | 2204/25000 [3:58:44<10:13:29,  1.61s/it]
Epoch 14: average [s/it]: 5.737783, current metric: 0.383262, best metric: 0.364652:   9%|▉         | 2205/25000 [3:58:45<9:41:59,  1.53s/it] 
Epoch 14: average [s/it]: 5.737783, current metric: 0.383262, best metric: 0.364652:   9%|▉         | 2206/25000 [3:58:47<9:19:58,  1.47s/it]
Epoch 14: average [s/it]: 5.737783, current metric: 0.383262, best metric: 0.364652:   9%|▉         | 2207/25000 [3:58:48<9:04:30,  1.43s/it]
Epoch 14: average [s/it]: 5.737783, current metric: 0.383262, best metric: 0.364652:   9%|▉         | 2208/25000 [3:59:05<38:34:05,  6.09s/it]
Epoch 14: average [s/it]: 5.737783, current metric: 0.383262, best metric: 0.364652:   9%|▉         | 2209/25000 [3:59:06<29:32:29,  4.67s/it]
Epoch 14: average [s/it]: 5.737783, current metric: 0.383262, best metric: 0.364652:   9%|▉         | 2210/25000 [3:59:08<23:13:16,  3.67s/it]
Epoch 14: average [s/it]: 5.737783, current metric: 0.383262, best metric: 0.364652:   9%|▉         | 2211/25000 [3:59:09<18:47:45,  2.97s/it]
Epoch 14: average [s/it]: 5.737783, current metric: 0.383262, best metric: 0.364652:   9%|▉         | 2212/25000 [3:59:10<15:44:16,  2.49s/it]
Epoch 14: average [s/it]: 5.737783, current metric: 0.383262, best metric: 0.364652:   9%|▉         | 2213/25000 [3:59:12<13:33:49,  2.14s/it]
Epoch 14: average [s/it]: 5.737783, current metric: 0.383262, best metric: 0.364652:   9%|▉         | 2214/25000 [3:59:13<12:02:08,  1.90s/it]
Epoch 14: average [s/it]: 5.737783, current metric: 0.383262, best metric: 0.364652:   9%|▉         | 2215/25000 [3:59:14<10:57:50,  1.73s/it]
Epoch 14: average [s/it]: 5.737783, current metric: 0.383262, best metric: 0.364652:   9%|▉         | 2216/25000 [3:59:16<10:12:57,  1.61s/it]
Epoch 14: average [s/it]: 5.737783, current metric: 0.383262, best metric: 0.364652:   9%|▉         | 2217/25000 [3:59:17<9:41:26,  1.53s/it] 
Epoch 14: average [s/it]: 5.737783, current metric: 0.383262, best metric: 0.364652:   9%|▉         | 2218/25000 [3:59:18<9:19:22,  1.47s/it]
Epoch 14: average [s/it]: 5.737783, current metric: 0.383262, best metric: 0.364652:   9%|▉         | 2219/25000 [3:59:20<9:04:00,  1.43s/it]
Epoch 14: average [s/it]: 5.737783, current metric: 0.383262, best metric: 0.364652:   9%|▉         | 2220/25000 [3:59:21<8:53:10,  1.40s/it]
Epoch 14: average [s/it]: 5.737783, current metric: 0.383262, best metric: 0.364652:   9%|▉         | 2221/25000 [3:59:22<8:45:36,  1.38s/it]
Epoch 14: average [s/it]: 5.737783, current metric: 0.383262, best metric: 0.364652:   9%|▉         | 2222/25000 [3:59:24<8:40:18,  1.37s/it]
Epoch 14: average [s/it]: 5.737783, current metric: 0.383262, best metric: 0.364652:   9%|▉         | 2223/25000 [3:59:25<8:36:36,  1.36s/it]
Epoch 14: average [s/it]: 5.737783, current metric: 0.383262, best metric: 0.364652:   9%|▉         | 2224/25000 [3:59:32<18:59:32,  3.00s/it]
Epoch 14: average [s/it]: 5.737783, current metric: 0.383262, best metric: 0.364652:   9%|▉         | 2225/25000 [3:59:33<15:50:09,  2.50s/it]
Epoch 14: average [s/it]: 5.737783, current metric: 0.383262, best metric: 0.364652:   9%|▉         | 2226/25000 [3:59:35<13:37:23,  2.15s/it]
Epoch 14: average [s/it]: 5.737783, current metric: 0.383262, best metric: 0.364652:   9%|▉         | 2227/25000 [3:59:36<12:04:29,  1.91s/it]
Epoch 14: average [s/it]: 5.737783, current metric: 0.383262, best metric: 0.364652:   9%|▉         | 2228/25000 [3:59:37<10:59:23,  1.74s/it]
Epoch 14: average [s/it]: 5.737783, current metric: 0.383262, best metric: 0.364652:   9%|▉         | 2229/25000 [3:59:39<10:13:55,  1.62s/it]
Epoch 14: average [s/it]: 5.737783, current metric: 0.383262, best metric: 0.364652:   9%|▉         | 2230/25000 [4:00:03<53:36:45,  8.48s/it]
Epoch 14: average [s/it]: 5.737783, current metric: 0.383262, best metric: 0.364652:   9%|▉         | 2231/25000 [4:00:04<40:04:00,  6.33s/it]
Epoch 14: average [s/it]: 5.737783, current metric: 0.383262, best metric: 0.364652:   9%|▉         | 2232/25000 [4:00:06<30:35:07,  4.84s/it]
Epoch 14: average [s/it]: 5.737783, current metric: 0.383262, best metric: 0.364652:   9%|▉         | 2233/25000 [4:00:07<23:56:47,  3.79s/it]
Epoch 14: average [s/it]: 5.737783, current metric: 0.383262, best metric: 0.364652:   9%|▉         | 2234/25000 [4:00:09<19:18:04,  3.05s/it]
Epoch 14: average [s/it]: 5.737783, current metric: 0.383262, best metric: 0.364652:   9%|▉         | 2235/25000 [4:00:10<16:02:52,  2.54s/it]
Epoch 14: average [s/it]: 5.737783, current metric: 0.383262, best metric: 0.364652:   9%|▉         | 2236/25000 [4:00:11<13:46:20,  2.18s/it]
Epoch 14: average [s/it]: 5.737783, current metric: 0.383262, best metric: 0.364652:   9%|▉         | 2237/25000 [4:00:13<12:10:38,  1.93s/it]
Epoch 14: average [s/it]: 5.737783, current metric: 0.383262, best metric: 0.364652:   9%|▉         | 2238/25000 [4:00:14<11:03:39,  1.75s/it]
Epoch 14: average [s/it]: 5.737783, current metric: 0.383262, best metric: 0.364652:   9%|▉         | 2239/25000 [4:00:15<10:16:46,  1.63s/it]
Epoch 14: average [s/it]: 5.737783, current metric: 0.383262, best metric: 0.364652:   9%|▉         | 2240/25000 [4:00:17<9:43:59,  1.54s/it] 
Epoch 14: average [s/it]: 5.737783, current metric: 0.383262, best metric: 0.364652:   9%|▉         | 2241/25000 [4:00:18<9:21:05,  1.48s/it]
Epoch 14: average [s/it]: 5.737783, current metric: 0.383262, best metric: 0.364652:   9%|▉         | 2242/25000 [4:00:19<9:05:03,  1.44s/it]
Epoch 14: average [s/it]: 5.737783, current metric: 0.383262, best metric: 0.364652:   9%|▉         | 2243/25000 [4:00:21<8:53:48,  1.41s/it]
Epoch 14: average [s/it]: 5.737783, current metric: 0.383262, best metric: 0.364652:   9%|▉         | 2244/25000 [4:00:22<8:45:53,  1.39s/it]
Epoch 14: average [s/it]: 5.737783, current metric: 0.383262, best metric: 0.364652:   9%|▉         | 2245/25000 [4:00:23<8:40:38,  1.37s/it]
Epoch 14: average [s/it]: 5.737783, current metric: 0.383262, best metric: 0.364652:   9%|▉         | 2246/25000 [4:00:25<8:36:40,  1.36s/it]
Epoch 14: average [s/it]: 5.737783, current metric: 0.383262, best metric: 0.364652:   9%|▉         | 2247/25000 [4:00:26<8:33:57,  1.36s/it]
Epoch 14: average [s/it]: 5.737783, current metric: 0.383262, best metric: 0.364652:   9%|▉         | 2248/25000 [4:00:27<8:31:59,  1.35s/it]
Epoch 14: average [s/it]: 5.737783, current metric: 0.383262, best metric: 0.364652:   9%|▉         | 2249/25000 [4:00:29<8:40:10,  1.37s/it]
Epoch 14: average [s/it]: 5.737783, current metric: 0.383262, best metric: 0.364652:   9%|▉         | 2250/25000 [4:00:30<8:36:18,  1.36s/it]
Epoch 14: average [s/it]: 5.737783, current metric: 0.383262, best metric: 0.364652:   9%|▉         | 2251/25000 [4:00:31<8:33:36,  1.35s/it]
Epoch 14: average [s/it]: 5.737783, current metric: 0.383262, best metric: 0.364652:   9%|▉         | 2252/25000 [4:00:33<8:31:46,  1.35s/it]
Epoch 14: average [s/it]: 5.737783, current metric: 0.383262, best metric: 0.364652:   9%|▉         | 2253/25000 [4:00:34<8:30:17,  1.35s/it]
Epoch 14: average [s/it]: 5.737783, current metric: 0.383262, best metric: 0.364652:   9%|▉         | 2254/25000 [4:00:35<8:29:21,  1.34s/it]
Epoch 14: average [s/it]: 5.737783, current metric: 0.383262, best metric: 0.364652:   9%|▉         | 2255/25000 [4:00:37<8:28:44,  1.34s/it]
Epoch 14: average [s/it]: 5.737783, current metric: 0.383262, best metric: 0.364652:   9%|▉         | 2256/25000 [4:01:01<51:12:59,  8.11s/it]
Epoch 14: average [s/it]: 5.737783, current metric: 0.383262, best metric: 0.364652:   9%|▉         | 2257/25000 [4:01:31<92:41:38, 14.67s/it]
Epoch 14: average [s/it]: 5.737783, current metric: 0.383262, best metric: 0.364652:   9%|▉         | 2258/25000 [4:01:32<67:25:08, 10.67s/it]
Epoch 14: average [s/it]: 5.737783, current metric: 0.383262, best metric: 0.364652:   9%|▉         | 2259/25000 [4:01:33<49:43:40,  7.87s/it]
Epoch 14: average [s/it]: 5.737783, current metric: 0.383262, best metric: 0.364652:   9%|▉         | 2260/25000 [4:01:35<37:20:42,  5.91s/it]
Epoch 14: average [s/it]: 5.737783, current metric: 0.383262, best metric: 0.364652:   9%|▉         | 2261/25000 [4:01:36<28:40:35,  4.54s/it]
Epoch 14: average [s/it]: 5.737783, current metric: 0.383262, best metric: 0.364652:   9%|▉         | 2262/25000 [4:01:37<22:36:25,  3.58s/it]
Epoch 14: average [s/it]: 5.737783, current metric: 0.383262, best metric: 0.364652:   9%|▉         | 2263/25000 [4:01:39<18:21:38,  2.91s/it]
Epoch 14: average [s/it]: 5.737783, current metric: 0.383262, best metric: 0.364652:   9%|▉         | 2264/25000 [4:01:40<15:23:12,  2.44s/it]
Epoch 14: average [s/it]: 5.737783, current metric: 0.383262, best metric: 0.364652:   9%|▉         | 2265/25000 [4:01:41<13:18:17,  2.11s/it]
Epoch 14: average [s/it]: 5.737783, current metric: 0.383262, best metric: 0.364652:   9%|▉         | 2266/25000 [4:01:43<11:50:48,  1.88s/it]
Epoch 14: average [s/it]: 5.737783, current metric: 0.383262, best metric: 0.364652:   9%|▉         | 2267/25000 [4:01:44<10:49:41,  1.71s/it]
Epoch 14: average [s/it]: 5.737783, current metric: 0.383262, best metric: 0.364652:   9%|▉         | 2268/25000 [4:01:45<10:06:45,  1.60s/it]
Epoch 14: average [s/it]: 5.737783, current metric: 0.383262, best metric: 0.364652:   9%|▉         | 2269/25000 [4:01:47<9:36:50,  1.52s/it] 
Epoch 14: average [s/it]: 5.737783, current metric: 0.383262, best metric: 0.364652:   9%|▉         | 2270/25000 [4:01:48<9:15:50,  1.47s/it]
Epoch 14: average [s/it]: 5.737783, current metric: 0.383262, best metric: 0.364652:   9%|▉         | 2271/25000 [4:01:49<9:01:05,  1.43s/it]
Epoch 14: average [s/it]: 5.737783, current metric: 0.383262, best metric: 0.364652:   9%|▉         | 2272/25000 [4:01:51<8:50:43,  1.40s/it]
Epoch 14: average [s/it]: 5.737783, current metric: 0.383262, best metric: 0.364652:   9%|▉         | 2273/25000 [4:01:53<10:54:42,  1.73s/it]
Epoch 14: average [s/it]: 5.737783, current metric: 0.383262, best metric: 0.364652:   9%|▉         | 2274/25000 [4:01:54<10:10:18,  1.61s/it]
Epoch 14: average [s/it]: 5.737783, current metric: 0.383262, best metric: 0.364652:   9%|▉         | 2275/25000 [4:01:56<9:39:14,  1.53s/it] 
Epoch 14: average [s/it]: 5.737783, current metric: 0.383262, best metric: 0.364652:   9%|▉         | 2276/25000 [4:01:57<9:17:31,  1.47s/it]
Epoch 14: average [s/it]: 5.737783, current metric: 0.383262, best metric: 0.364652:   9%|▉         | 2277/25000 [4:01:58<9:02:14,  1.43s/it]
Epoch 14: average [s/it]: 5.737783, current metric: 0.383262, best metric: 0.364652:   9%|▉         | 2278/25000 [4:02:00<8:51:32,  1.40s/it]
Epoch 14: average [s/it]: 5.737783, current metric: 0.383262, best metric: 0.364652:   9%|▉         | 2279/25000 [4:02:01<8:51:23,  1.40s/it]
Epoch 14: average [s/it]: 5.737783, current metric: 0.383262, best metric: 0.364652:   9%|▉         | 2280/25000 [4:02:03<8:43:56,  1.38s/it]
Epoch 14: average [s/it]: 5.737783, current metric: 0.383262, best metric: 0.364652:   9%|▉         | 2281/25000 [4:02:04<8:38:43,  1.37s/it]
Epoch 14: average [s/it]: 5.737783, current metric: 0.383262, best metric: 0.364652:   9%|▉         | 2282/25000 [4:02:05<8:35:05,  1.36s/it]
Epoch 14: average [s/it]: 5.737783, current metric: 0.383262, best metric: 0.364652:   9%|▉         | 2283/25000 [4:02:07<8:32:29,  1.35s/it]
Epoch 14: average [s/it]: 5.737783, current metric: 0.383262, best metric: 0.364652:   9%|▉         | 2284/25000 [4:02:08<8:30:46,  1.35s/it]
Epoch 14: average [s/it]: 5.737783, current metric: 0.383262, best metric: 0.364652:   9%|▉         | 2285/25000 [4:02:09<8:29:26,  1.35s/it]
Epoch 14: average [s/it]: 5.737783, current metric: 0.383262, best metric: 0.364652:   9%|▉         | 2286/25000 [4:02:11<8:28:26,  1.34s/it]
Epoch 14: average [s/it]: 5.737783, current metric: 0.383262, best metric: 0.364652:   9%|▉         | 2287/25000 [4:02:12<8:27:47,  1.34s/it]
Epoch 14: average [s/it]: 5.737783, current metric: 0.383262, best metric: 0.364652:   9%|▉         | 2288/25000 [4:02:29<38:08:01,  6.04s/it]
Epoch 14: average [s/it]: 5.737783, current metric: 0.383262, best metric: 0.364652:   9%|▉         | 2289/25000 [4:02:36<40:05:07,  6.35s/it]
Epoch 14: average [s/it]: 5.737783, current metric: 0.383262, best metric: 0.364652:   9%|▉         | 2290/25000 [4:02:37<30:35:33,  4.85s/it]
Epoch 14: average [s/it]: 5.737783, current metric: 0.383262, best metric: 0.364652:   9%|▉         | 2291/25000 [4:02:39<23:56:47,  3.80s/it]
Epoch 14: average [s/it]: 5.737783, current metric: 0.383262, best metric: 0.364652:   9%|▉         | 2292/25000 [4:02:40<19:17:43,  3.06s/it]
Epoch 14: average [s/it]: 5.737783, current metric: 0.383262, best metric: 0.364652:   9%|▉         | 2293/25000 [4:02:45<23:12:12,  3.68s/it]
Epoch 14: average [s/it]: 5.737783, current metric: 0.383262, best metric: 0.364652:   9%|▉         | 2294/25000 [4:02:47<18:46:40,  2.98s/it]
Epoch 14: average [s/it]: 5.737783, current metric: 0.383262, best metric: 0.364652:   9%|▉         | 2295/25000 [4:02:48<15:40:39,  2.49s/it]
Epoch 15: average [s/it]: 3.387753, current metric: 0.385692, best metric: 0.364652:   9%|▉         | 2295/25000 [4:07:36<15:40:39,  2.49s/it]
Epoch 15: average [s/it]: 3.387753, current metric: 0.385692, best metric: 0.364652:   9%|▉         | 2296/25000 [4:08:19<637:13:20, 101.04s/it]
Epoch 15: average [s/it]: 3.387753, current metric: 0.385692, best metric: 0.364652:   9%|▉         | 2297/25000 [4:08:28<464:03:54, 73.59s/it] 
Epoch 15: average [s/it]: 3.387753, current metric: 0.385692, best metric: 0.364652:   9%|▉         | 2298/25000 [4:08:30<327:22:02, 51.91s/it]
Epoch 15: average [s/it]: 3.387753, current metric: 0.385692, best metric: 0.364652:   9%|▉         | 2299/25000 [4:08:31<232:08:24, 36.81s/it]
Epoch 15: average [s/it]: 3.387753, current metric: 0.385692, best metric: 0.364652:   9%|▉         | 2300/25000 [4:08:38<175:06:35, 27.77s/it]
Epoch 15: average [s/it]: 3.387753, current metric: 0.385692, best metric: 0.364652:   9%|▉         | 2301/25000 [4:08:40<125:50:25, 19.96s/it]
Epoch 15: average [s/it]: 3.387753, current metric: 0.385692, best metric: 0.364652:   9%|▉         | 2302/25000 [4:09:32<186:44:08, 29.62s/it]
Epoch 15: average [s/it]: 3.387753, current metric: 0.385692, best metric: 0.364652:   9%|▉         | 2303/25000 [4:09:33<133:14:39, 21.13s/it]
Epoch 15: average [s/it]: 3.387753, current metric: 0.385692, best metric: 0.364652:   9%|▉         | 2304/25000 [4:09:35<95:48:06, 15.20s/it] 
Epoch 15: average [s/it]: 3.387753, current metric: 0.385692, best metric: 0.364652:   9%|▉         | 2305/25000 [4:09:36<69:42:39, 11.06s/it]
Epoch 15: average [s/it]: 3.387753, current metric: 0.385692, best metric: 0.364652:   9%|▉         | 2306/25000 [4:09:37<51:19:38,  8.14s/it]
Epoch 15: average [s/it]: 3.387753, current metric: 0.385692, best metric: 0.364652:   9%|▉         | 2307/25000 [4:09:39<38:27:38,  6.10s/it]
Epoch 15: average [s/it]: 3.387753, current metric: 0.385692, best metric: 0.364652:   9%|▉         | 2308/25000 [4:09:40<29:27:09,  4.67s/it]
Epoch 15: average [s/it]: 3.387753, current metric: 0.385692, best metric: 0.364652:   9%|▉         | 2309/25000 [4:09:55<49:17:33,  7.82s/it]
Epoch 15: average [s/it]: 3.387753, current metric: 0.385692, best metric: 0.364652:   9%|▉         | 2310/25000 [4:09:56<37:02:16,  5.88s/it]
Epoch 15: average [s/it]: 3.387753, current metric: 0.385692, best metric: 0.364652:   9%|▉         | 2311/25000 [4:09:58<28:27:29,  4.52s/it]
Epoch 15: average [s/it]: 3.387753, current metric: 0.385692, best metric: 0.364652:   9%|▉         | 2312/25000 [4:11:07<151:17:56, 24.01s/it]
Epoch 15: average [s/it]: 3.387753, current metric: 0.385692, best metric: 0.364652:   9%|▉         | 2313/25000 [4:11:09<108:34:34, 17.23s/it]
Epoch 15: average [s/it]: 3.387753, current metric: 0.385692, best metric: 0.364652:   9%|▉         | 2314/25000 [4:11:10<78:32:13, 12.46s/it] 
Epoch 15: average [s/it]: 3.387753, current metric: 0.385692, best metric: 0.364652:   9%|▉         | 2315/25000 [4:11:12<57:44:35,  9.16s/it]
Epoch 15: average [s/it]: 3.387753, current metric: 0.385692, best metric: 0.364652:   9%|▉         | 2316/25000 [4:11:13<42:57:08,  6.82s/it]
Epoch 15: average [s/it]: 3.387753, current metric: 0.385692, best metric: 0.364652:   9%|▉         | 2317/25000 [4:11:14<32:35:47,  5.17s/it]
Epoch 15: average [s/it]: 3.387753, current metric: 0.385692, best metric: 0.364652:   9%|▉         | 2318/25000 [4:11:16<25:20:55,  4.02s/it]
Epoch 15: average [s/it]: 3.387753, current metric: 0.385692, best metric: 0.364652:   9%|▉         | 2319/25000 [4:11:17<20:16:31,  3.22s/it]
Epoch 15: average [s/it]: 3.387753, current metric: 0.385692, best metric: 0.364652:   9%|▉         | 2320/25000 [4:11:18<16:46:27,  2.66s/it]
Epoch 15: average [s/it]: 3.387753, current metric: 0.385692, best metric: 0.364652:   9%|▉         | 2321/25000 [4:11:20<14:16:24,  2.27s/it]
Epoch 15: average [s/it]: 3.387753, current metric: 0.385692, best metric: 0.364652:   9%|▉         | 2322/25000 [4:11:21<12:31:27,  1.99s/it]
Epoch 15: average [s/it]: 3.387753, current metric: 0.385692, best metric: 0.364652:   9%|▉         | 2323/25000 [4:11:22<11:17:50,  1.79s/it]
Epoch 15: average [s/it]: 3.387753, current metric: 0.385692, best metric: 0.364652:   9%|▉         | 2324/25000 [4:11:24<10:26:32,  1.66s/it]
Epoch 15: average [s/it]: 3.387753, current metric: 0.385692, best metric: 0.364652:   9%|▉         | 2325/25000 [4:11:25<9:50:25,  1.56s/it] 
Epoch 15: average [s/it]: 3.387753, current metric: 0.385692, best metric: 0.364652:   9%|▉         | 2326/25000 [4:11:26<9:25:12,  1.50s/it]
Epoch 15: average [s/it]: 3.387753, current metric: 0.385692, best metric: 0.364652:   9%|▉         | 2327/25000 [4:11:28<9:07:35,  1.45s/it]
Epoch 15: average [s/it]: 3.387753, current metric: 0.385692, best metric: 0.364652:   9%|▉         | 2328/25000 [4:12:02<72:10:30, 11.46s/it]
Epoch 15: average [s/it]: 3.387753, current metric: 0.385692, best metric: 0.364652:   9%|▉         | 2329/25000 [4:12:04<53:03:19,  8.42s/it]
Epoch 15: average [s/it]: 3.387753, current metric: 0.385692, best metric: 0.364652:   9%|▉         | 2330/25000 [4:12:05<39:40:05,  6.30s/it]
Epoch 15: average [s/it]: 3.387753, current metric: 0.385692, best metric: 0.364652:   9%|▉         | 2331/25000 [4:12:06<30:18:09,  4.81s/it]
Epoch 15: average [s/it]: 3.387753, current metric: 0.385692, best metric: 0.364652:   9%|▉         | 2332/25000 [4:12:08<23:44:27,  3.77s/it]
Epoch 15: average [s/it]: 3.387753, current metric: 0.385692, best metric: 0.364652:   9%|▉         | 2333/25000 [4:12:09<19:08:58,  3.04s/it]
Epoch 15: average [s/it]: 3.387753, current metric: 0.385692, best metric: 0.364652:   9%|▉         | 2334/25000 [4:12:10<15:56:15,  2.53s/it]
Epoch 15: average [s/it]: 3.387753, current metric: 0.385692, best metric: 0.364652:   9%|▉         | 2335/25000 [4:12:12<13:41:20,  2.17s/it]
Epoch 15: average [s/it]: 3.387753, current metric: 0.385692, best metric: 0.364652:   9%|▉         | 2336/25000 [4:12:13<12:06:47,  1.92s/it]
Epoch 15: average [s/it]: 3.387753, current metric: 0.385692, best metric: 0.364652:   9%|▉         | 2337/25000 [4:12:15<11:00:42,  1.75s/it]
Epoch 15: average [s/it]: 3.387753, current metric: 0.385692, best metric: 0.364652:   9%|▉         | 2338/25000 [4:12:16<10:14:19,  1.63s/it]
Epoch 15: average [s/it]: 3.387753, current metric: 0.385692, best metric: 0.364652:   9%|▉         | 2339/25000 [4:12:56<82:07:20, 13.05s/it]
Epoch 15: average [s/it]: 3.387753, current metric: 0.385692, best metric: 0.364652:   9%|▉         | 2340/25000 [4:12:57<60:01:39,  9.54s/it]
Epoch 15: average [s/it]: 3.387753, current metric: 0.385692, best metric: 0.364652:   9%|▉         | 2341/25000 [4:12:58<44:33:00,  7.08s/it]
Epoch 15: average [s/it]: 3.387753, current metric: 0.385692, best metric: 0.364652:   9%|▉         | 2342/25000 [4:13:00<33:42:50,  5.36s/it]
Epoch 15: average [s/it]: 3.387753, current metric: 0.385692, best metric: 0.364652:   9%|▉         | 2343/25000 [4:13:01<26:07:42,  4.15s/it]
Epoch 15: average [s/it]: 3.387753, current metric: 0.385692, best metric: 0.364652:   9%|▉         | 2344/25000 [4:13:02<20:49:16,  3.31s/it]
Epoch 15: average [s/it]: 3.387753, current metric: 0.385692, best metric: 0.364652:   9%|▉         | 2345/25000 [4:13:04<17:06:13,  2.72s/it]
Epoch 15: average [s/it]: 3.387753, current metric: 0.385692, best metric: 0.364652:   9%|▉         | 2346/25000 [4:13:05<14:30:00,  2.30s/it]
Epoch 15: average [s/it]: 3.387753, current metric: 0.385692, best metric: 0.364652:   9%|▉         | 2347/25000 [4:13:06<12:40:45,  2.01s/it]
Epoch 15: average [s/it]: 3.387753, current metric: 0.385692, best metric: 0.364652:   9%|▉         | 2348/25000 [4:13:10<16:22:31,  2.60s/it]
Epoch 15: average [s/it]: 3.387753, current metric: 0.385692, best metric: 0.364652:   9%|▉         | 2349/25000 [4:13:12<13:59:34,  2.22s/it]
Epoch 15: average [s/it]: 3.387753, current metric: 0.385692, best metric: 0.364652:   9%|▉         | 2350/25000 [4:14:53<201:17:10, 31.99s/it]
Epoch 15: average [s/it]: 3.387753, current metric: 0.385692, best metric: 0.364652:   9%|▉         | 2351/25000 [4:14:54<143:25:39, 22.80s/it]
Epoch 15: average [s/it]: 3.387753, current metric: 0.385692, best metric: 0.364652:   9%|▉         | 2352/25000 [4:14:56<102:55:26, 16.36s/it]
Epoch 15: average [s/it]: 3.387753, current metric: 0.385692, best metric: 0.364652:   9%|▉         | 2353/25000 [4:14:57<74:34:35, 11.85s/it] 
Epoch 15: average [s/it]: 3.387753, current metric: 0.385692, best metric: 0.364652:   9%|▉         | 2354/25000 [4:14:58<54:43:51,  8.70s/it]
Epoch 15: average [s/it]: 3.387753, current metric: 0.385692, best metric: 0.364652:   9%|▉         | 2355/25000 [4:15:00<40:50:25,  6.49s/it]
Epoch 15: average [s/it]: 3.387753, current metric: 0.385692, best metric: 0.364652:   9%|▉         | 2356/25000 [4:15:01<31:07:05,  4.95s/it]
Epoch 15: average [s/it]: 3.387753, current metric: 0.385692, best metric: 0.364652:   9%|▉         | 2357/25000 [4:15:02<24:18:43,  3.87s/it]
Epoch 15: average [s/it]: 3.387753, current metric: 0.385692, best metric: 0.364652:   9%|▉         | 2358/25000 [4:15:04<19:33:00,  3.11s/it]
Epoch 15: average [s/it]: 3.387753, current metric: 0.385692, best metric: 0.364652:   9%|▉         | 2359/25000 [4:15:05<16:12:46,  2.58s/it]
Epoch 15: average [s/it]: 3.387753, current metric: 0.385692, best metric: 0.364652:   9%|▉         | 2360/25000 [4:15:06<13:52:39,  2.21s/it]
Epoch 15: average [s/it]: 3.387753, current metric: 0.385692, best metric: 0.364652:   9%|▉         | 2361/25000 [4:15:08<12:14:52,  1.95s/it]
Epoch 15: average [s/it]: 3.387753, current metric: 0.385692, best metric: 0.364652:   9%|▉         | 2362/25000 [4:15:09<11:06:20,  1.77s/it]
Epoch 15: average [s/it]: 3.387753, current metric: 0.385692, best metric: 0.364652:   9%|▉         | 2363/25000 [4:15:10<10:18:28,  1.64s/it]
Epoch 15: average [s/it]: 3.387753, current metric: 0.385692, best metric: 0.364652:   9%|▉         | 2364/25000 [4:15:12<9:45:01,  1.55s/it] 
Epoch 15: average [s/it]: 3.387753, current metric: 0.385692, best metric: 0.364652:   9%|▉         | 2365/25000 [4:15:13<9:21:38,  1.49s/it]
Epoch 15: average [s/it]: 3.387753, current metric: 0.385692, best metric: 0.364652:   9%|▉         | 2366/25000 [4:15:15<9:05:37,  1.45s/it]
Epoch 15: average [s/it]: 3.387753, current metric: 0.385692, best metric: 0.364652:   9%|▉         | 2367/25000 [4:15:16<8:54:12,  1.42s/it]
Epoch 15: average [s/it]: 3.387753, current metric: 0.385692, best metric: 0.364652:   9%|▉         | 2368/25000 [4:15:17<8:46:07,  1.39s/it]
Epoch 15: average [s/it]: 3.387753, current metric: 0.385692, best metric: 0.364652:   9%|▉         | 2369/25000 [4:15:19<8:40:12,  1.38s/it]
Epoch 15: average [s/it]: 3.387753, current metric: 0.385692, best metric: 0.364652:   9%|▉         | 2370/25000 [4:15:20<8:36:04,  1.37s/it]
Epoch 15: average [s/it]: 3.387753, current metric: 0.385692, best metric: 0.364652:   9%|▉         | 2371/25000 [4:15:21<8:33:04,  1.36s/it]
Epoch 15: average [s/it]: 3.387753, current metric: 0.385692, best metric: 0.364652:   9%|▉         | 2372/25000 [4:15:23<8:31:15,  1.36s/it]
Epoch 15: average [s/it]: 3.387753, current metric: 0.385692, best metric: 0.364652:   9%|▉         | 2373/25000 [4:15:24<8:30:09,  1.35s/it]
Epoch 15: average [s/it]: 3.387753, current metric: 0.385692, best metric: 0.364652:   9%|▉         | 2374/25000 [4:15:25<8:29:13,  1.35s/it]
Epoch 15: average [s/it]: 3.387753, current metric: 0.385692, best metric: 0.364652:  10%|▉         | 2375/25000 [4:15:27<8:28:27,  1.35s/it]
Epoch 15: average [s/it]: 3.387753, current metric: 0.385692, best metric: 0.364652:  10%|▉         | 2376/25000 [4:15:28<8:27:50,  1.35s/it]
Epoch 15: average [s/it]: 3.387753, current metric: 0.385692, best metric: 0.364652:  10%|▉         | 2377/25000 [4:15:29<8:27:46,  1.35s/it]
Epoch 15: average [s/it]: 3.387753, current metric: 0.385692, best metric: 0.364652:  10%|▉         | 2378/25000 [4:15:31<8:27:28,  1.35s/it]
Epoch 15: average [s/it]: 3.387753, current metric: 0.385692, best metric: 0.364652:  10%|▉         | 2379/25000 [4:15:32<8:27:30,  1.35s/it]
Epoch 15: average [s/it]: 3.387753, current metric: 0.385692, best metric: 0.364652:  10%|▉         | 2380/25000 [4:15:33<8:27:21,  1.35s/it]
Epoch 15: average [s/it]: 3.387753, current metric: 0.385692, best metric: 0.364652:  10%|▉         | 2381/25000 [4:15:35<8:27:22,  1.35s/it]
Epoch 15: average [s/it]: 3.387753, current metric: 0.385692, best metric: 0.364652:  10%|▉         | 2382/25000 [4:16:12<76:05:16, 12.11s/it]
Epoch 15: average [s/it]: 3.387753, current metric: 0.385692, best metric: 0.364652:  10%|▉         | 2383/25000 [4:16:13<55:49:33,  8.89s/it]
Epoch 15: average [s/it]: 3.387753, current metric: 0.385692, best metric: 0.364652:  10%|▉         | 2384/25000 [4:16:17<46:43:04,  7.44s/it]
Epoch 15: average [s/it]: 3.387753, current metric: 0.385692, best metric: 0.364652:  10%|▉         | 2385/25000 [4:16:19<35:14:08,  5.61s/it]
Epoch 15: average [s/it]: 3.387753, current metric: 0.385692, best metric: 0.364652:  10%|▉         | 2386/25000 [4:16:20<27:11:52,  4.33s/it]
Epoch 15: average [s/it]: 3.387753, current metric: 0.385692, best metric: 0.364652:  10%|▉         | 2387/25000 [4:16:30<37:09:13,  5.91s/it]
Epoch 15: average [s/it]: 3.387753, current metric: 0.385692, best metric: 0.364652:  10%|▉         | 2388/25000 [4:16:31<28:32:08,  4.54s/it]
Epoch 15: average [s/it]: 3.387753, current metric: 0.385692, best metric: 0.364652:  10%|▉         | 2389/25000 [4:16:32<22:30:14,  3.58s/it]
Epoch 15: average [s/it]: 3.387753, current metric: 0.385692, best metric: 0.364652:  10%|▉         | 2390/25000 [4:16:34<18:16:59,  2.91s/it]
Epoch 15: average [s/it]: 3.387753, current metric: 0.385692, best metric: 0.364652:  10%|▉         | 2391/25000 [4:16:39<22:03:19,  3.51s/it]
Epoch 15: average [s/it]: 3.387753, current metric: 0.385692, best metric: 0.364652:  10%|▉         | 2392/25000 [4:17:19<90:41:56, 14.44s/it]
Epoch 15: average [s/it]: 3.387753, current metric: 0.385692, best metric: 0.364652:  10%|▉         | 2393/25000 [4:17:20<66:00:36, 10.51s/it]
Epoch 15: average [s/it]: 3.387753, current metric: 0.385692, best metric: 0.364652:  10%|▉         | 2394/25000 [4:17:51<105:22:18, 16.78s/it]
Epoch 15: average [s/it]: 3.387753, current metric: 0.385692, best metric: 0.364652:  10%|▉         | 2395/25000 [4:17:53<76:17:03, 12.15s/it] 
Epoch 15: average [s/it]: 3.387753, current metric: 0.385692, best metric: 0.364652:  10%|▉         | 2396/25000 [4:17:54<55:55:24,  8.91s/it]
Epoch 15: average [s/it]: 3.387753, current metric: 0.385692, best metric: 0.364652:  10%|▉         | 2397/25000 [4:17:55<41:40:19,  6.64s/it]
Epoch 15: average [s/it]: 3.387753, current metric: 0.385692, best metric: 0.364652:  10%|▉         | 2398/25000 [4:17:57<31:41:39,  5.05s/it]
Epoch 15: average [s/it]: 3.387753, current metric: 0.385692, best metric: 0.364652:  10%|▉         | 2399/25000 [4:17:58<24:42:32,  3.94s/it]
Epoch 15: average [s/it]: 3.387753, current metric: 0.385692, best metric: 0.364652:  10%|▉         | 2400/25000 [4:18:00<20:10:51,  3.21s/it]
Epoch 15: average [s/it]: 3.387753, current metric: 0.385692, best metric: 0.364652:  10%|▉         | 2401/25000 [4:18:01<17:20:32,  2.76s/it]
Epoch 15: average [s/it]: 3.387753, current metric: 0.385692, best metric: 0.364652:  10%|▉         | 2402/25000 [4:18:03<14:57:02,  2.38s/it]
Epoch 15: average [s/it]: 3.387753, current metric: 0.385692, best metric: 0.364652:  10%|▉         | 2403/25000 [4:18:16<34:57:18,  5.57s/it]
Epoch 15: average [s/it]: 3.387753, current metric: 0.385692, best metric: 0.364652:  10%|▉         | 2404/25000 [4:18:17<26:59:27,  4.30s/it]
Epoch 15: average [s/it]: 3.387753, current metric: 0.385692, best metric: 0.364652:  10%|▉         | 2405/25000 [4:18:18<21:25:00,  3.41s/it]
Epoch 15: average [s/it]: 3.387753, current metric: 0.385692, best metric: 0.364652:  10%|▉         | 2406/25000 [4:18:20<17:30:52,  2.79s/it]
Epoch 15: average [s/it]: 3.387753, current metric: 0.385692, best metric: 0.364652:  10%|▉         | 2407/25000 [4:18:21<14:47:04,  2.36s/it]
Epoch 15: average [s/it]: 3.387753, current metric: 0.385692, best metric: 0.364652:  10%|▉         | 2408/25000 [4:18:43<52:04:19,  8.30s/it]
Epoch 15: average [s/it]: 3.387753, current metric: 0.385692, best metric: 0.364652:  10%|▉         | 2409/25000 [4:18:45<38:58:27,  6.21s/it]
Epoch 15: average [s/it]: 3.387753, current metric: 0.385692, best metric: 0.364652:  10%|▉         | 2410/25000 [4:19:05<65:05:07, 10.37s/it]
Epoch 15: average [s/it]: 3.387753, current metric: 0.385692, best metric: 0.364652:  10%|▉         | 2411/25000 [4:19:24<81:23:30, 12.97s/it]
Epoch 15: average [s/it]: 3.387753, current metric: 0.385692, best metric: 0.364652:  10%|▉         | 2412/25000 [4:19:25<59:29:45,  9.48s/it]
Epoch 15: average [s/it]: 3.387753, current metric: 0.385692, best metric: 0.364652:  10%|▉         | 2413/25000 [4:19:26<44:10:01,  7.04s/it]
Epoch 15: average [s/it]: 3.387753, current metric: 0.385692, best metric: 0.364652:  10%|▉         | 2414/25000 [4:19:28<33:26:11,  5.33s/it]
Epoch 15: average [s/it]: 3.387753, current metric: 0.385692, best metric: 0.364652:  10%|▉         | 2415/25000 [4:19:29<25:55:35,  4.13s/it]
Epoch 15: average [s/it]: 3.387753, current metric: 0.385692, best metric: 0.364652:  10%|▉         | 2416/25000 [4:19:30<20:40:11,  3.29s/it]
Epoch 15: average [s/it]: 3.387753, current metric: 0.385692, best metric: 0.364652:  10%|▉         | 2417/25000 [4:19:32<16:59:19,  2.71s/it]
Epoch 15: average [s/it]: 3.387753, current metric: 0.385692, best metric: 0.364652:  10%|▉         | 2418/25000 [4:19:33<14:24:41,  2.30s/it]
Epoch 15: average [s/it]: 3.387753, current metric: 0.385692, best metric: 0.364652:  10%|▉         | 2419/25000 [4:20:47<149:22:11, 23.81s/it]
Epoch 15: average [s/it]: 3.387753, current metric: 0.385692, best metric: 0.364652:  10%|▉         | 2420/25000 [4:20:48<107:04:29, 17.07s/it]
Epoch 15: average [s/it]: 3.387753, current metric: 0.385692, best metric: 0.364652:  10%|▉         | 2421/25000 [4:20:50<77:28:04, 12.35s/it] 
Epoch 15: average [s/it]: 3.387753, current metric: 0.385692, best metric: 0.364652:  10%|▉         | 2422/25000 [4:20:51<56:44:32,  9.05s/it]
Epoch 15: average [s/it]: 3.387753, current metric: 0.385692, best metric: 0.364652:  10%|▉         | 2423/25000 [4:20:52<42:14:14,  6.73s/it]
Epoch 15: average [s/it]: 3.387753, current metric: 0.385692, best metric: 0.364652:  10%|▉         | 2424/25000 [4:20:54<32:05:16,  5.12s/it]
Epoch 15: average [s/it]: 3.387753, current metric: 0.385692, best metric: 0.364652:  10%|▉         | 2425/25000 [4:20:55<24:58:46,  3.98s/it]
Epoch 15: average [s/it]: 3.387753, current metric: 0.385692, best metric: 0.364652:  10%|▉         | 2426/25000 [4:20:56<20:00:14,  3.19s/it]
Epoch 15: average [s/it]: 3.387753, current metric: 0.385692, best metric: 0.364652:  10%|▉         | 2427/25000 [4:21:16<49:54:47,  7.96s/it]
Epoch 15: average [s/it]: 3.387753, current metric: 0.385692, best metric: 0.364652:  10%|▉         | 2428/25000 [4:21:17<37:27:16,  5.97s/it]
Epoch 15: average [s/it]: 3.387753, current metric: 0.385692, best metric: 0.364652:  10%|▉         | 2429/25000 [4:21:18<28:44:00,  4.58s/it]
Epoch 15: average [s/it]: 3.387753, current metric: 0.385692, best metric: 0.364652:  10%|▉         | 2430/25000 [4:21:20<22:37:42,  3.61s/it]
Epoch 15: average [s/it]: 3.387753, current metric: 0.385692, best metric: 0.364652:  10%|▉         | 2431/25000 [4:21:21<18:21:14,  2.93s/it]
Epoch 15: average [s/it]: 3.387753, current metric: 0.385692, best metric: 0.364652:  10%|▉         | 2432/25000 [4:21:22<15:21:47,  2.45s/it]
Epoch 15: average [s/it]: 3.387753, current metric: 0.385692, best metric: 0.364652:  10%|▉         | 2433/25000 [4:21:24<13:16:09,  2.12s/it]
Epoch 15: average [s/it]: 3.387753, current metric: 0.385692, best metric: 0.364652:  10%|▉         | 2434/25000 [4:21:25<11:48:17,  1.88s/it]
Epoch 15: average [s/it]: 3.387753, current metric: 0.385692, best metric: 0.364652:  10%|▉         | 2435/25000 [4:21:26<10:46:37,  1.72s/it]
Epoch 15: average [s/it]: 3.387753, current metric: 0.385692, best metric: 0.364652:  10%|▉         | 2436/25000 [4:21:28<10:03:26,  1.60s/it]
Epoch 15: average [s/it]: 3.387753, current metric: 0.385692, best metric: 0.364652:  10%|▉         | 2437/25000 [4:21:29<9:33:14,  1.52s/it] 
Epoch 15: average [s/it]: 3.387753, current metric: 0.385692, best metric: 0.364652:  10%|▉         | 2438/25000 [4:21:30<9:12:10,  1.47s/it]
Epoch 15: average [s/it]: 3.387753, current metric: 0.385692, best metric: 0.364652:  10%|▉         | 2439/25000 [4:21:32<8:57:24,  1.43s/it]
Epoch 15: average [s/it]: 3.387753, current metric: 0.385692, best metric: 0.364652:  10%|▉         | 2440/25000 [4:21:33<8:47:07,  1.40s/it]
Epoch 15: average [s/it]: 3.387753, current metric: 0.385692, best metric: 0.364652:  10%|▉         | 2441/25000 [4:21:34<8:39:49,  1.38s/it]
Epoch 15: average [s/it]: 3.387753, current metric: 0.385692, best metric: 0.364652:  10%|▉         | 2442/25000 [4:21:36<8:34:41,  1.37s/it]
Epoch 15: average [s/it]: 3.387753, current metric: 0.385692, best metric: 0.364652:  10%|▉         | 2443/25000 [4:21:37<8:31:05,  1.36s/it]
Epoch 15: average [s/it]: 3.387753, current metric: 0.385692, best metric: 0.364652:  10%|▉         | 2444/25000 [4:21:38<8:28:40,  1.35s/it]
Epoch 15: average [s/it]: 3.387753, current metric: 0.385692, best metric: 0.364652:  10%|▉         | 2445/25000 [4:21:40<8:26:53,  1.35s/it]
Epoch 15: average [s/it]: 3.387753, current metric: 0.385692, best metric: 0.364652:  10%|▉         | 2446/25000 [4:21:41<8:25:38,  1.35s/it]
Epoch 15: average [s/it]: 3.387753, current metric: 0.385692, best metric: 0.364652:  10%|▉         | 2447/25000 [4:21:42<8:24:44,  1.34s/it]
Epoch 15: average [s/it]: 3.387753, current metric: 0.385692, best metric: 0.364652:  10%|▉         | 2448/25000 [4:21:44<8:24:12,  1.34s/it]
Epoch 16: average [s/it]: 5.538962, current metric: 0.367195, best metric: 0.364652:  10%|▉         | 2448/25000 [4:23:26<8:24:12,  1.34s/it]
Epoch 16: average [s/it]: 5.538962, current metric: 0.367195, best metric: 0.364652:  10%|▉         | 2449/25000 [4:24:18<295:05:31, 47.11s/it]
Epoch 16: average [s/it]: 5.538962, current metric: 0.367195, best metric: 0.364652:  10%|▉         | 2450/25000 [4:24:19<209:04:14, 33.38s/it]
Epoch 16: average [s/it]: 5.538962, current metric: 0.367195, best metric: 0.364652:  10%|▉         | 2451/25000 [4:24:20<148:51:26, 23.77s/it]
Epoch 16: average [s/it]: 5.538962, current metric: 0.367195, best metric: 0.364652:  10%|▉         | 2452/25000 [4:24:22<106:42:33, 17.04s/it]
Epoch 16: average [s/it]: 5.538962, current metric: 0.367195, best metric: 0.364652:  10%|▉         | 2453/25000 [4:24:23<77:12:23, 12.33s/it] 
Epoch 16: average [s/it]: 5.538962, current metric: 0.367195, best metric: 0.364652:  10%|▉         | 2454/25000 [4:24:24<56:33:20,  9.03s/it]
Epoch 16: average [s/it]: 5.538962, current metric: 0.367195, best metric: 0.364652:  10%|▉         | 2455/25000 [4:24:26<42:06:06,  6.72s/it]
Epoch 16: average [s/it]: 5.538962, current metric: 0.367195, best metric: 0.364652:  10%|▉         | 2456/25000 [4:24:27<31:58:59,  5.11s/it]
Epoch 16: average [s/it]: 5.538962, current metric: 0.367195, best metric: 0.364652:  10%|▉         | 2457/25000 [4:24:28<24:54:05,  3.98s/it]
Epoch 16: average [s/it]: 5.538962, current metric: 0.367195, best metric: 0.364652:  10%|▉         | 2458/25000 [4:24:30<19:56:38,  3.19s/it]
Epoch 16: average [s/it]: 5.538962, current metric: 0.367195, best metric: 0.364652:  10%|▉         | 2459/25000 [4:24:31<16:28:27,  2.63s/it]
Epoch 16: average [s/it]: 5.538962, current metric: 0.367195, best metric: 0.364652:  10%|▉         | 2460/25000 [4:24:32<14:02:41,  2.24s/it]
Epoch 16: average [s/it]: 5.538962, current metric: 0.367195, best metric: 0.364652:  10%|▉         | 2461/25000 [4:24:34<12:20:44,  1.97s/it]
Epoch 16: average [s/it]: 5.538962, current metric: 0.367195, best metric: 0.364652:  10%|▉         | 2462/25000 [4:24:35<11:09:16,  1.78s/it]
Epoch 16: average [s/it]: 5.538962, current metric: 0.367195, best metric: 0.364652:  10%|▉         | 2463/25000 [4:24:36<10:19:18,  1.65s/it]
Epoch 16: average [s/it]: 5.538962, current metric: 0.367195, best metric: 0.364652:  10%|▉         | 2464/25000 [4:24:38<9:44:17,  1.56s/it] 
Epoch 16: average [s/it]: 5.538962, current metric: 0.367195, best metric: 0.364652:  10%|▉         | 2465/25000 [4:24:39<10:18:34,  1.65s/it]
Epoch 16: average [s/it]: 5.538962, current metric: 0.367195, best metric: 0.364652:  10%|▉         | 2466/25000 [4:24:41<9:44:13,  1.56s/it] 
Epoch 16: average [s/it]: 5.538962, current metric: 0.367195, best metric: 0.364652:  10%|▉         | 2467/25000 [4:24:42<9:19:41,  1.49s/it]
Epoch 16: average [s/it]: 5.538962, current metric: 0.367195, best metric: 0.364652:  10%|▉         | 2468/25000 [4:24:43<9:02:36,  1.44s/it]
Epoch 16: average [s/it]: 5.538962, current metric: 0.367195, best metric: 0.364652:  10%|▉         | 2469/25000 [4:24:45<8:50:31,  1.41s/it]
Epoch 16: average [s/it]: 5.538962, current metric: 0.367195, best metric: 0.364652:  10%|▉         | 2470/25000 [4:24:46<8:42:12,  1.39s/it]
Epoch 16: average [s/it]: 5.538962, current metric: 0.367195, best metric: 0.364652:  10%|▉         | 2471/25000 [4:24:48<8:36:14,  1.37s/it]
Epoch 16: average [s/it]: 5.538962, current metric: 0.367195, best metric: 0.364652:  10%|▉         | 2472/25000 [4:24:49<8:32:05,  1.36s/it]
Epoch 16: average [s/it]: 5.538962, current metric: 0.367195, best metric: 0.364652:  10%|▉         | 2473/25000 [4:24:50<8:29:09,  1.36s/it]
Epoch 16: average [s/it]: 5.538962, current metric: 0.367195, best metric: 0.364652:  10%|▉         | 2474/25000 [4:24:52<8:27:08,  1.35s/it]
Epoch 16: average [s/it]: 5.538962, current metric: 0.367195, best metric: 0.364652:  10%|▉         | 2475/25000 [4:24:53<8:25:38,  1.35s/it]
Epoch 16: average [s/it]: 5.538962, current metric: 0.367195, best metric: 0.364652:  10%|▉         | 2476/25000 [4:24:54<8:24:39,  1.34s/it]
Epoch 16: average [s/it]: 5.538962, current metric: 0.367195, best metric: 0.364652:  10%|▉         | 2477/25000 [4:25:05<25:26:16,  4.07s/it]
Epoch 16: average [s/it]: 5.538962, current metric: 0.367195, best metric: 0.364652:  10%|▉         | 2478/25000 [4:25:06<20:19:04,  3.25s/it]
Epoch 16: average [s/it]: 5.538962, current metric: 0.367195, best metric: 0.364652:  10%|▉         | 2479/25000 [4:25:07<16:43:56,  2.67s/it]
Epoch 16: average [s/it]: 5.538962, current metric: 0.367195, best metric: 0.364652:  10%|▉         | 2480/25000 [4:25:16<27:37:18,  4.42s/it]
Epoch 16: average [s/it]: 5.538962, current metric: 0.367195, best metric: 0.364652:  10%|▉         | 2481/25000 [4:25:17<21:50:49,  3.49s/it]
Epoch 16: average [s/it]: 5.538962, current metric: 0.367195, best metric: 0.364652:  10%|▉         | 2482/25000 [4:25:18<17:48:10,  2.85s/it]
Epoch 16: average [s/it]: 5.538962, current metric: 0.367195, best metric: 0.364652:  10%|▉         | 2483/25000 [4:25:20<14:58:22,  2.39s/it]
Epoch 16: average [s/it]: 5.538962, current metric: 0.367195, best metric: 0.364652:  10%|▉         | 2484/25000 [4:25:21<12:59:28,  2.08s/it]
Epoch 16: average [s/it]: 5.538962, current metric: 0.367195, best metric: 0.364652:  10%|▉         | 2485/25000 [4:25:22<11:36:09,  1.86s/it]
Epoch 16: average [s/it]: 5.538962, current metric: 0.367195, best metric: 0.364652:  10%|▉         | 2486/25000 [4:25:24<10:37:56,  1.70s/it]
Epoch 16: average [s/it]: 5.538962, current metric: 0.367195, best metric: 0.364652:  10%|▉         | 2487/25000 [4:25:25<9:58:40,  1.60s/it] 
Epoch 16: average [s/it]: 5.538962, current metric: 0.367195, best metric: 0.364652:  10%|▉         | 2488/25000 [4:25:26<9:29:38,  1.52s/it]
Epoch 16: average [s/it]: 5.538962, current metric: 0.367195, best metric: 0.364652:  10%|▉         | 2489/25000 [4:25:49<48:09:15,  7.70s/it]
Epoch 16: average [s/it]: 5.538962, current metric: 0.367195, best metric: 0.364652:  10%|▉         | 2490/25000 [4:25:50<36:13:07,  5.79s/it]
Epoch 16: average [s/it]: 5.538962, current metric: 0.367195, best metric: 0.364652:  10%|▉         | 2491/25000 [4:25:51<27:51:46,  4.46s/it]
Epoch 16: average [s/it]: 5.538962, current metric: 0.367195, best metric: 0.364652:  10%|▉         | 2492/25000 [4:25:53<22:00:55,  3.52s/it]
Epoch 16: average [s/it]: 5.538962, current metric: 0.367195, best metric: 0.364652:  10%|▉         | 2493/25000 [4:25:54<17:55:03,  2.87s/it]
Epoch 16: average [s/it]: 5.538962, current metric: 0.367195, best metric: 0.364652:  10%|▉         | 2494/25000 [4:25:55<15:03:03,  2.41s/it]
Epoch 16: average [s/it]: 5.538962, current metric: 0.367195, best metric: 0.364652:  10%|▉         | 2495/25000 [4:25:57<13:02:38,  2.09s/it]
Epoch 16: average [s/it]: 5.538962, current metric: 0.367195, best metric: 0.364652:  10%|▉         | 2496/25000 [4:26:00<16:04:42,  2.57s/it]
Epoch 16: average [s/it]: 5.538962, current metric: 0.367195, best metric: 0.364652:  10%|▉         | 2497/25000 [4:26:02<13:45:50,  2.20s/it]
Epoch 16: average [s/it]: 5.538962, current metric: 0.367195, best metric: 0.364652:  10%|▉         | 2498/25000 [4:26:03<12:08:39,  1.94s/it]
Epoch 16: average [s/it]: 5.538962, current metric: 0.367195, best metric: 0.364652:  10%|▉         | 2499/25000 [4:26:04<11:00:35,  1.76s/it]
Epoch 16: average [s/it]: 5.538962, current metric: 0.367195, best metric: 0.364652:  10%|█         | 2500/25000 [4:26:06<10:12:49,  1.63s/it]
Epoch 16: average [s/it]: 5.538962, current metric: 0.367195, best metric: 0.364652:  10%|█         | 2501/25000 [4:26:07<9:55:56,  1.59s/it] 
Epoch 16: average [s/it]: 5.538962, current metric: 0.367195, best metric: 0.364652:  10%|█         | 2502/25000 [4:26:09<9:32:15,  1.53s/it]
Epoch 16: average [s/it]: 5.538962, current metric: 0.367195, best metric: 0.364652:  10%|█         | 2503/25000 [4:26:10<9:11:06,  1.47s/it]
Epoch 16: average [s/it]: 5.538962, current metric: 0.367195, best metric: 0.364652:  10%|█         | 2504/25000 [4:26:11<8:56:22,  1.43s/it]
Epoch 16: average [s/it]: 5.538962, current metric: 0.367195, best metric: 0.364652:  10%|█         | 2505/25000 [4:26:13<8:46:00,  1.40s/it]
Epoch 16: average [s/it]: 5.538962, current metric: 0.367195, best metric: 0.364652:  10%|█         | 2506/25000 [4:26:14<8:50:25,  1.41s/it]
Epoch 16: average [s/it]: 5.538962, current metric: 0.367195, best metric: 0.364652:  10%|█         | 2507/25000 [4:26:15<8:41:53,  1.39s/it]
Epoch 16: average [s/it]: 5.538962, current metric: 0.367195, best metric: 0.364652:  10%|█         | 2508/25000 [4:26:17<8:35:51,  1.38s/it]
Epoch 16: average [s/it]: 5.538962, current metric: 0.367195, best metric: 0.364652:  10%|█         | 2509/25000 [4:26:25<21:33:29,  3.45s/it]
Epoch 16: average [s/it]: 5.538962, current metric: 0.367195, best metric: 0.364652:  10%|█         | 2510/25000 [4:26:26<17:35:59,  2.82s/it]
Epoch 16: average [s/it]: 5.538962, current metric: 0.367195, best metric: 0.364652:  10%|█         | 2511/25000 [4:26:28<14:49:45,  2.37s/it]
Epoch 16: average [s/it]: 5.538962, current metric: 0.367195, best metric: 0.364652:  10%|█         | 2512/25000 [4:26:32<19:00:24,  3.04s/it]
Epoch 16: average [s/it]: 5.538962, current metric: 0.367195, best metric: 0.364652:  10%|█         | 2513/25000 [4:26:34<15:48:55,  2.53s/it]
Epoch 16: average [s/it]: 5.538962, current metric: 0.367195, best metric: 0.364652:  10%|█         | 2514/25000 [4:26:35<13:34:37,  2.17s/it]
Epoch 16: average [s/it]: 5.538962, current metric: 0.367195, best metric: 0.364652:  10%|█         | 2515/25000 [4:26:36<12:00:43,  1.92s/it]
Epoch 16: average [s/it]: 5.538962, current metric: 0.367195, best metric: 0.364652:  10%|█         | 2516/25000 [4:26:38<10:54:56,  1.75s/it]
Epoch 16: average [s/it]: 5.538962, current metric: 0.367195, best metric: 0.364652:  10%|█         | 2517/25000 [4:26:39<10:08:53,  1.62s/it]
Epoch 16: average [s/it]: 5.538962, current metric: 0.367195, best metric: 0.364652:  10%|█         | 2518/25000 [4:26:40<9:36:35,  1.54s/it] 
Epoch 16: average [s/it]: 5.538962, current metric: 0.367195, best metric: 0.364652:  10%|█         | 2519/25000 [4:26:42<9:13:59,  1.48s/it]
Epoch 16: average [s/it]: 5.538962, current metric: 0.367195, best metric: 0.364652:  10%|█         | 2520/25000 [4:26:43<8:58:19,  1.44s/it]
Epoch 16: average [s/it]: 5.538962, current metric: 0.367195, best metric: 0.364652:  10%|█         | 2521/25000 [4:26:44<8:47:15,  1.41s/it]
Epoch 16: average [s/it]: 5.538962, current metric: 0.367195, best metric: 0.364652:  10%|█         | 2522/25000 [4:26:46<8:39:27,  1.39s/it]
Epoch 16: average [s/it]: 5.538962, current metric: 0.367195, best metric: 0.364652:  10%|█         | 2523/25000 [4:26:47<8:34:03,  1.37s/it]
Epoch 16: average [s/it]: 5.538962, current metric: 0.367195, best metric: 0.364652:  10%|█         | 2524/25000 [4:26:48<8:30:15,  1.36s/it]
Epoch 16: average [s/it]: 5.538962, current metric: 0.367195, best metric: 0.364652:  10%|█         | 2525/25000 [4:26:50<8:27:31,  1.35s/it]
Epoch 16: average [s/it]: 5.538962, current metric: 0.367195, best metric: 0.364652:  10%|█         | 2526/25000 [4:26:51<8:27:34,  1.36s/it]
Epoch 16: average [s/it]: 5.538962, current metric: 0.367195, best metric: 0.364652:  10%|█         | 2527/25000 [4:27:16<52:40:12,  8.44s/it]
Epoch 16: average [s/it]: 5.538962, current metric: 0.367195, best metric: 0.364652:  10%|█         | 2528/25000 [4:27:17<39:22:25,  6.31s/it]
Epoch 16: average [s/it]: 5.538962, current metric: 0.367195, best metric: 0.364652:  10%|█         | 2529/25000 [4:27:19<30:04:07,  4.82s/it]
Epoch 16: average [s/it]: 5.538962, current metric: 0.367195, best metric: 0.364652:  10%|█         | 2530/25000 [4:27:20<23:33:07,  3.77s/it]
Epoch 16: average [s/it]: 5.538962, current metric: 0.367195, best metric: 0.364652:  10%|█         | 2531/25000 [4:27:44<61:27:15,  9.85s/it]
Epoch 16: average [s/it]: 5.538962, current metric: 0.367195, best metric: 0.364652:  10%|█         | 2532/25000 [4:27:45<45:31:28,  7.29s/it]
Epoch 16: average [s/it]: 5.538962, current metric: 0.367195, best metric: 0.364652:  10%|█         | 2533/25000 [4:27:47<34:22:16,  5.51s/it]
Epoch 16: average [s/it]: 5.538962, current metric: 0.367195, best metric: 0.364652:  10%|█         | 2534/25000 [4:27:48<26:33:46,  4.26s/it]
Epoch 16: average [s/it]: 5.538962, current metric: 0.367195, best metric: 0.364652:  10%|█         | 2535/25000 [4:27:49<21:05:54,  3.38s/it]
Epoch 16: average [s/it]: 5.538962, current metric: 0.367195, best metric: 0.364652:  10%|█         | 2536/25000 [4:27:51<17:16:23,  2.77s/it]
Epoch 16: average [s/it]: 5.538962, current metric: 0.367195, best metric: 0.364652:  10%|█         | 2537/25000 [4:27:52<14:35:46,  2.34s/it]
Epoch 16: average [s/it]: 5.538962, current metric: 0.367195, best metric: 0.364652:  10%|█         | 2538/25000 [4:27:53<12:43:18,  2.04s/it]
Epoch 16: average [s/it]: 5.538962, current metric: 0.367195, best metric: 0.364652:  10%|█         | 2539/25000 [4:27:55<11:24:36,  1.83s/it]
Epoch 16: average [s/it]: 5.538962, current metric: 0.367195, best metric: 0.364652:  10%|█         | 2540/25000 [4:27:56<10:29:26,  1.68s/it]
Epoch 16: average [s/it]: 5.538962, current metric: 0.367195, best metric: 0.364652:  10%|█         | 2541/25000 [4:27:57<9:50:49,  1.58s/it] 
Epoch 16: average [s/it]: 5.538962, current metric: 0.367195, best metric: 0.364652:  10%|█         | 2542/25000 [4:27:59<9:23:50,  1.51s/it]
Epoch 16: average [s/it]: 5.538962, current metric: 0.367195, best metric: 0.364652:  10%|█         | 2543/25000 [4:28:00<9:04:56,  1.46s/it]
Epoch 16: average [s/it]: 5.538962, current metric: 0.367195, best metric: 0.364652:  10%|█         | 2544/25000 [4:28:01<8:51:39,  1.42s/it]
Epoch 16: average [s/it]: 5.538962, current metric: 0.367195, best metric: 0.364652:  10%|█         | 2545/25000 [4:28:03<8:42:27,  1.40s/it]
Epoch 16: average [s/it]: 5.538962, current metric: 0.367195, best metric: 0.364652:  10%|█         | 2546/25000 [4:28:04<8:35:54,  1.38s/it]
Epoch 16: average [s/it]: 5.538962, current metric: 0.367195, best metric: 0.364652:  10%|█         | 2547/25000 [4:28:08<12:44:37,  2.04s/it]
Epoch 16: average [s/it]: 5.538962, current metric: 0.367195, best metric: 0.364652:  10%|█         | 2548/25000 [4:28:09<11:25:23,  1.83s/it]
Epoch 16: average [s/it]: 5.538962, current metric: 0.367195, best metric: 0.364652:  10%|█         | 2549/25000 [4:28:10<10:30:01,  1.68s/it]
Epoch 16: average [s/it]: 5.538962, current metric: 0.367195, best metric: 0.364652:  10%|█         | 2550/25000 [4:28:12<9:51:06,  1.58s/it] 
Epoch 16: average [s/it]: 5.538962, current metric: 0.367195, best metric: 0.364652:  10%|█         | 2551/25000 [4:28:13<9:23:58,  1.51s/it]
Epoch 16: average [s/it]: 5.538962, current metric: 0.367195, best metric: 0.364652:  10%|█         | 2552/25000 [4:28:14<9:04:54,  1.46s/it]
Epoch 16: average [s/it]: 5.538962, current metric: 0.367195, best metric: 0.364652:  10%|█         | 2553/25000 [4:28:16<8:51:37,  1.42s/it]
Epoch 16: average [s/it]: 5.538962, current metric: 0.367195, best metric: 0.364652:  10%|█         | 2554/25000 [4:28:17<8:42:13,  1.40s/it]
Epoch 16: average [s/it]: 5.538962, current metric: 0.367195, best metric: 0.364652:  10%|█         | 2555/25000 [4:28:18<8:35:44,  1.38s/it]
Epoch 16: average [s/it]: 5.538962, current metric: 0.367195, best metric: 0.364652:  10%|█         | 2556/25000 [4:28:20<8:31:11,  1.37s/it]
Epoch 16: average [s/it]: 5.538962, current metric: 0.367195, best metric: 0.364652:  10%|█         | 2557/25000 [4:28:21<8:28:09,  1.36s/it]
Epoch 16: average [s/it]: 5.538962, current metric: 0.367195, best metric: 0.364652:  10%|█         | 2558/25000 [4:28:22<8:25:48,  1.35s/it]
Epoch 16: average [s/it]: 5.538962, current metric: 0.367195, best metric: 0.364652:  10%|█         | 2559/25000 [4:28:24<8:24:10,  1.35s/it]
Epoch 16: average [s/it]: 5.538962, current metric: 0.367195, best metric: 0.364652:  10%|█         | 2560/25000 [4:28:25<8:23:03,  1.35s/it]
Epoch 16: average [s/it]: 5.538962, current metric: 0.367195, best metric: 0.364652:  10%|█         | 2561/25000 [4:28:26<8:22:17,  1.34s/it]
Epoch 16: average [s/it]: 5.538962, current metric: 0.367195, best metric: 0.364652:  10%|█         | 2562/25000 [4:28:28<8:21:44,  1.34s/it]
Epoch 16: average [s/it]: 5.538962, current metric: 0.367195, best metric: 0.364652:  10%|█         | 2563/25000 [4:28:56<59:09:30,  9.49s/it]
Epoch 16: average [s/it]: 5.538962, current metric: 0.367195, best metric: 0.364652:  10%|█         | 2564/25000 [4:28:58<43:55:11,  7.05s/it]
Epoch 16: average [s/it]: 5.538962, current metric: 0.367195, best metric: 0.364652:  10%|█         | 2565/25000 [4:28:59<33:14:42,  5.33s/it]
Epoch 16: average [s/it]: 5.538962, current metric: 0.367195, best metric: 0.364652:  10%|█         | 2566/25000 [4:29:00<25:58:32,  4.17s/it]
Epoch 16: average [s/it]: 5.538962, current metric: 0.367195, best metric: 0.364652:  10%|█         | 2567/25000 [4:29:02<20:41:04,  3.32s/it]
Epoch 16: average [s/it]: 5.538962, current metric: 0.367195, best metric: 0.364652:  10%|█         | 2568/25000 [4:29:03<16:58:46,  2.72s/it]
Epoch 16: average [s/it]: 5.538962, current metric: 0.367195, best metric: 0.364652:  10%|█         | 2569/25000 [4:29:04<14:23:07,  2.31s/it]
Epoch 16: average [s/it]: 5.538962, current metric: 0.367195, best metric: 0.364652:  10%|█         | 2570/25000 [4:29:06<12:34:14,  2.02s/it]
Epoch 16: average [s/it]: 5.538962, current metric: 0.367195, best metric: 0.364652:  10%|█         | 2571/25000 [4:29:26<45:53:19,  7.37s/it]
Epoch 16: average [s/it]: 5.538962, current metric: 0.367195, best metric: 0.364652:  10%|█         | 2572/25000 [4:29:27<34:37:29,  5.56s/it]
Epoch 16: average [s/it]: 5.538962, current metric: 0.367195, best metric: 0.364652:  10%|█         | 2573/25000 [4:29:28<26:44:14,  4.29s/it]
Epoch 16: average [s/it]: 5.538962, current metric: 0.367195, best metric: 0.364652:  10%|█         | 2574/25000 [4:29:30<21:12:54,  3.41s/it]
Epoch 16: average [s/it]: 5.538962, current metric: 0.367195, best metric: 0.364652:  10%|█         | 2575/25000 [4:29:31<17:20:59,  2.79s/it]
Epoch 16: average [s/it]: 5.538962, current metric: 0.367195, best metric: 0.364652:  10%|█         | 2576/25000 [4:29:32<14:38:35,  2.35s/it]
Epoch 16: average [s/it]: 5.538962, current metric: 0.367195, best metric: 0.364652:  10%|█         | 2577/25000 [4:29:34<12:45:00,  2.05s/it]
Epoch 16: average [s/it]: 5.538962, current metric: 0.367195, best metric: 0.364652:  10%|█         | 2578/25000 [4:29:35<11:28:01,  1.84s/it]
Epoch 16: average [s/it]: 5.538962, current metric: 0.367195, best metric: 0.364652:  10%|█         | 2579/25000 [4:29:36<10:31:38,  1.69s/it]
Epoch 16: average [s/it]: 5.538962, current metric: 0.367195, best metric: 0.364652:  10%|█         | 2580/25000 [4:29:38<9:52:03,  1.58s/it] 
Epoch 16: average [s/it]: 5.538962, current metric: 0.367195, best metric: 0.364652:  10%|█         | 2581/25000 [4:29:39<9:24:24,  1.51s/it]
Epoch 16: average [s/it]: 5.538962, current metric: 0.367195, best metric: 0.364652:  10%|█         | 2582/25000 [4:29:40<9:04:59,  1.46s/it]
Epoch 16: average [s/it]: 5.538962, current metric: 0.367195, best metric: 0.364652:  10%|█         | 2583/25000 [4:29:42<8:51:30,  1.42s/it]
Epoch 16: average [s/it]: 5.538962, current metric: 0.367195, best metric: 0.364652:  10%|█         | 2584/25000 [4:29:43<8:41:58,  1.40s/it]
Epoch 16: average [s/it]: 5.538962, current metric: 0.367195, best metric: 0.364652:  10%|█         | 2585/25000 [4:29:44<8:35:16,  1.38s/it]
Epoch 16: average [s/it]: 5.538962, current metric: 0.367195, best metric: 0.364652:  10%|█         | 2586/25000 [4:29:46<8:30:32,  1.37s/it]
Epoch 16: average [s/it]: 5.538962, current metric: 0.367195, best metric: 0.364652:  10%|█         | 2587/25000 [4:29:47<8:27:16,  1.36s/it]
Epoch 16: average [s/it]: 5.538962, current metric: 0.367195, best metric: 0.364652:  10%|█         | 2588/25000 [4:29:48<8:24:59,  1.35s/it]
Epoch 16: average [s/it]: 5.538962, current metric: 0.367195, best metric: 0.364652:  10%|█         | 2589/25000 [4:29:50<8:23:20,  1.35s/it]
Epoch 16: average [s/it]: 5.538962, current metric: 0.367195, best metric: 0.364652:  10%|█         | 2590/25000 [4:29:51<8:22:07,  1.34s/it]
Epoch 16: average [s/it]: 5.538962, current metric: 0.367195, best metric: 0.364652:  10%|█         | 2591/25000 [4:29:52<8:21:20,  1.34s/it]
Epoch 16: average [s/it]: 5.538962, current metric: 0.367195, best metric: 0.364652:  10%|█         | 2592/25000 [4:29:54<8:20:40,  1.34s/it]
Epoch 16: average [s/it]: 5.538962, current metric: 0.367195, best metric: 0.364652:  10%|█         | 2593/25000 [4:29:55<8:20:18,  1.34s/it]
Epoch 16: average [s/it]: 5.538962, current metric: 0.367195, best metric: 0.364652:  10%|█         | 2594/25000 [4:29:56<8:19:58,  1.34s/it]
Epoch 16: average [s/it]: 5.538962, current metric: 0.367195, best metric: 0.364652:  10%|█         | 2595/25000 [4:30:01<14:45:39,  2.37s/it]
Epoch 16: average [s/it]: 5.538962, current metric: 0.367195, best metric: 0.364652:  10%|█         | 2596/25000 [4:30:03<12:49:41,  2.06s/it]
Epoch 16: average [s/it]: 5.538962, current metric: 0.367195, best metric: 0.364652:  10%|█         | 2597/25000 [4:30:04<11:28:33,  1.84s/it]
Epoch 16: average [s/it]: 5.538962, current metric: 0.367195, best metric: 0.364652:  10%|█         | 2598/25000 [4:30:05<10:31:41,  1.69s/it]
Epoch 16: average [s/it]: 5.538962, current metric: 0.367195, best metric: 0.364652:  10%|█         | 2599/25000 [4:30:07<9:51:56,  1.59s/it] 
Epoch 16: average [s/it]: 5.538962, current metric: 0.367195, best metric: 0.364652:  10%|█         | 2600/25000 [4:30:08<9:24:08,  1.51s/it]
Epoch 16: average [s/it]: 5.538962, current metric: 0.367195, best metric: 0.364652:  10%|█         | 2601/25000 [4:30:09<9:16:52,  1.49s/it]
Epoch 17: average [s/it]: 2.639749, current metric: 0.356896, best metric: 0.356896:  10%|█         | 2601/25000 [4:31:51<9:16:52,  1.49s/it]
Epoch 17: average [s/it]: 2.639749, current metric: 0.356896, best metric: 0.356896:  10%|█         | 2602/25000 [4:32:27<263:31:40, 42.36s/it]
Epoch 17: average [s/it]: 2.639749, current metric: 0.356896, best metric: 0.356896:  10%|█         | 2603/25000 [4:32:28<186:57:34, 30.05s/it]
Epoch 17: average [s/it]: 2.639749, current metric: 0.356896, best metric: 0.356896:  10%|█         | 2604/25000 [4:32:30<133:21:42, 21.44s/it]
Epoch 17: average [s/it]: 2.639749, current metric: 0.356896, best metric: 0.356896:  10%|█         | 2605/25000 [4:32:31<95:50:42, 15.41s/it] 
Epoch 17: average [s/it]: 2.639749, current metric: 0.356896, best metric: 0.356896:  10%|█         | 2606/25000 [4:32:35<75:09:06, 12.08s/it]
Epoch 17: average [s/it]: 2.639749, current metric: 0.356896, best metric: 0.356896:  10%|█         | 2607/25000 [4:32:49<77:22:44, 12.44s/it]
Epoch 17: average [s/it]: 2.639749, current metric: 0.356896, best metric: 0.356896:  10%|█         | 2608/25000 [4:32:50<56:39:42,  9.11s/it]
Epoch 17: average [s/it]: 2.639749, current metric: 0.356896, best metric: 0.356896:  10%|█         | 2609/25000 [4:32:51<42:09:27,  6.78s/it]
Epoch 17: average [s/it]: 2.639749, current metric: 0.356896, best metric: 0.356896:  10%|█         | 2610/25000 [4:32:53<32:52:01,  5.28s/it]
Epoch 17: average [s/it]: 2.639749, current metric: 0.356896, best metric: 0.356896:  10%|█         | 2611/25000 [4:32:54<25:30:06,  4.10s/it]
Epoch 17: average [s/it]: 2.639749, current metric: 0.356896, best metric: 0.356896:  10%|█         | 2612/25000 [4:32:56<20:20:48,  3.27s/it]
Epoch 17: average [s/it]: 2.639749, current metric: 0.356896, best metric: 0.356896:  10%|█         | 2613/25000 [4:32:57<16:44:15,  2.69s/it]
Epoch 17: average [s/it]: 2.639749, current metric: 0.356896, best metric: 0.356896:  10%|█         | 2614/25000 [4:32:58<14:12:44,  2.29s/it]
Epoch 17: average [s/it]: 2.639749, current metric: 0.356896, best metric: 0.356896:  10%|█         | 2615/25000 [4:33:00<12:26:32,  2.00s/it]
Epoch 17: average [s/it]: 2.639749, current metric: 0.356896, best metric: 0.356896:  10%|█         | 2616/25000 [4:33:01<11:12:19,  1.80s/it]
Epoch 17: average [s/it]: 2.639749, current metric: 0.356896, best metric: 0.356896:  10%|█         | 2617/25000 [4:33:02<10:20:17,  1.66s/it]
Epoch 17: average [s/it]: 2.639749, current metric: 0.356896, best metric: 0.356896:  10%|█         | 2618/25000 [4:33:04<9:43:53,  1.57s/it] 
Epoch 17: average [s/it]: 2.639749, current metric: 0.356896, best metric: 0.356896:  10%|█         | 2619/25000 [4:33:05<9:18:22,  1.50s/it]
Epoch 17: average [s/it]: 2.639749, current metric: 0.356896, best metric: 0.356896:  10%|█         | 2620/25000 [4:33:06<9:00:39,  1.45s/it]
Epoch 17: average [s/it]: 2.639749, current metric: 0.356896, best metric: 0.356896:  10%|█         | 2621/25000 [4:33:08<8:48:06,  1.42s/it]
Epoch 17: average [s/it]: 2.639749, current metric: 0.356896, best metric: 0.356896:  10%|█         | 2622/25000 [4:33:12<13:08:53,  2.12s/it]
Epoch 17: average [s/it]: 2.639749, current metric: 0.356896, best metric: 0.356896:  10%|█         | 2623/25000 [4:33:29<42:22:00,  6.82s/it]
Epoch 17: average [s/it]: 2.639749, current metric: 0.356896, best metric: 0.356896:  10%|█         | 2624/25000 [4:33:31<32:09:05,  5.17s/it]
Epoch 17: average [s/it]: 2.639749, current metric: 0.356896, best metric: 0.356896:  10%|█         | 2625/25000 [4:33:32<25:00:04,  4.02s/it]
Epoch 17: average [s/it]: 2.639749, current metric: 0.356896, best metric: 0.356896:  11%|█         | 2626/25000 [4:33:47<45:01:42,  7.25s/it]
Epoch 17: average [s/it]: 2.639749, current metric: 0.356896, best metric: 0.356896:  11%|█         | 2627/25000 [4:33:48<34:00:56,  5.47s/it]
Epoch 17: average [s/it]: 2.639749, current metric: 0.356896, best metric: 0.356896:  11%|█         | 2628/25000 [4:33:49<26:18:37,  4.23s/it]
Epoch 17: average [s/it]: 2.639749, current metric: 0.356896, best metric: 0.356896:  11%|█         | 2629/25000 [4:33:51<20:56:19,  3.37s/it]
Epoch 17: average [s/it]: 2.639749, current metric: 0.356896, best metric: 0.356896:  11%|█         | 2630/25000 [4:33:52<17:24:15,  2.80s/it]
Epoch 17: average [s/it]: 2.639749, current metric: 0.356896, best metric: 0.356896:  11%|█         | 2631/25000 [4:33:54<14:41:13,  2.36s/it]
Epoch 17: average [s/it]: 2.639749, current metric: 0.356896, best metric: 0.356896:  11%|█         | 2632/25000 [4:33:55<12:47:48,  2.06s/it]
Epoch 17: average [s/it]: 2.639749, current metric: 0.356896, best metric: 0.356896:  11%|█         | 2633/25000 [4:33:56<11:27:37,  1.84s/it]
Epoch 17: average [s/it]: 2.639749, current metric: 0.356896, best metric: 0.356896:  11%|█         | 2634/25000 [4:33:58<10:31:35,  1.69s/it]
Epoch 17: average [s/it]: 2.639749, current metric: 0.356896, best metric: 0.356896:  11%|█         | 2635/25000 [4:33:59<9:52:15,  1.59s/it] 
Epoch 17: average [s/it]: 2.639749, current metric: 0.356896, best metric: 0.356896:  11%|█         | 2636/25000 [4:34:00<9:24:43,  1.52s/it]
Epoch 17: average [s/it]: 2.639749, current metric: 0.356896, best metric: 0.356896:  11%|█         | 2637/25000 [4:34:02<9:10:48,  1.48s/it]
Epoch 17: average [s/it]: 2.639749, current metric: 0.356896, best metric: 0.356896:  11%|█         | 2638/25000 [4:34:03<8:55:41,  1.44s/it]
Epoch 17: average [s/it]: 2.639749, current metric: 0.356896, best metric: 0.356896:  11%|█         | 2639/25000 [4:34:04<8:45:08,  1.41s/it]
Epoch 17: average [s/it]: 2.639749, current metric: 0.356896, best metric: 0.356896:  11%|█         | 2640/25000 [4:34:06<8:37:48,  1.39s/it]
Epoch 17: average [s/it]: 2.639749, current metric: 0.356896, best metric: 0.356896:  11%|█         | 2641/25000 [4:34:07<8:32:32,  1.38s/it]
Epoch 17: average [s/it]: 2.639749, current metric: 0.356896, best metric: 0.356896:  11%|█         | 2642/25000 [4:34:08<8:28:51,  1.37s/it]
Epoch 17: average [s/it]: 2.639749, current metric: 0.356896, best metric: 0.356896:  11%|█         | 2643/25000 [4:34:10<8:25:51,  1.36s/it]
Epoch 17: average [s/it]: 2.639749, current metric: 0.356896, best metric: 0.356896:  11%|█         | 2644/25000 [4:34:11<8:23:41,  1.35s/it]
Epoch 17: average [s/it]: 2.639749, current metric: 0.356896, best metric: 0.356896:  11%|█         | 2645/25000 [4:34:12<8:22:06,  1.35s/it]
Epoch 17: average [s/it]: 2.639749, current metric: 0.356896, best metric: 0.356896:  11%|█         | 2646/25000 [4:34:14<8:20:57,  1.34s/it]
Epoch 17: average [s/it]: 2.639749, current metric: 0.356896, best metric: 0.356896:  11%|█         | 2647/25000 [4:34:44<62:33:13, 10.07s/it]
Epoch 17: average [s/it]: 2.639749, current metric: 0.356896, best metric: 0.356896:  11%|█         | 2648/25000 [4:34:46<46:16:44,  7.45s/it]
Epoch 17: average [s/it]: 2.639749, current metric: 0.356896, best metric: 0.356896:  11%|█         | 2649/25000 [4:34:47<34:53:15,  5.62s/it]
Epoch 17: average [s/it]: 2.639749, current metric: 0.356896, best metric: 0.356896:  11%|█         | 2650/25000 [4:34:48<26:54:44,  4.33s/it]
Epoch 17: average [s/it]: 2.639749, current metric: 0.356896, best metric: 0.356896:  11%|█         | 2651/25000 [4:34:50<21:19:45,  3.44s/it]
Epoch 17: average [s/it]: 2.639749, current metric: 0.356896, best metric: 0.356896:  11%|█         | 2652/25000 [4:34:51<17:25:20,  2.81s/it]
Epoch 17: average [s/it]: 2.639749, current metric: 0.356896, best metric: 0.356896:  11%|█         | 2653/25000 [4:34:52<14:41:15,  2.37s/it]
Epoch 17: average [s/it]: 2.639749, current metric: 0.356896, best metric: 0.356896:  11%|█         | 2654/25000 [4:34:54<12:46:18,  2.06s/it]
Epoch 17: average [s/it]: 2.639749, current metric: 0.356896, best metric: 0.356896:  11%|█         | 2655/25000 [4:34:55<11:25:51,  1.84s/it]
Epoch 17: average [s/it]: 2.639749, current metric: 0.356896, best metric: 0.356896:  11%|█         | 2656/25000 [4:34:56<10:29:36,  1.69s/it]
Epoch 17: average [s/it]: 2.639749, current metric: 0.356896, best metric: 0.356896:  11%|█         | 2657/25000 [4:34:58<9:50:11,  1.58s/it] 
Epoch 17: average [s/it]: 2.639749, current metric: 0.356896, best metric: 0.356896:  11%|█         | 2658/25000 [4:34:59<9:22:38,  1.51s/it]
Epoch 17: average [s/it]: 2.639749, current metric: 0.356896, best metric: 0.356896:  11%|█         | 2659/25000 [4:35:00<9:04:45,  1.46s/it]
Epoch 17: average [s/it]: 2.639749, current metric: 0.356896, best metric: 0.356896:  11%|█         | 2660/25000 [4:35:02<8:50:43,  1.43s/it]
Epoch 17: average [s/it]: 2.639749, current metric: 0.356896, best metric: 0.356896:  11%|█         | 2661/25000 [4:35:03<8:40:58,  1.40s/it]
Epoch 17: average [s/it]: 2.639749, current metric: 0.356896, best metric: 0.356896:  11%|█         | 2662/25000 [4:35:04<8:34:10,  1.38s/it]
Epoch 17: average [s/it]: 2.639749, current metric: 0.356896, best metric: 0.356896:  11%|█         | 2663/25000 [4:35:22<38:37:46,  6.23s/it]
Epoch 17: average [s/it]: 2.639749, current metric: 0.356896, best metric: 0.356896:  11%|█         | 2664/25000 [4:35:23<29:31:48,  4.76s/it]
Epoch 17: average [s/it]: 2.639749, current metric: 0.356896, best metric: 0.356896:  11%|█         | 2665/25000 [4:35:25<23:09:43,  3.73s/it]
Epoch 17: average [s/it]: 2.639749, current metric: 0.356896, best metric: 0.356896:  11%|█         | 2666/25000 [4:35:26<18:42:13,  3.01s/it]
Epoch 17: average [s/it]: 2.639749, current metric: 0.356896, best metric: 0.356896:  11%|█         | 2667/25000 [4:35:27<15:35:00,  2.51s/it]
Epoch 17: average [s/it]: 2.639749, current metric: 0.356896, best metric: 0.356896:  11%|█         | 2668/25000 [4:35:29<13:23:57,  2.16s/it]
Epoch 17: average [s/it]: 2.639749, current metric: 0.356896, best metric: 0.356896:  11%|█         | 2669/25000 [4:35:30<11:52:06,  1.91s/it]
Epoch 17: average [s/it]: 2.639749, current metric: 0.356896, best metric: 0.356896:  11%|█         | 2670/25000 [4:35:31<10:47:54,  1.74s/it]
Epoch 17: average [s/it]: 2.639749, current metric: 0.356896, best metric: 0.356896:  11%|█         | 2671/25000 [4:35:33<10:03:01,  1.62s/it]
Epoch 17: average [s/it]: 2.639749, current metric: 0.356896, best metric: 0.356896:  11%|█         | 2672/25000 [4:35:34<9:31:31,  1.54s/it] 
Epoch 17: average [s/it]: 2.639749, current metric: 0.356896, best metric: 0.356896:  11%|█         | 2673/25000 [4:35:35<9:09:29,  1.48s/it]
Epoch 17: average [s/it]: 2.639749, current metric: 0.356896, best metric: 0.356896:  11%|█         | 2674/25000 [4:35:37<8:53:58,  1.44s/it]
Epoch 17: average [s/it]: 2.639749, current metric: 0.356896, best metric: 0.356896:  11%|█         | 2675/25000 [4:35:38<8:43:11,  1.41s/it]
Epoch 17: average [s/it]: 2.639749, current metric: 0.356896, best metric: 0.356896:  11%|█         | 2676/25000 [4:35:39<8:35:39,  1.39s/it]
Epoch 17: average [s/it]: 2.639749, current metric: 0.356896, best metric: 0.356896:  11%|█         | 2677/25000 [4:35:41<8:30:15,  1.37s/it]
Epoch 17: average [s/it]: 2.639749, current metric: 0.356896, best metric: 0.356896:  11%|█         | 2678/25000 [4:35:42<8:34:29,  1.38s/it]
Epoch 17: average [s/it]: 2.639749, current metric: 0.356896, best metric: 0.356896:  11%|█         | 2679/25000 [4:36:00<39:20:35,  6.35s/it]
Epoch 17: average [s/it]: 2.639749, current metric: 0.356896, best metric: 0.356896:  11%|█         | 2680/25000 [4:36:01<30:01:47,  4.84s/it]
Epoch 17: average [s/it]: 2.639749, current metric: 0.356896, best metric: 0.356896:  11%|█         | 2681/25000 [4:36:03<23:30:33,  3.79s/it]
Epoch 17: average [s/it]: 2.639749, current metric: 0.356896, best metric: 0.356896:  11%|█         | 2682/25000 [4:36:04<18:56:35,  3.06s/it]
Epoch 17: average [s/it]: 2.639749, current metric: 0.356896, best metric: 0.356896:  11%|█         | 2683/25000 [4:36:05<15:44:54,  2.54s/it]
Epoch 17: average [s/it]: 2.639749, current metric: 0.356896, best metric: 0.356896:  11%|█         | 2684/25000 [4:36:07<13:30:44,  2.18s/it]
Epoch 17: average [s/it]: 2.639749, current metric: 0.356896, best metric: 0.356896:  11%|█         | 2685/25000 [4:36:08<11:56:45,  1.93s/it]
Epoch 17: average [s/it]: 2.639749, current metric: 0.356896, best metric: 0.356896:  11%|█         | 2686/25000 [4:36:09<10:50:53,  1.75s/it]
Epoch 17: average [s/it]: 2.639749, current metric: 0.356896, best metric: 0.356896:  11%|█         | 2687/25000 [4:36:11<10:04:55,  1.63s/it]
Epoch 17: average [s/it]: 2.639749, current metric: 0.356896, best metric: 0.356896:  11%|█         | 2688/25000 [4:36:12<9:32:48,  1.54s/it] 
Epoch 17: average [s/it]: 2.639749, current metric: 0.356896, best metric: 0.356896:  11%|█         | 2689/25000 [4:36:13<9:10:17,  1.48s/it]
Epoch 17: average [s/it]: 2.639749, current metric: 0.356896, best metric: 0.356896:  11%|█         | 2690/25000 [4:36:15<8:54:25,  1.44s/it]
Epoch 17: average [s/it]: 2.639749, current metric: 0.356896, best metric: 0.356896:  11%|█         | 2691/25000 [4:36:16<8:43:19,  1.41s/it]
Epoch 17: average [s/it]: 2.639749, current metric: 0.356896, best metric: 0.356896:  11%|█         | 2692/25000 [4:36:17<8:35:28,  1.39s/it]
Epoch 17: average [s/it]: 2.639749, current metric: 0.356896, best metric: 0.356896:  11%|█         | 2693/25000 [4:36:19<8:30:00,  1.37s/it]
Epoch 17: average [s/it]: 2.639749, current metric: 0.356896, best metric: 0.356896:  11%|█         | 2694/25000 [4:36:20<8:26:13,  1.36s/it]
Epoch 17: average [s/it]: 2.639749, current metric: 0.356896, best metric: 0.356896:  11%|█         | 2695/25000 [4:36:56<72:48:14, 11.75s/it]
Epoch 17: average [s/it]: 2.639749, current metric: 0.356896, best metric: 0.356896:  11%|█         | 2696/25000 [4:36:57<53:26:53,  8.63s/it]
Epoch 17: average [s/it]: 2.639749, current metric: 0.356896, best metric: 0.356896:  11%|█         | 2697/25000 [4:36:59<39:54:05,  6.44s/it]
Epoch 17: average [s/it]: 2.639749, current metric: 0.356896, best metric: 0.356896:  11%|█         | 2698/25000 [4:37:00<30:25:01,  4.91s/it]
Epoch 17: average [s/it]: 2.639749, current metric: 0.356896, best metric: 0.356896:  11%|█         | 2699/25000 [4:37:01<23:46:41,  3.84s/it]
Epoch 17: average [s/it]: 2.639749, current metric: 0.356896, best metric: 0.356896:  11%|█         | 2700/25000 [4:37:03<19:07:50,  3.09s/it]
Epoch 17: average [s/it]: 2.639749, current metric: 0.356896, best metric: 0.356896:  11%|█         | 2701/25000 [4:37:04<16:08:23,  2.61s/it]
Epoch 17: average [s/it]: 2.639749, current metric: 0.356896, best metric: 0.356896:  11%|█         | 2702/25000 [4:37:06<13:52:22,  2.24s/it]
Epoch 17: average [s/it]: 2.639749, current metric: 0.356896, best metric: 0.356896:  11%|█         | 2703/25000 [4:37:07<12:11:51,  1.97s/it]
Epoch 17: average [s/it]: 2.639749, current metric: 0.356896, best metric: 0.356896:  11%|█         | 2704/25000 [4:37:08<11:01:28,  1.78s/it]
Epoch 17: average [s/it]: 2.639749, current metric: 0.356896, best metric: 0.356896:  11%|█         | 2705/25000 [4:37:10<10:12:08,  1.65s/it]
Epoch 17: average [s/it]: 2.639749, current metric: 0.356896, best metric: 0.356896:  11%|█         | 2706/25000 [4:37:11<9:37:45,  1.55s/it] 
Epoch 17: average [s/it]: 2.639749, current metric: 0.356896, best metric: 0.356896:  11%|█         | 2707/25000 [4:37:12<9:13:27,  1.49s/it]
Epoch 17: average [s/it]: 2.639749, current metric: 0.356896, best metric: 0.356896:  11%|█         | 2708/25000 [4:37:14<8:56:34,  1.44s/it]
Epoch 17: average [s/it]: 2.639749, current metric: 0.356896, best metric: 0.356896:  11%|█         | 2709/25000 [4:37:15<8:44:47,  1.41s/it]
Epoch 17: average [s/it]: 2.639749, current metric: 0.356896, best metric: 0.356896:  11%|█         | 2710/25000 [4:37:16<8:36:30,  1.39s/it]
Epoch 17: average [s/it]: 2.639749, current metric: 0.356896, best metric: 0.356896:  11%|█         | 2711/25000 [4:37:24<21:16:32,  3.44s/it]
Epoch 17: average [s/it]: 2.639749, current metric: 0.356896, best metric: 0.356896:  11%|█         | 2712/25000 [4:37:26<17:22:43,  2.81s/it]
Epoch 17: average [s/it]: 2.639749, current metric: 0.356896, best metric: 0.356896:  11%|█         | 2713/25000 [4:37:27<14:39:09,  2.37s/it]
Epoch 17: average [s/it]: 2.639749, current metric: 0.356896, best metric: 0.356896:  11%|█         | 2714/25000 [4:37:29<12:44:28,  2.06s/it]
Epoch 17: average [s/it]: 2.639749, current metric: 0.356896, best metric: 0.356896:  11%|█         | 2715/25000 [4:37:32<15:33:00,  2.51s/it]
Epoch 17: average [s/it]: 2.639749, current metric: 0.356896, best metric: 0.356896:  11%|█         | 2716/25000 [4:37:33<13:22:13,  2.16s/it]
Epoch 17: average [s/it]: 2.639749, current metric: 0.356896, best metric: 0.356896:  11%|█         | 2717/25000 [4:37:35<11:50:37,  1.91s/it]
Epoch 17: average [s/it]: 2.639749, current metric: 0.356896, best metric: 0.356896:  11%|█         | 2718/25000 [4:37:36<10:46:28,  1.74s/it]
Epoch 17: average [s/it]: 2.639749, current metric: 0.356896, best metric: 0.356896:  11%|█         | 2719/25000 [4:37:37<10:01:35,  1.62s/it]
Epoch 17: average [s/it]: 2.639749, current metric: 0.356896, best metric: 0.356896:  11%|█         | 2720/25000 [4:37:39<9:33:07,  1.54s/it] 
Epoch 17: average [s/it]: 2.639749, current metric: 0.356896, best metric: 0.356896:  11%|█         | 2721/25000 [4:37:40<9:10:11,  1.48s/it]
Epoch 17: average [s/it]: 2.639749, current metric: 0.356896, best metric: 0.356896:  11%|█         | 2722/25000 [4:37:41<8:54:07,  1.44s/it]
Epoch 17: average [s/it]: 2.639749, current metric: 0.356896, best metric: 0.356896:  11%|█         | 2723/25000 [4:37:43<8:42:56,  1.41s/it]
Epoch 17: average [s/it]: 2.639749, current metric: 0.356896, best metric: 0.356896:  11%|█         | 2724/25000 [4:37:44<8:34:58,  1.39s/it]
Epoch 17: average [s/it]: 2.639749, current metric: 0.356896, best metric: 0.356896:  11%|█         | 2725/25000 [4:37:45<8:29:29,  1.37s/it]
Epoch 17: average [s/it]: 2.639749, current metric: 0.356896, best metric: 0.356896:  11%|█         | 2726/25000 [4:37:47<8:25:34,  1.36s/it]
Epoch 17: average [s/it]: 2.639749, current metric: 0.356896, best metric: 0.356896:  11%|█         | 2727/25000 [4:37:48<8:39:43,  1.40s/it]
Epoch 17: average [s/it]: 2.639749, current metric: 0.356896, best metric: 0.356896:  11%|█         | 2728/25000 [4:37:50<8:32:49,  1.38s/it]
Epoch 17: average [s/it]: 2.639749, current metric: 0.356896, best metric: 0.356896:  11%|█         | 2729/25000 [4:37:51<8:27:54,  1.37s/it]
Epoch 17: average [s/it]: 2.639749, current metric: 0.356896, best metric: 0.356896:  11%|█         | 2730/25000 [4:37:52<8:24:27,  1.36s/it]
Epoch 17: average [s/it]: 2.639749, current metric: 0.356896, best metric: 0.356896:  11%|█         | 2731/25000 [4:37:54<8:32:49,  1.38s/it]
Epoch 17: average [s/it]: 2.639749, current metric: 0.356896, best metric: 0.356896:  11%|█         | 2732/25000 [4:37:55<8:27:50,  1.37s/it]
Epoch 17: average [s/it]: 2.639749, current metric: 0.356896, best metric: 0.356896:  11%|█         | 2733/25000 [4:37:56<8:24:25,  1.36s/it]
Epoch 17: average [s/it]: 2.639749, current metric: 0.356896, best metric: 0.356896:  11%|█         | 2734/25000 [4:37:58<8:21:57,  1.35s/it]
Epoch 17: average [s/it]: 2.639749, current metric: 0.356896, best metric: 0.356896:  11%|█         | 2735/25000 [4:37:59<8:20:22,  1.35s/it]
Epoch 17: average [s/it]: 2.639749, current metric: 0.356896, best metric: 0.356896:  11%|█         | 2736/25000 [4:38:00<8:19:05,  1.34s/it]
Epoch 17: average [s/it]: 2.639749, current metric: 0.356896, best metric: 0.356896:  11%|█         | 2737/25000 [4:38:02<8:18:12,  1.34s/it]
Epoch 17: average [s/it]: 2.639749, current metric: 0.356896, best metric: 0.356896:  11%|█         | 2738/25000 [4:38:03<8:24:42,  1.36s/it]
Epoch 17: average [s/it]: 2.639749, current metric: 0.356896, best metric: 0.356896:  11%|█         | 2739/25000 [4:38:05<8:22:09,  1.35s/it]
Epoch 17: average [s/it]: 2.639749, current metric: 0.356896, best metric: 0.356896:  11%|█         | 2740/25000 [4:38:06<8:20:22,  1.35s/it]
Epoch 17: average [s/it]: 2.639749, current metric: 0.356896, best metric: 0.356896:  11%|█         | 2741/25000 [4:38:07<8:19:09,  1.35s/it]
Epoch 17: average [s/it]: 2.639749, current metric: 0.356896, best metric: 0.356896:  11%|█         | 2742/25000 [4:38:09<8:18:09,  1.34s/it]
Epoch 17: average [s/it]: 2.639749, current metric: 0.356896, best metric: 0.356896:  11%|█         | 2743/25000 [4:38:20<27:00:13,  4.37s/it]
Epoch 17: average [s/it]: 2.639749, current metric: 0.356896, best metric: 0.356896:  11%|█         | 2744/25000 [4:38:21<21:23:01,  3.46s/it]
Epoch 17: average [s/it]: 2.639749, current metric: 0.356896, best metric: 0.356896:  11%|█         | 2745/25000 [4:38:23<17:27:03,  2.82s/it]
Epoch 17: average [s/it]: 2.639749, current metric: 0.356896, best metric: 0.356896:  11%|█         | 2746/25000 [4:38:24<14:41:40,  2.38s/it]
Epoch 17: average [s/it]: 2.639749, current metric: 0.356896, best metric: 0.356896:  11%|█         | 2747/25000 [4:38:25<12:46:00,  2.07s/it]
Epoch 17: average [s/it]: 2.639749, current metric: 0.356896, best metric: 0.356896:  11%|█         | 2748/25000 [4:38:27<11:25:04,  1.85s/it]
Epoch 17: average [s/it]: 2.639749, current metric: 0.356896, best metric: 0.356896:  11%|█         | 2749/25000 [4:38:28<10:28:20,  1.69s/it]
Epoch 17: average [s/it]: 2.639749, current metric: 0.356896, best metric: 0.356896:  11%|█         | 2750/25000 [4:38:29<9:48:38,  1.59s/it] 
Epoch 17: average [s/it]: 2.639749, current metric: 0.356896, best metric: 0.356896:  11%|█         | 2751/25000 [4:38:31<9:20:45,  1.51s/it]
Epoch 17: average [s/it]: 2.639749, current metric: 0.356896, best metric: 0.356896:  11%|█         | 2752/25000 [4:38:32<9:01:23,  1.46s/it]
Epoch 17: average [s/it]: 2.639749, current metric: 0.356896, best metric: 0.356896:  11%|█         | 2753/25000 [4:38:33<8:47:42,  1.42s/it]
Epoch 17: average [s/it]: 2.639749, current metric: 0.356896, best metric: 0.356896:  11%|█         | 2754/25000 [4:38:35<8:38:09,  1.40s/it]
Epoch 18: average [s/it]: 2.640725, current metric: 0.344961, best metric: 0.344961:  11%|█         | 2754/25000 [4:43:00<8:38:09,  1.40s/it]
Epoch 18: average [s/it]: 2.640725, current metric: 0.344961, best metric: 0.344961:  11%|█         | 2755/25000 [4:43:31<555:29:26, 89.90s/it]
Epoch 18: average [s/it]: 2.640725, current metric: 0.344961, best metric: 0.344961:  11%|█         | 2756/25000 [4:43:33<391:33:26, 63.37s/it]
Epoch 18: average [s/it]: 2.640725, current metric: 0.344961, best metric: 0.344961:  11%|█         | 2757/25000 [4:43:44<295:00:45, 47.75s/it]
Epoch 18: average [s/it]: 2.640725, current metric: 0.344961, best metric: 0.344961:  11%|█         | 2758/25000 [4:43:56<229:04:35, 37.08s/it]
Epoch 18: average [s/it]: 2.640725, current metric: 0.344961, best metric: 0.344961:  11%|█         | 2759/25000 [4:43:57<162:49:43, 26.36s/it]
Epoch 18: average [s/it]: 2.640725, current metric: 0.344961, best metric: 0.344961:  11%|█         | 2760/25000 [4:44:17<150:52:02, 24.42s/it]
Epoch 18: average [s/it]: 2.640725, current metric: 0.344961, best metric: 0.344961:  11%|█         | 2761/25000 [4:44:19<108:04:57, 17.50s/it]
Epoch 18: average [s/it]: 2.640725, current metric: 0.344961, best metric: 0.344961:  11%|█         | 2762/25000 [4:44:20<78:08:04, 12.65s/it] 
Epoch 18: average [s/it]: 2.640725, current metric: 0.344961, best metric: 0.344961:  11%|█         | 2763/25000 [4:44:21<57:10:22,  9.26s/it]
Epoch 18: average [s/it]: 2.640725, current metric: 0.344961, best metric: 0.344961:  11%|█         | 2764/25000 [4:44:23<42:30:01,  6.88s/it]
Epoch 18: average [s/it]: 2.640725, current metric: 0.344961, best metric: 0.344961:  11%|█         | 2765/25000 [4:44:24<32:13:46,  5.22s/it]
Epoch 18: average [s/it]: 2.640725, current metric: 0.344961, best metric: 0.344961:  11%|█         | 2766/25000 [4:44:25<25:02:36,  4.05s/it]
Epoch 18: average [s/it]: 2.640725, current metric: 0.344961, best metric: 0.344961:  11%|█         | 2767/25000 [4:44:27<20:00:31,  3.24s/it]
Epoch 18: average [s/it]: 2.640725, current metric: 0.344961, best metric: 0.344961:  11%|█         | 2768/25000 [4:44:28<16:29:26,  2.67s/it]
Epoch 18: average [s/it]: 2.640725, current metric: 0.344961, best metric: 0.344961:  11%|█         | 2769/25000 [4:44:29<14:01:15,  2.27s/it]
Epoch 18: average [s/it]: 2.640725, current metric: 0.344961, best metric: 0.344961:  11%|█         | 2770/25000 [4:44:31<12:17:35,  1.99s/it]
Epoch 18: average [s/it]: 2.640725, current metric: 0.344961, best metric: 0.344961:  11%|█         | 2771/25000 [4:44:32<11:04:55,  1.79s/it]
Epoch 18: average [s/it]: 2.640725, current metric: 0.344961, best metric: 0.344961:  11%|█         | 2772/25000 [4:44:33<10:14:07,  1.66s/it]
Epoch 18: average [s/it]: 2.640725, current metric: 0.344961, best metric: 0.344961:  11%|█         | 2773/25000 [4:44:35<9:38:31,  1.56s/it] 
Epoch 18: average [s/it]: 2.640725, current metric: 0.344961, best metric: 0.344961:  11%|█         | 2774/25000 [4:44:36<9:13:49,  1.50s/it]
Epoch 18: average [s/it]: 2.640725, current metric: 0.344961, best metric: 0.344961:  11%|█         | 2775/25000 [4:44:37<8:56:21,  1.45s/it]
Epoch 18: average [s/it]: 2.640725, current metric: 0.344961, best metric: 0.344961:  11%|█         | 2776/25000 [4:44:56<41:05:26,  6.66s/it]
Epoch 18: average [s/it]: 2.640725, current metric: 0.344961, best metric: 0.344961:  11%|█         | 2777/25000 [4:44:57<31:14:32,  5.06s/it]
Epoch 18: average [s/it]: 2.640725, current metric: 0.344961, best metric: 0.344961:  11%|█         | 2778/25000 [4:44:59<24:20:50,  3.94s/it]
Epoch 18: average [s/it]: 2.640725, current metric: 0.344961, best metric: 0.344961:  11%|█         | 2779/25000 [4:45:00<19:31:12,  3.16s/it]
Epoch 18: average [s/it]: 2.640725, current metric: 0.344961, best metric: 0.344961:  11%|█         | 2780/25000 [4:45:02<16:08:29,  2.62s/it]
Epoch 18: average [s/it]: 2.640725, current metric: 0.344961, best metric: 0.344961:  11%|█         | 2781/25000 [4:45:03<13:46:33,  2.23s/it]
Epoch 18: average [s/it]: 2.640725, current metric: 0.344961, best metric: 0.344961:  11%|█         | 2782/25000 [4:45:04<12:18:50,  2.00s/it]
Epoch 18: average [s/it]: 2.640725, current metric: 0.344961, best metric: 0.344961:  11%|█         | 2783/25000 [4:45:06<11:05:47,  1.80s/it]
Epoch 18: average [s/it]: 2.640725, current metric: 0.344961, best metric: 0.344961:  11%|█         | 2784/25000 [4:45:07<10:14:47,  1.66s/it]
Epoch 18: average [s/it]: 2.640725, current metric: 0.344961, best metric: 0.344961:  11%|█         | 2785/25000 [4:45:08<9:38:58,  1.56s/it] 
Epoch 18: average [s/it]: 2.640725, current metric: 0.344961, best metric: 0.344961:  11%|█         | 2786/25000 [4:45:10<9:13:55,  1.50s/it]
Epoch 18: average [s/it]: 2.640725, current metric: 0.344961, best metric: 0.344961:  11%|█         | 2787/25000 [4:45:11<8:56:17,  1.45s/it]
Epoch 18: average [s/it]: 2.640725, current metric: 0.344961, best metric: 0.344961:  11%|█         | 2788/25000 [4:45:12<8:44:05,  1.42s/it]
Epoch 18: average [s/it]: 2.640725, current metric: 0.344961, best metric: 0.344961:  11%|█         | 2789/25000 [4:45:14<8:35:23,  1.39s/it]
Epoch 18: average [s/it]: 2.640725, current metric: 0.344961, best metric: 0.344961:  11%|█         | 2790/25000 [4:45:15<8:29:20,  1.38s/it]
Epoch 18: average [s/it]: 2.640725, current metric: 0.344961, best metric: 0.344961:  11%|█         | 2791/25000 [4:45:16<8:24:59,  1.36s/it]
Epoch 18: average [s/it]: 2.640725, current metric: 0.344961, best metric: 0.344961:  11%|█         | 2792/25000 [4:45:18<8:22:06,  1.36s/it]
Epoch 18: average [s/it]: 2.640725, current metric: 0.344961, best metric: 0.344961:  11%|█         | 2793/25000 [4:45:19<8:19:56,  1.35s/it]
Epoch 18: average [s/it]: 2.640725, current metric: 0.344961, best metric: 0.344961:  11%|█         | 2794/25000 [4:45:20<8:18:31,  1.35s/it]
Epoch 18: average [s/it]: 2.640725, current metric: 0.344961, best metric: 0.344961:  11%|█         | 2795/25000 [4:45:22<8:17:29,  1.34s/it]
Epoch 18: average [s/it]: 2.640725, current metric: 0.344961, best metric: 0.344961:  11%|█         | 2796/25000 [4:45:23<8:16:47,  1.34s/it]
Epoch 18: average [s/it]: 2.640725, current metric: 0.344961, best metric: 0.344961:  11%|█         | 2797/25000 [4:45:24<8:16:15,  1.34s/it]
Epoch 18: average [s/it]: 2.640725, current metric: 0.344961, best metric: 0.344961:  11%|█         | 2798/25000 [4:46:18<105:38:50, 17.13s/it]
Epoch 18: average [s/it]: 2.640725, current metric: 0.344961, best metric: 0.344961:  11%|█         | 2799/25000 [4:46:20<76:25:46, 12.39s/it] 
Epoch 18: average [s/it]: 2.640725, current metric: 0.344961, best metric: 0.344961:  11%|█         | 2800/25000 [4:46:21<55:58:24,  9.08s/it]
Epoch 18: average [s/it]: 2.640725, current metric: 0.344961, best metric: 0.344961:  11%|█         | 2801/25000 [4:46:22<41:50:27,  6.79s/it]
Epoch 18: average [s/it]: 2.640725, current metric: 0.344961, best metric: 0.344961:  11%|█         | 2802/25000 [4:46:24<31:48:55,  5.16s/it]
Epoch 18: average [s/it]: 2.640725, current metric: 0.344961, best metric: 0.344961:  11%|█         | 2803/25000 [4:46:25<24:44:41,  4.01s/it]
Epoch 18: average [s/it]: 2.640725, current metric: 0.344961, best metric: 0.344961:  11%|█         | 2804/25000 [4:46:26<19:47:37,  3.21s/it]
Epoch 18: average [s/it]: 2.640725, current metric: 0.344961, best metric: 0.344961:  11%|█         | 2805/25000 [4:46:28<16:19:50,  2.65s/it]
Epoch 18: average [s/it]: 2.640725, current metric: 0.344961, best metric: 0.344961:  11%|█         | 2806/25000 [4:46:29<13:54:16,  2.26s/it]
Epoch 18: average [s/it]: 2.640725, current metric: 0.344961, best metric: 0.344961:  11%|█         | 2807/25000 [4:46:31<12:12:30,  1.98s/it]
Epoch 18: average [s/it]: 2.640725, current metric: 0.344961, best metric: 0.344961:  11%|█         | 2808/25000 [4:46:32<11:01:10,  1.79s/it]
Epoch 18: average [s/it]: 2.640725, current metric: 0.344961, best metric: 0.344961:  11%|█         | 2809/25000 [4:46:33<10:11:18,  1.65s/it]
Epoch 18: average [s/it]: 2.640725, current metric: 0.344961, best metric: 0.344961:  11%|█         | 2810/25000 [4:46:35<9:36:19,  1.56s/it] 
Epoch 18: average [s/it]: 2.640725, current metric: 0.344961, best metric: 0.344961:  11%|█         | 2811/25000 [4:46:36<9:11:51,  1.49s/it]
Epoch 18: average [s/it]: 2.640725, current metric: 0.344961, best metric: 0.344961:  11%|█         | 2812/25000 [4:46:37<8:54:39,  1.45s/it]
Epoch 18: average [s/it]: 2.640725, current metric: 0.344961, best metric: 0.344961:  11%|█▏        | 2813/25000 [4:46:39<8:42:42,  1.41s/it]
Epoch 18: average [s/it]: 2.640725, current metric: 0.344961, best metric: 0.344961:  11%|█▏        | 2814/25000 [4:46:52<30:56:51,  5.02s/it]
Epoch 18: average [s/it]: 2.640725, current metric: 0.344961, best metric: 0.344961:  11%|█▏        | 2815/25000 [4:46:53<24:08:13,  3.92s/it]
Epoch 18: average [s/it]: 2.640725, current metric: 0.344961, best metric: 0.344961:  11%|█▏        | 2816/25000 [4:46:55<19:22:16,  3.14s/it]
Epoch 18: average [s/it]: 2.640725, current metric: 0.344961, best metric: 0.344961:  11%|█▏        | 2817/25000 [4:46:56<16:02:05,  2.60s/it]
Epoch 18: average [s/it]: 2.640725, current metric: 0.344961, best metric: 0.344961:  11%|█▏        | 2818/25000 [4:46:57<13:41:56,  2.22s/it]
Epoch 18: average [s/it]: 2.640725, current metric: 0.344961, best metric: 0.344961:  11%|█▏        | 2819/25000 [4:46:59<12:03:39,  1.96s/it]
Epoch 18: average [s/it]: 2.640725, current metric: 0.344961, best metric: 0.344961:  11%|█▏        | 2820/25000 [4:47:00<11:00:56,  1.79s/it]
Epoch 18: average [s/it]: 2.640725, current metric: 0.344961, best metric: 0.344961:  11%|█▏        | 2821/25000 [4:47:01<10:11:12,  1.65s/it]
Epoch 18: average [s/it]: 2.640725, current metric: 0.344961, best metric: 0.344961:  11%|█▏        | 2822/25000 [4:47:03<9:36:25,  1.56s/it] 
Epoch 18: average [s/it]: 2.640725, current metric: 0.344961, best metric: 0.344961:  11%|█▏        | 2823/25000 [4:47:04<9:11:58,  1.49s/it]
Epoch 18: average [s/it]: 2.640725, current metric: 0.344961, best metric: 0.344961:  11%|█▏        | 2824/25000 [4:47:05<8:54:47,  1.45s/it]
Epoch 18: average [s/it]: 2.640725, current metric: 0.344961, best metric: 0.344961:  11%|█▏        | 2825/25000 [4:47:07<8:42:44,  1.41s/it]
Epoch 18: average [s/it]: 2.640725, current metric: 0.344961, best metric: 0.344961:  11%|█▏        | 2826/25000 [4:47:08<8:34:11,  1.39s/it]
Epoch 18: average [s/it]: 2.640725, current metric: 0.344961, best metric: 0.344961:  11%|█▏        | 2827/25000 [4:47:09<8:28:15,  1.38s/it]
Epoch 18: average [s/it]: 2.640725, current metric: 0.344961, best metric: 0.344961:  11%|█▏        | 2828/25000 [4:47:11<8:24:00,  1.36s/it]
Epoch 18: average [s/it]: 2.640725, current metric: 0.344961, best metric: 0.344961:  11%|█▏        | 2829/25000 [4:47:12<8:21:07,  1.36s/it]
Epoch 18: average [s/it]: 2.640725, current metric: 0.344961, best metric: 0.344961:  11%|█▏        | 2830/25000 [4:47:13<8:19:07,  1.35s/it]
Epoch 18: average [s/it]: 2.640725, current metric: 0.344961, best metric: 0.344961:  11%|█▏        | 2831/25000 [4:47:15<8:17:41,  1.35s/it]
Epoch 18: average [s/it]: 2.640725, current metric: 0.344961, best metric: 0.344961:  11%|█▏        | 2832/25000 [4:47:16<8:16:44,  1.34s/it]
Epoch 18: average [s/it]: 2.640725, current metric: 0.344961, best metric: 0.344961:  11%|█▏        | 2833/25000 [4:47:18<8:32:45,  1.39s/it]
Epoch 18: average [s/it]: 2.640725, current metric: 0.344961, best metric: 0.344961:  11%|█▏        | 2834/25000 [4:47:19<8:27:17,  1.37s/it]
Epoch 18: average [s/it]: 2.640725, current metric: 0.344961, best metric: 0.344961:  11%|█▏        | 2835/25000 [4:47:20<8:23:20,  1.36s/it]
Epoch 18: average [s/it]: 2.640725, current metric: 0.344961, best metric: 0.344961:  11%|█▏        | 2836/25000 [4:47:22<8:20:30,  1.35s/it]
Epoch 18: average [s/it]: 2.640725, current metric: 0.344961, best metric: 0.344961:  11%|█▏        | 2837/25000 [4:47:23<8:18:40,  1.35s/it]
Epoch 18: average [s/it]: 2.640725, current metric: 0.344961, best metric: 0.344961:  11%|█▏        | 2838/25000 [4:47:24<8:17:14,  1.35s/it]
Epoch 18: average [s/it]: 2.640725, current metric: 0.344961, best metric: 0.344961:  11%|█▏        | 2839/25000 [4:47:26<8:16:19,  1.34s/it]
Epoch 18: average [s/it]: 2.640725, current metric: 0.344961, best metric: 0.344961:  11%|█▏        | 2840/25000 [4:47:27<8:15:41,  1.34s/it]
Epoch 18: average [s/it]: 2.640725, current metric: 0.344961, best metric: 0.344961:  11%|█▏        | 2841/25000 [4:47:28<8:15:16,  1.34s/it]
Epoch 18: average [s/it]: 2.640725, current metric: 0.344961, best metric: 0.344961:  11%|█▏        | 2842/25000 [4:47:30<8:14:53,  1.34s/it]
Epoch 18: average [s/it]: 2.640725, current metric: 0.344961, best metric: 0.344961:  11%|█▏        | 2843/25000 [4:47:31<8:14:37,  1.34s/it]
Epoch 18: average [s/it]: 2.640725, current metric: 0.344961, best metric: 0.344961:  11%|█▏        | 2844/25000 [4:47:32<8:14:29,  1.34s/it]
Epoch 18: average [s/it]: 2.640725, current metric: 0.344961, best metric: 0.344961:  11%|█▏        | 2845/25000 [4:47:44<27:20:38,  4.44s/it]
Epoch 18: average [s/it]: 2.640725, current metric: 0.344961, best metric: 0.344961:  11%|█▏        | 2846/25000 [4:47:45<21:36:49,  3.51s/it]
Epoch 18: average [s/it]: 2.640725, current metric: 0.344961, best metric: 0.344961:  11%|█▏        | 2847/25000 [4:47:47<17:35:54,  2.86s/it]
Epoch 18: average [s/it]: 2.640725, current metric: 0.344961, best metric: 0.344961:  11%|█▏        | 2848/25000 [4:47:52<21:15:24,  3.45s/it]
Epoch 18: average [s/it]: 2.640725, current metric: 0.344961, best metric: 0.344961:  11%|█▏        | 2849/25000 [4:47:53<17:21:02,  2.82s/it]
Epoch 18: average [s/it]: 2.640725, current metric: 0.344961, best metric: 0.344961:  11%|█▏        | 2850/25000 [4:47:59<22:33:52,  3.67s/it]
Epoch 18: average [s/it]: 2.640725, current metric: 0.344961, best metric: 0.344961:  11%|█▏        | 2851/25000 [4:48:00<18:15:59,  2.97s/it]
Epoch 18: average [s/it]: 2.640725, current metric: 0.344961, best metric: 0.344961:  11%|█▏        | 2852/25000 [4:48:01<15:15:28,  2.48s/it]
Epoch 18: average [s/it]: 2.640725, current metric: 0.344961, best metric: 0.344961:  11%|█▏        | 2853/25000 [4:48:03<13:09:07,  2.14s/it]
Epoch 18: average [s/it]: 2.640725, current metric: 0.344961, best metric: 0.344961:  11%|█▏        | 2854/25000 [4:48:04<11:40:28,  1.90s/it]
Epoch 18: average [s/it]: 2.640725, current metric: 0.344961, best metric: 0.344961:  11%|█▏        | 2855/25000 [4:48:05<10:38:29,  1.73s/it]
Epoch 18: average [s/it]: 2.640725, current metric: 0.344961, best metric: 0.344961:  11%|█▏        | 2856/25000 [4:48:07<9:55:02,  1.61s/it] 
Epoch 18: average [s/it]: 2.640725, current metric: 0.344961, best metric: 0.344961:  11%|█▏        | 2857/25000 [4:48:08<9:24:42,  1.53s/it]
Epoch 18: average [s/it]: 2.640725, current metric: 0.344961, best metric: 0.344961:  11%|█▏        | 2858/25000 [4:48:09<9:03:21,  1.47s/it]
Epoch 18: average [s/it]: 2.640725, current metric: 0.344961, best metric: 0.344961:  11%|█▏        | 2859/25000 [4:48:11<8:48:29,  1.43s/it]
Epoch 18: average [s/it]: 2.640725, current metric: 0.344961, best metric: 0.344961:  11%|█▏        | 2860/25000 [4:48:12<8:37:59,  1.40s/it]
Epoch 18: average [s/it]: 2.640725, current metric: 0.344961, best metric: 0.344961:  11%|█▏        | 2861/25000 [4:48:13<8:30:39,  1.38s/it]
Epoch 18: average [s/it]: 2.640725, current metric: 0.344961, best metric: 0.344961:  11%|█▏        | 2862/25000 [4:48:15<8:25:33,  1.37s/it]
Epoch 18: average [s/it]: 2.640725, current metric: 0.344961, best metric: 0.344961:  11%|█▏        | 2863/25000 [4:48:18<12:46:23,  2.08s/it]
Epoch 18: average [s/it]: 2.640725, current metric: 0.344961, best metric: 0.344961:  11%|█▏        | 2864/25000 [4:48:27<24:40:42,  4.01s/it]
Epoch 18: average [s/it]: 2.640725, current metric: 0.344961, best metric: 0.344961:  11%|█▏        | 2865/25000 [4:48:28<19:44:36,  3.21s/it]
Epoch 18: average [s/it]: 2.640725, current metric: 0.344961, best metric: 0.344961:  11%|█▏        | 2866/25000 [4:48:30<16:17:21,  2.65s/it]
Epoch 18: average [s/it]: 2.640725, current metric: 0.344961, best metric: 0.344961:  11%|█▏        | 2867/25000 [4:48:31<13:52:08,  2.26s/it]
Epoch 18: average [s/it]: 2.640725, current metric: 0.344961, best metric: 0.344961:  11%|█▏        | 2868/25000 [4:48:32<12:10:38,  1.98s/it]
Epoch 18: average [s/it]: 2.640725, current metric: 0.344961, best metric: 0.344961:  11%|█▏        | 2869/25000 [4:48:34<10:59:25,  1.79s/it]
Epoch 18: average [s/it]: 2.640725, current metric: 0.344961, best metric: 0.344961:  11%|█▏        | 2870/25000 [4:48:35<10:09:42,  1.65s/it]
Epoch 18: average [s/it]: 2.640725, current metric: 0.344961, best metric: 0.344961:  11%|█▏        | 2871/25000 [4:48:36<9:34:46,  1.56s/it] 
Epoch 18: average [s/it]: 2.640725, current metric: 0.344961, best metric: 0.344961:  11%|█▏        | 2872/25000 [4:48:38<9:10:24,  1.49s/it]
Epoch 18: average [s/it]: 2.640725, current metric: 0.344961, best metric: 0.344961:  11%|█▏        | 2873/25000 [4:48:39<8:53:13,  1.45s/it]
Epoch 18: average [s/it]: 2.640725, current metric: 0.344961, best metric: 0.344961:  11%|█▏        | 2874/25000 [4:48:40<8:41:12,  1.41s/it]
Epoch 18: average [s/it]: 2.640725, current metric: 0.344961, best metric: 0.344961:  12%|█▏        | 2875/25000 [4:48:42<8:32:47,  1.39s/it]
Epoch 18: average [s/it]: 2.640725, current metric: 0.344961, best metric: 0.344961:  12%|█▏        | 2876/25000 [4:48:44<9:34:37,  1.56s/it]
Epoch 18: average [s/it]: 2.640725, current metric: 0.344961, best metric: 0.344961:  12%|█▏        | 2877/25000 [4:48:45<9:10:09,  1.49s/it]
Epoch 18: average [s/it]: 2.640725, current metric: 0.344961, best metric: 0.344961:  12%|█▏        | 2878/25000 [4:48:46<8:53:08,  1.45s/it]
Epoch 18: average [s/it]: 2.640725, current metric: 0.344961, best metric: 0.344961:  12%|█▏        | 2879/25000 [4:48:54<19:53:17,  3.24s/it]
Epoch 18: average [s/it]: 2.640725, current metric: 0.344961, best metric: 0.344961:  12%|█▏        | 2880/25000 [4:48:55<16:23:14,  2.67s/it]
Epoch 18: average [s/it]: 2.640725, current metric: 0.344961, best metric: 0.344961:  12%|█▏        | 2881/25000 [4:48:56<13:56:06,  2.27s/it]
Epoch 18: average [s/it]: 2.640725, current metric: 0.344961, best metric: 0.344961:  12%|█▏        | 2882/25000 [4:48:58<12:13:17,  1.99s/it]
Epoch 18: average [s/it]: 2.640725, current metric: 0.344961, best metric: 0.344961:  12%|█▏        | 2883/25000 [4:48:59<11:01:09,  1.79s/it]
Epoch 18: average [s/it]: 2.640725, current metric: 0.344961, best metric: 0.344961:  12%|█▏        | 2884/25000 [4:49:00<10:10:42,  1.66s/it]
Epoch 18: average [s/it]: 2.640725, current metric: 0.344961, best metric: 0.344961:  12%|█▏        | 2885/25000 [4:49:02<9:35:26,  1.56s/it] 
Epoch 18: average [s/it]: 2.640725, current metric: 0.344961, best metric: 0.344961:  12%|█▏        | 2886/25000 [4:49:03<9:10:47,  1.49s/it]
Epoch 18: average [s/it]: 2.640725, current metric: 0.344961, best metric: 0.344961:  12%|█▏        | 2887/25000 [4:49:04<8:53:26,  1.45s/it]
Epoch 18: average [s/it]: 2.640725, current metric: 0.344961, best metric: 0.344961:  12%|█▏        | 2888/25000 [4:49:06<8:41:20,  1.41s/it]
Epoch 18: average [s/it]: 2.640725, current metric: 0.344961, best metric: 0.344961:  12%|█▏        | 2889/25000 [4:49:07<8:32:51,  1.39s/it]
Epoch 18: average [s/it]: 2.640725, current metric: 0.344961, best metric: 0.344961:  12%|█▏        | 2890/25000 [4:49:08<8:26:52,  1.38s/it]
Epoch 18: average [s/it]: 2.640725, current metric: 0.344961, best metric: 0.344961:  12%|█▏        | 2891/25000 [4:49:10<8:22:40,  1.36s/it]
Epoch 18: average [s/it]: 2.640725, current metric: 0.344961, best metric: 0.344961:  12%|█▏        | 2892/25000 [4:49:14<13:28:33,  2.19s/it]
Epoch 18: average [s/it]: 2.640725, current metric: 0.344961, best metric: 0.344961:  12%|█▏        | 2893/25000 [4:49:15<11:53:52,  1.94s/it]
Epoch 18: average [s/it]: 2.640725, current metric: 0.344961, best metric: 0.344961:  12%|█▏        | 2894/25000 [4:49:16<10:47:34,  1.76s/it]
Epoch 18: average [s/it]: 2.640725, current metric: 0.344961, best metric: 0.344961:  12%|█▏        | 2895/25000 [4:49:18<10:01:07,  1.63s/it]
Epoch 18: average [s/it]: 2.640725, current metric: 0.344961, best metric: 0.344961:  12%|█▏        | 2896/25000 [4:49:19<9:28:38,  1.54s/it] 
Epoch 18: average [s/it]: 2.640725, current metric: 0.344961, best metric: 0.344961:  12%|█▏        | 2897/25000 [4:49:20<9:05:52,  1.48s/it]
Epoch 18: average [s/it]: 2.640725, current metric: 0.344961, best metric: 0.344961:  12%|█▏        | 2898/25000 [4:49:22<8:49:57,  1.44s/it]
Epoch 18: average [s/it]: 2.640725, current metric: 0.344961, best metric: 0.344961:  12%|█▏        | 2899/25000 [4:49:23<8:38:43,  1.41s/it]
Epoch 18: average [s/it]: 2.640725, current metric: 0.344961, best metric: 0.344961:  12%|█▏        | 2900/25000 [4:49:28<14:13:34,  2.32s/it]
Epoch 18: average [s/it]: 2.640725, current metric: 0.344961, best metric: 0.344961:  12%|█▏        | 2901/25000 [4:49:29<12:36:29,  2.05s/it]
Epoch 18: average [s/it]: 2.640725, current metric: 0.344961, best metric: 0.344961:  12%|█▏        | 2902/25000 [4:49:36<21:26:12,  3.49s/it]
Epoch 18: average [s/it]: 2.640725, current metric: 0.344961, best metric: 0.344961:  12%|█▏        | 2903/25000 [4:49:38<19:22:15,  3.16s/it]
Epoch 18: average [s/it]: 2.640725, current metric: 0.344961, best metric: 0.344961:  12%|█▏        | 2904/25000 [4:49:40<16:01:25,  2.61s/it]
Epoch 18: average [s/it]: 2.640725, current metric: 0.344961, best metric: 0.344961:  12%|█▏        | 2905/25000 [4:49:41<13:40:59,  2.23s/it]
Epoch 18: average [s/it]: 2.640725, current metric: 0.344961, best metric: 0.344961:  12%|█▏        | 2906/25000 [4:49:42<12:02:34,  1.96s/it]
Epoch 18: average [s/it]: 2.640725, current metric: 0.344961, best metric: 0.344961:  12%|█▏        | 2907/25000 [4:49:44<10:53:43,  1.78s/it]
Epoch 19: average [s/it]: 2.637565, current metric: 0.354905, best metric: 0.344961:  12%|█▏        | 2907/25000 [4:51:48<10:53:43,  1.78s/it]
Epoch 19: average [s/it]: 2.637565, current metric: 0.354905, best metric: 0.344961:  12%|█▏        | 2908/25000 [4:52:10<278:00:23, 45.30s/it]
Epoch 19: average [s/it]: 2.637565, current metric: 0.354905, best metric: 0.344961:  12%|█▏        | 2909/25000 [4:52:19<211:11:29, 34.42s/it]
Epoch 19: average [s/it]: 2.637565, current metric: 0.354905, best metric: 0.344961:  12%|█▏        | 2910/25000 [4:52:29<165:51:22, 27.03s/it]
Epoch 19: average [s/it]: 2.637565, current metric: 0.354905, best metric: 0.344961:  12%|█▏        | 2911/25000 [4:52:31<118:33:28, 19.32s/it]
Epoch 19: average [s/it]: 2.637565, current metric: 0.354905, best metric: 0.344961:  12%|█▏        | 2912/25000 [4:52:32<85:27:07, 13.93s/it] 
Epoch 19: average [s/it]: 2.637565, current metric: 0.354905, best metric: 0.344961:  12%|█▏        | 2913/25000 [4:52:33<62:16:36, 10.15s/it]
Epoch 19: average [s/it]: 2.637565, current metric: 0.354905, best metric: 0.344961:  12%|█▏        | 2914/25000 [4:52:35<46:03:21,  7.51s/it]
Epoch 19: average [s/it]: 2.637565, current metric: 0.354905, best metric: 0.344961:  12%|█▏        | 2915/25000 [4:52:36<34:42:01,  5.66s/it]
Epoch 19: average [s/it]: 2.637565, current metric: 0.354905, best metric: 0.344961:  12%|█▏        | 2916/25000 [4:52:37<26:45:03,  4.36s/it]
Epoch 19: average [s/it]: 2.637565, current metric: 0.354905, best metric: 0.344961:  12%|█▏        | 2917/25000 [4:52:39<21:11:11,  3.45s/it]
Epoch 19: average [s/it]: 2.637565, current metric: 0.354905, best metric: 0.344961:  12%|█▏        | 2918/25000 [4:52:40<17:17:36,  2.82s/it]
Epoch 19: average [s/it]: 2.637565, current metric: 0.354905, best metric: 0.344961:  12%|█▏        | 2919/25000 [4:52:41<14:34:00,  2.37s/it]
Epoch 19: average [s/it]: 2.637565, current metric: 0.354905, best metric: 0.344961:  12%|█▏        | 2920/25000 [4:52:43<12:55:50,  2.11s/it]
Epoch 19: average [s/it]: 2.637565, current metric: 0.354905, best metric: 0.344961:  12%|█▏        | 2921/25000 [4:53:03<45:34:19,  7.43s/it]
Epoch 19: average [s/it]: 2.637565, current metric: 0.354905, best metric: 0.344961:  12%|█▏        | 2922/25000 [4:53:04<34:21:41,  5.60s/it]
Epoch 19: average [s/it]: 2.637565, current metric: 0.354905, best metric: 0.344961:  12%|█▏        | 2923/25000 [4:53:05<26:30:42,  4.32s/it]
Epoch 19: average [s/it]: 2.637565, current metric: 0.354905, best metric: 0.344961:  12%|█▏        | 2924/25000 [4:53:07<21:01:06,  3.43s/it]
Epoch 19: average [s/it]: 2.637565, current metric: 0.354905, best metric: 0.344961:  12%|█▏        | 2925/25000 [4:53:08<17:10:25,  2.80s/it]
Epoch 19: average [s/it]: 2.637565, current metric: 0.354905, best metric: 0.344961:  12%|█▏        | 2926/25000 [4:53:09<14:29:01,  2.36s/it]
Epoch 19: average [s/it]: 2.637565, current metric: 0.354905, best metric: 0.344961:  12%|█▏        | 2927/25000 [4:53:20<29:23:17,  4.79s/it]
Epoch 19: average [s/it]: 2.637565, current metric: 0.354905, best metric: 0.344961:  12%|█▏        | 2928/25000 [4:53:21<23:02:05,  3.76s/it]
Epoch 19: average [s/it]: 2.637565, current metric: 0.354905, best metric: 0.344961:  12%|█▏        | 2929/25000 [4:53:37<45:23:50,  7.40s/it]
Epoch 19: average [s/it]: 2.637565, current metric: 0.354905, best metric: 0.344961:  12%|█▏        | 2930/25000 [4:53:38<34:14:20,  5.58s/it]
Epoch 19: average [s/it]: 2.637565, current metric: 0.354905, best metric: 0.344961:  12%|█▏        | 2931/25000 [4:53:40<26:25:45,  4.31s/it]
Epoch 19: average [s/it]: 2.637565, current metric: 0.354905, best metric: 0.344961:  12%|█▏        | 2932/25000 [4:53:41<20:57:40,  3.42s/it]
Epoch 19: average [s/it]: 2.637565, current metric: 0.354905, best metric: 0.344961:  12%|█▏        | 2933/25000 [4:53:42<17:08:06,  2.80s/it]
Epoch 19: average [s/it]: 2.637565, current metric: 0.354905, best metric: 0.344961:  12%|█▏        | 2934/25000 [4:53:44<14:27:13,  2.36s/it]
Epoch 19: average [s/it]: 2.637565, current metric: 0.354905, best metric: 0.344961:  12%|█▏        | 2935/25000 [4:53:45<12:34:41,  2.05s/it]
Epoch 19: average [s/it]: 2.637565, current metric: 0.354905, best metric: 0.344961:  12%|█▏        | 2936/25000 [4:53:46<11:15:46,  1.84s/it]
Epoch 19: average [s/it]: 2.637565, current metric: 0.354905, best metric: 0.344961:  12%|█▏        | 2937/25000 [4:53:48<10:20:35,  1.69s/it]
Epoch 19: average [s/it]: 2.637565, current metric: 0.354905, best metric: 0.344961:  12%|█▏        | 2938/25000 [4:53:49<9:42:02,  1.58s/it] 
Epoch 19: average [s/it]: 2.637565, current metric: 0.354905, best metric: 0.344961:  12%|█▏        | 2939/25000 [4:53:50<9:15:02,  1.51s/it]
Epoch 19: average [s/it]: 2.637565, current metric: 0.354905, best metric: 0.344961:  12%|█▏        | 2940/25000 [4:53:52<8:56:05,  1.46s/it]
Epoch 19: average [s/it]: 2.637565, current metric: 0.354905, best metric: 0.344961:  12%|█▏        | 2941/25000 [4:53:53<8:42:51,  1.42s/it]
Epoch 19: average [s/it]: 2.637565, current metric: 0.354905, best metric: 0.344961:  12%|█▏        | 2942/25000 [4:53:54<8:33:36,  1.40s/it]
Epoch 19: average [s/it]: 2.637565, current metric: 0.354905, best metric: 0.344961:  12%|█▏        | 2943/25000 [4:53:56<8:27:05,  1.38s/it]
Epoch 19: average [s/it]: 2.637565, current metric: 0.354905, best metric: 0.344961:  12%|█▏        | 2944/25000 [4:53:57<8:22:35,  1.37s/it]
Epoch 19: average [s/it]: 2.637565, current metric: 0.354905, best metric: 0.344961:  12%|█▏        | 2945/25000 [4:53:58<8:19:29,  1.36s/it]
Epoch 19: average [s/it]: 2.637565, current metric: 0.354905, best metric: 0.344961:  12%|█▏        | 2946/25000 [4:54:00<8:17:13,  1.35s/it]
Epoch 19: average [s/it]: 2.637565, current metric: 0.354905, best metric: 0.344961:  12%|█▏        | 2947/25000 [4:54:01<8:15:27,  1.35s/it]
Epoch 19: average [s/it]: 2.637565, current metric: 0.354905, best metric: 0.344961:  12%|█▏        | 2948/25000 [4:54:02<8:14:17,  1.34s/it]
Epoch 19: average [s/it]: 2.637565, current metric: 0.354905, best metric: 0.344961:  12%|█▏        | 2949/25000 [4:54:04<8:13:30,  1.34s/it]
Epoch 19: average [s/it]: 2.637565, current metric: 0.354905, best metric: 0.344961:  12%|█▏        | 2950/25000 [4:54:05<8:12:58,  1.34s/it]
Epoch 19: average [s/it]: 2.637565, current metric: 0.354905, best metric: 0.344961:  12%|█▏        | 2951/25000 [4:54:07<8:12:36,  1.34s/it]
Epoch 19: average [s/it]: 2.637565, current metric: 0.354905, best metric: 0.344961:  12%|█▏        | 2952/25000 [4:54:08<8:12:20,  1.34s/it]
Epoch 19: average [s/it]: 2.637565, current metric: 0.354905, best metric: 0.344961:  12%|█▏        | 2953/25000 [4:54:09<8:12:07,  1.34s/it]
Epoch 19: average [s/it]: 2.637565, current metric: 0.354905, best metric: 0.344961:  12%|█▏        | 2954/25000 [4:54:11<8:11:58,  1.34s/it]
Epoch 19: average [s/it]: 2.637565, current metric: 0.354905, best metric: 0.344961:  12%|█▏        | 2955/25000 [4:54:12<8:11:55,  1.34s/it]
Epoch 19: average [s/it]: 2.637565, current metric: 0.354905, best metric: 0.344961:  12%|█▏        | 2956/25000 [4:54:13<8:12:55,  1.34s/it]
Epoch 19: average [s/it]: 2.637565, current metric: 0.354905, best metric: 0.344961:  12%|█▏        | 2957/25000 [4:54:15<8:12:29,  1.34s/it]
Epoch 19: average [s/it]: 2.637565, current metric: 0.354905, best metric: 0.344961:  12%|█▏        | 2958/25000 [4:54:50<70:26:21, 11.50s/it]
Epoch 19: average [s/it]: 2.637565, current metric: 0.354905, best metric: 0.344961:  12%|█▏        | 2959/25000 [4:54:51<51:45:58,  8.46s/it]
Epoch 19: average [s/it]: 2.637565, current metric: 0.354905, best metric: 0.344961:  12%|█▏        | 2960/25000 [4:54:52<38:41:36,  6.32s/it]
Epoch 19: average [s/it]: 2.637565, current metric: 0.354905, best metric: 0.344961:  12%|█▏        | 2961/25000 [4:54:54<29:32:42,  4.83s/it]
Epoch 19: average [s/it]: 2.637565, current metric: 0.354905, best metric: 0.344961:  12%|█▏        | 2962/25000 [4:54:55<23:08:19,  3.78s/it]
Epoch 19: average [s/it]: 2.637565, current metric: 0.354905, best metric: 0.344961:  12%|█▏        | 2963/25000 [4:54:56<18:39:27,  3.05s/it]
Epoch 19: average [s/it]: 2.637565, current metric: 0.354905, best metric: 0.344961:  12%|█▏        | 2964/25000 [4:54:58<15:30:56,  2.53s/it]
Epoch 19: average [s/it]: 2.637565, current metric: 0.354905, best metric: 0.344961:  12%|█▏        | 2965/25000 [4:54:59<13:33:21,  2.21s/it]
Epoch 19: average [s/it]: 2.637565, current metric: 0.354905, best metric: 0.344961:  12%|█▏        | 2966/25000 [4:55:01<11:56:45,  1.95s/it]
Epoch 19: average [s/it]: 2.637565, current metric: 0.354905, best metric: 0.344961:  12%|█▏        | 2967/25000 [4:55:02<10:49:07,  1.77s/it]
Epoch 19: average [s/it]: 2.637565, current metric: 0.354905, best metric: 0.344961:  12%|█▏        | 2968/25000 [4:55:03<10:01:46,  1.64s/it]
Epoch 19: average [s/it]: 2.637565, current metric: 0.354905, best metric: 0.344961:  12%|█▏        | 2969/25000 [4:55:14<25:52:43,  4.23s/it]
Epoch 19: average [s/it]: 2.637565, current metric: 0.354905, best metric: 0.344961:  12%|█▏        | 2970/25000 [4:55:15<20:49:16,  3.40s/it]
Epoch 19: average [s/it]: 2.637565, current metric: 0.354905, best metric: 0.344961:  12%|█▏        | 2971/25000 [4:55:16<17:01:47,  2.78s/it]
Epoch 19: average [s/it]: 2.637565, current metric: 0.354905, best metric: 0.344961:  12%|█▏        | 2972/25000 [4:55:18<14:22:39,  2.35s/it]
Epoch 19: average [s/it]: 2.637565, current metric: 0.354905, best metric: 0.344961:  12%|█▏        | 2973/25000 [4:55:19<12:31:13,  2.05s/it]
Epoch 19: average [s/it]: 2.637565, current metric: 0.354905, best metric: 0.344961:  12%|█▏        | 2974/25000 [4:55:20<11:13:13,  1.83s/it]
Epoch 19: average [s/it]: 2.637565, current metric: 0.354905, best metric: 0.344961:  12%|█▏        | 2975/25000 [4:55:22<10:18:36,  1.69s/it]
Epoch 19: average [s/it]: 2.637565, current metric: 0.354905, best metric: 0.344961:  12%|█▏        | 2976/25000 [4:55:23<9:40:21,  1.58s/it] 
Epoch 19: average [s/it]: 2.637565, current metric: 0.354905, best metric: 0.344961:  12%|█▏        | 2977/25000 [4:55:24<9:13:38,  1.51s/it]
Epoch 19: average [s/it]: 2.637565, current metric: 0.354905, best metric: 0.344961:  12%|█▏        | 2978/25000 [4:55:26<8:54:53,  1.46s/it]
Epoch 19: average [s/it]: 2.637565, current metric: 0.354905, best metric: 0.344961:  12%|█▏        | 2979/25000 [4:55:27<8:41:42,  1.42s/it]
Epoch 19: average [s/it]: 2.637565, current metric: 0.354905, best metric: 0.344961:  12%|█▏        | 2980/25000 [4:55:28<8:32:33,  1.40s/it]
Epoch 19: average [s/it]: 2.637565, current metric: 0.354905, best metric: 0.344961:  12%|█▏        | 2981/25000 [4:55:30<8:26:08,  1.38s/it]
Epoch 19: average [s/it]: 2.637565, current metric: 0.354905, best metric: 0.344961:  12%|█▏        | 2982/25000 [4:55:31<8:21:39,  1.37s/it]
Epoch 19: average [s/it]: 2.637565, current metric: 0.354905, best metric: 0.344961:  12%|█▏        | 2983/25000 [4:55:32<8:18:26,  1.36s/it]
Epoch 19: average [s/it]: 2.637565, current metric: 0.354905, best metric: 0.344961:  12%|█▏        | 2984/25000 [4:55:34<8:16:13,  1.35s/it]
Epoch 19: average [s/it]: 2.637565, current metric: 0.354905, best metric: 0.344961:  12%|█▏        | 2985/25000 [4:55:50<34:51:52,  5.70s/it]
Epoch 19: average [s/it]: 2.637565, current metric: 0.354905, best metric: 0.344961:  12%|█▏        | 2986/25000 [4:55:51<26:51:32,  4.39s/it]
Epoch 19: average [s/it]: 2.637565, current metric: 0.354905, best metric: 0.344961:  12%|█▏        | 2987/25000 [4:56:11<54:40:38,  8.94s/it]
Epoch 19: average [s/it]: 2.637565, current metric: 0.354905, best metric: 0.344961:  12%|█▏        | 2988/25000 [4:56:12<40:43:43,  6.66s/it]
Epoch 19: average [s/it]: 2.637565, current metric: 0.354905, best metric: 0.344961:  12%|█▏        | 2989/25000 [4:56:13<30:57:49,  5.06s/it]
Epoch 19: average [s/it]: 2.637565, current metric: 0.354905, best metric: 0.344961:  12%|█▏        | 2990/25000 [4:56:15<24:07:41,  3.95s/it]
Epoch 19: average [s/it]: 2.637565, current metric: 0.354905, best metric: 0.344961:  12%|█▏        | 2991/25000 [4:56:16<19:20:33,  3.16s/it]
Epoch 19: average [s/it]: 2.637565, current metric: 0.354905, best metric: 0.344961:  12%|█▏        | 2992/25000 [4:56:17<15:59:43,  2.62s/it]
Epoch 19: average [s/it]: 2.637565, current metric: 0.354905, best metric: 0.344961:  12%|█▏        | 2993/25000 [4:56:19<13:38:57,  2.23s/it]
Epoch 19: average [s/it]: 2.637565, current metric: 0.354905, best metric: 0.344961:  12%|█▏        | 2994/25000 [4:56:20<12:00:24,  1.96s/it]
Epoch 19: average [s/it]: 2.637565, current metric: 0.354905, best metric: 0.344961:  12%|█▏        | 2995/25000 [4:56:21<11:08:34,  1.82s/it]
Epoch 19: average [s/it]: 2.637565, current metric: 0.354905, best metric: 0.344961:  12%|█▏        | 2996/25000 [4:56:23<10:15:17,  1.68s/it]
Epoch 19: average [s/it]: 2.637565, current metric: 0.354905, best metric: 0.344961:  12%|█▏        | 2997/25000 [4:56:24<9:37:52,  1.58s/it] 
Epoch 19: average [s/it]: 2.637565, current metric: 0.354905, best metric: 0.344961:  12%|█▏        | 2998/25000 [4:56:25<9:11:38,  1.50s/it]
Epoch 19: average [s/it]: 2.637565, current metric: 0.354905, best metric: 0.344961:  12%|█▏        | 2999/25000 [4:56:27<8:53:21,  1.45s/it]
Epoch 19: average [s/it]: 2.637565, current metric: 0.354905, best metric: 0.344961:  12%|█▏        | 3000/25000 [4:56:28<8:40:27,  1.42s/it]
Epoch 19: average [s/it]: 2.637565, current metric: 0.354905, best metric: 0.344961:  12%|█▏        | 3001/25000 [4:56:30<8:49:54,  1.45s/it]
Epoch 19: average [s/it]: 2.637565, current metric: 0.354905, best metric: 0.344961:  12%|█▏        | 3002/25000 [4:56:31<8:43:09,  1.43s/it]
Epoch 19: average [s/it]: 2.637565, current metric: 0.354905, best metric: 0.344961:  12%|█▏        | 3003/25000 [4:56:32<8:33:22,  1.40s/it]
Epoch 19: average [s/it]: 2.637565, current metric: 0.354905, best metric: 0.344961:  12%|█▏        | 3004/25000 [4:56:34<8:26:33,  1.38s/it]
Epoch 19: average [s/it]: 2.637565, current metric: 0.354905, best metric: 0.344961:  12%|█▏        | 3005/25000 [4:56:35<8:21:46,  1.37s/it]
Epoch 19: average [s/it]: 2.637565, current metric: 0.354905, best metric: 0.344961:  12%|█▏        | 3006/25000 [4:56:36<8:18:25,  1.36s/it]
Epoch 19: average [s/it]: 2.637565, current metric: 0.354905, best metric: 0.344961:  12%|█▏        | 3007/25000 [4:56:38<8:16:01,  1.35s/it]
Epoch 19: average [s/it]: 2.637565, current metric: 0.354905, best metric: 0.344961:  12%|█▏        | 3008/25000 [4:56:39<8:14:25,  1.35s/it]
Epoch 19: average [s/it]: 2.637565, current metric: 0.354905, best metric: 0.344961:  12%|█▏        | 3009/25000 [4:56:40<8:13:11,  1.35s/it]
Epoch 19: average [s/it]: 2.637565, current metric: 0.354905, best metric: 0.344961:  12%|█▏        | 3010/25000 [4:56:42<8:12:27,  1.34s/it]
Epoch 19: average [s/it]: 2.637565, current metric: 0.354905, best metric: 0.344961:  12%|█▏        | 3011/25000 [4:56:43<8:11:53,  1.34s/it]
Epoch 19: average [s/it]: 2.637565, current metric: 0.354905, best metric: 0.344961:  12%|█▏        | 3012/25000 [4:56:44<8:11:26,  1.34s/it]
Epoch 19: average [s/it]: 2.637565, current metric: 0.354905, best metric: 0.344961:  12%|█▏        | 3013/25000 [4:56:46<8:11:07,  1.34s/it]
Epoch 19: average [s/it]: 2.637565, current metric: 0.354905, best metric: 0.344961:  12%|█▏        | 3014/25000 [4:56:47<8:10:57,  1.34s/it]
Epoch 19: average [s/it]: 2.637565, current metric: 0.354905, best metric: 0.344961:  12%|█▏        | 3015/25000 [4:56:48<8:10:45,  1.34s/it]
Epoch 19: average [s/it]: 2.637565, current metric: 0.354905, best metric: 0.344961:  12%|█▏        | 3016/25000 [4:56:50<8:10:40,  1.34s/it]
Epoch 19: average [s/it]: 2.637565, current metric: 0.354905, best metric: 0.344961:  12%|█▏        | 3017/25000 [4:56:56<17:38:24,  2.89s/it]
Epoch 19: average [s/it]: 2.637565, current metric: 0.354905, best metric: 0.344961:  12%|█▏        | 3018/25000 [4:56:58<14:48:00,  2.42s/it]
Epoch 19: average [s/it]: 2.637565, current metric: 0.354905, best metric: 0.344961:  12%|█▏        | 3019/25000 [4:57:08<30:10:25,  4.94s/it]
Epoch 19: average [s/it]: 2.637565, current metric: 0.354905, best metric: 0.344961:  12%|█▏        | 3020/25000 [4:57:10<23:34:22,  3.86s/it]
Epoch 19: average [s/it]: 2.637565, current metric: 0.354905, best metric: 0.344961:  12%|█▏        | 3021/25000 [4:57:12<21:33:42,  3.53s/it]
Epoch 19: average [s/it]: 2.637565, current metric: 0.354905, best metric: 0.344961:  12%|█▏        | 3022/25000 [4:57:14<17:32:39,  2.87s/it]
Epoch 19: average [s/it]: 2.637565, current metric: 0.354905, best metric: 0.344961:  12%|█▏        | 3023/25000 [4:57:15<14:43:55,  2.41s/it]
Epoch 19: average [s/it]: 2.637565, current metric: 0.354905, best metric: 0.344961:  12%|█▏        | 3024/25000 [4:57:16<12:45:44,  2.09s/it]
Epoch 19: average [s/it]: 2.637565, current metric: 0.354905, best metric: 0.344961:  12%|█▏        | 3025/25000 [4:57:18<11:23:16,  1.87s/it]
Epoch 19: average [s/it]: 2.637565, current metric: 0.354905, best metric: 0.344961:  12%|█▏        | 3026/25000 [4:57:35<38:46:47,  6.35s/it]
Epoch 19: average [s/it]: 2.637565, current metric: 0.354905, best metric: 0.344961:  12%|█▏        | 3027/25000 [4:57:36<29:35:46,  4.85s/it]
Epoch 19: average [s/it]: 2.637565, current metric: 0.354905, best metric: 0.344961:  12%|█▏        | 3028/25000 [4:57:49<44:27:13,  7.28s/it]
Epoch 19: average [s/it]: 2.637565, current metric: 0.354905, best metric: 0.344961:  12%|█▏        | 3029/25000 [4:57:50<33:34:07,  5.50s/it]
Epoch 19: average [s/it]: 2.637565, current metric: 0.354905, best metric: 0.344961:  12%|█▏        | 3030/25000 [4:57:52<25:56:47,  4.25s/it]
Epoch 19: average [s/it]: 2.637565, current metric: 0.354905, best metric: 0.344961:  12%|█▏        | 3031/25000 [4:57:53<20:36:49,  3.38s/it]
Epoch 19: average [s/it]: 2.637565, current metric: 0.354905, best metric: 0.344961:  12%|█▏        | 3032/25000 [4:57:54<16:52:37,  2.77s/it]
Epoch 19: average [s/it]: 2.637565, current metric: 0.354905, best metric: 0.344961:  12%|█▏        | 3033/25000 [4:57:56<14:15:47,  2.34s/it]
Epoch 19: average [s/it]: 2.637565, current metric: 0.354905, best metric: 0.344961:  12%|█▏        | 3034/25000 [4:57:57<12:25:56,  2.04s/it]
Epoch 19: average [s/it]: 2.637565, current metric: 0.354905, best metric: 0.344961:  12%|█▏        | 3035/25000 [4:58:04<21:02:47,  3.45s/it]
Epoch 19: average [s/it]: 2.637565, current metric: 0.354905, best metric: 0.344961:  12%|█▏        | 3036/25000 [4:58:05<17:11:06,  2.82s/it]
Epoch 19: average [s/it]: 2.637565, current metric: 0.354905, best metric: 0.344961:  12%|█▏        | 3037/25000 [4:58:11<23:19:29,  3.82s/it]
Epoch 19: average [s/it]: 2.637565, current metric: 0.354905, best metric: 0.344961:  12%|█▏        | 3038/25000 [4:58:13<18:46:36,  3.08s/it]
Epoch 19: average [s/it]: 2.637565, current metric: 0.354905, best metric: 0.344961:  12%|█▏        | 3039/25000 [4:58:14<15:35:30,  2.56s/it]
Epoch 19: average [s/it]: 2.637565, current metric: 0.354905, best metric: 0.344961:  12%|█▏        | 3040/25000 [4:58:15<13:21:41,  2.19s/it]
Epoch 19: average [s/it]: 2.637565, current metric: 0.354905, best metric: 0.344961:  12%|█▏        | 3041/25000 [4:58:17<11:48:02,  1.93s/it]
Epoch 19: average [s/it]: 2.637565, current metric: 0.354905, best metric: 0.344961:  12%|█▏        | 3042/25000 [4:58:18<10:42:31,  1.76s/it]
Epoch 19: average [s/it]: 2.637565, current metric: 0.354905, best metric: 0.344961:  12%|█▏        | 3043/25000 [4:58:19<9:56:36,  1.63s/it] 
Epoch 19: average [s/it]: 2.637565, current metric: 0.354905, best metric: 0.344961:  12%|█▏        | 3044/25000 [4:58:21<9:24:46,  1.54s/it]
Epoch 19: average [s/it]: 2.637565, current metric: 0.354905, best metric: 0.344961:  12%|█▏        | 3045/25000 [4:58:22<9:02:17,  1.48s/it]
Epoch 19: average [s/it]: 2.637565, current metric: 0.354905, best metric: 0.344961:  12%|█▏        | 3046/25000 [4:58:23<8:46:26,  1.44s/it]
Epoch 19: average [s/it]: 2.637565, current metric: 0.354905, best metric: 0.344961:  12%|█▏        | 3047/25000 [4:58:25<8:35:20,  1.41s/it]
Epoch 19: average [s/it]: 2.637565, current metric: 0.354905, best metric: 0.344961:  12%|█▏        | 3048/25000 [4:58:26<8:27:31,  1.39s/it]
Epoch 19: average [s/it]: 2.637565, current metric: 0.354905, best metric: 0.344961:  12%|█▏        | 3049/25000 [4:58:27<8:22:07,  1.37s/it]
Epoch 19: average [s/it]: 2.637565, current metric: 0.354905, best metric: 0.344961:  12%|█▏        | 3050/25000 [4:58:29<8:18:15,  1.36s/it]
Epoch 19: average [s/it]: 2.637565, current metric: 0.354905, best metric: 0.344961:  12%|█▏        | 3051/25000 [4:58:30<8:46:49,  1.44s/it]
Epoch 19: average [s/it]: 2.637565, current metric: 0.354905, best metric: 0.344961:  12%|█▏        | 3052/25000 [4:58:32<8:35:28,  1.41s/it]
Epoch 19: average [s/it]: 2.637565, current metric: 0.354905, best metric: 0.344961:  12%|█▏        | 3053/25000 [4:58:51<41:13:09,  6.76s/it]
Epoch 19: average [s/it]: 2.637565, current metric: 0.354905, best metric: 0.344961:  12%|█▏        | 3054/25000 [4:58:52<31:17:59,  5.13s/it]
Epoch 19: average [s/it]: 2.637565, current metric: 0.354905, best metric: 0.344961:  12%|█▏        | 3055/25000 [4:58:54<24:21:18,  4.00s/it]
Epoch 19: average [s/it]: 2.637565, current metric: 0.354905, best metric: 0.344961:  12%|█▏        | 3056/25000 [4:58:55<19:29:33,  3.20s/it]
Epoch 19: average [s/it]: 2.637565, current metric: 0.354905, best metric: 0.344961:  12%|█▏        | 3057/25000 [4:58:56<16:05:25,  2.64s/it]
Epoch 19: average [s/it]: 2.637565, current metric: 0.354905, best metric: 0.344961:  12%|█▏        | 3058/25000 [4:58:58<13:42:27,  2.25s/it]
Epoch 19: average [s/it]: 2.637565, current metric: 0.354905, best metric: 0.344961:  12%|█▏        | 3059/25000 [4:58:59<12:02:30,  1.98s/it]
Epoch 19: average [s/it]: 2.637565, current metric: 0.354905, best metric: 0.344961:  12%|█▏        | 3060/25000 [4:59:00<10:52:27,  1.78s/it]
Epoch 20: average [s/it]: 2.823421, current metric: 0.342522, best metric: 0.342522:  12%|█▏        | 3060/25000 [5:01:15<10:52:27,  1.78s/it]
Epoch 20: average [s/it]: 2.823421, current metric: 0.342522, best metric: 0.342522:  12%|█▏        | 3061/25000 [5:02:05<346:16:01, 56.82s/it]
Epoch 20: average [s/it]: 2.823421, current metric: 0.342522, best metric: 0.342522:  12%|█▏        | 3062/25000 [5:02:07<244:50:10, 40.18s/it]
Epoch 20: average [s/it]: 2.823421, current metric: 0.342522, best metric: 0.342522:  12%|█▏        | 3063/25000 [5:02:13<182:40:27, 29.98s/it]
Epoch 20: average [s/it]: 2.823421, current metric: 0.342522, best metric: 0.342522:  12%|█▏        | 3064/25000 [5:02:14<130:19:08, 21.39s/it]
Epoch 20: average [s/it]: 2.823421, current metric: 0.342522, best metric: 0.342522:  12%|█▏        | 3065/25000 [5:02:48<153:40:57, 25.22s/it]
Epoch 20: average [s/it]: 2.823421, current metric: 0.342522, best metric: 0.342522:  12%|█▏        | 3066/25000 [5:03:04<135:41:03, 22.27s/it]
Epoch 20: average [s/it]: 2.823421, current metric: 0.342522, best metric: 0.342522:  12%|█▏        | 3067/25000 [5:03:05<97:25:46, 15.99s/it] 
Epoch 20: average [s/it]: 2.823421, current metric: 0.342522, best metric: 0.342522:  12%|█▏        | 3068/25000 [5:03:07<70:38:44, 11.60s/it]
Epoch 20: average [s/it]: 2.823421, current metric: 0.342522, best metric: 0.342522:  12%|█▏        | 3069/25000 [5:03:08<51:53:49,  8.52s/it]
Epoch 20: average [s/it]: 2.823421, current metric: 0.342522, best metric: 0.342522:  12%|█▏        | 3070/25000 [5:03:09<38:46:26,  6.37s/it]
Epoch 20: average [s/it]: 2.823421, current metric: 0.342522, best metric: 0.342522:  12%|█▏        | 3071/25000 [5:03:11<29:35:20,  4.86s/it]
Epoch 20: average [s/it]: 2.823421, current metric: 0.342522, best metric: 0.342522:  12%|█▏        | 3072/25000 [5:03:12<23:09:30,  3.80s/it]
Epoch 20: average [s/it]: 2.823421, current metric: 0.342522, best metric: 0.342522:  12%|█▏        | 3073/25000 [5:03:13<18:39:33,  3.06s/it]
Epoch 20: average [s/it]: 2.823421, current metric: 0.342522, best metric: 0.342522:  12%|█▏        | 3074/25000 [5:03:15<15:30:34,  2.55s/it]
Epoch 20: average [s/it]: 2.823421, current metric: 0.342522, best metric: 0.342522:  12%|█▏        | 3075/25000 [5:03:20<21:36:45,  3.55s/it]
Epoch 20: average [s/it]: 2.823421, current metric: 0.342522, best metric: 0.342522:  12%|█▏        | 3076/25000 [5:03:22<17:34:50,  2.89s/it]
Epoch 20: average [s/it]: 2.823421, current metric: 0.342522, best metric: 0.342522:  12%|█▏        | 3077/25000 [5:04:04<89:13:35, 14.65s/it]
Epoch 20: average [s/it]: 2.823421, current metric: 0.342522, best metric: 0.342522:  12%|█▏        | 3078/25000 [5:04:05<64:54:14, 10.66s/it]
Epoch 20: average [s/it]: 2.823421, current metric: 0.342522, best metric: 0.342522:  12%|█▏        | 3079/25000 [5:04:07<47:52:57,  7.86s/it]
Epoch 20: average [s/it]: 2.823421, current metric: 0.342522, best metric: 0.342522:  12%|█▏        | 3080/25000 [5:04:08<35:57:52,  5.91s/it]
Epoch 20: average [s/it]: 2.823421, current metric: 0.342522, best metric: 0.342522:  12%|█▏        | 3081/25000 [5:04:09<27:37:18,  4.54s/it]
Epoch 20: average [s/it]: 2.823421, current metric: 0.342522, best metric: 0.342522:  12%|█▏        | 3082/25000 [5:04:11<23:14:06,  3.82s/it]
Epoch 20: average [s/it]: 2.823421, current metric: 0.342522, best metric: 0.342522:  12%|█▏        | 3083/25000 [5:04:13<18:42:40,  3.07s/it]
Epoch 20: average [s/it]: 2.823421, current metric: 0.342522, best metric: 0.342522:  12%|█▏        | 3084/25000 [5:04:14<15:32:39,  2.55s/it]
Epoch 20: average [s/it]: 2.823421, current metric: 0.342522, best metric: 0.342522:  12%|█▏        | 3085/25000 [5:04:15<13:19:38,  2.19s/it]
Epoch 20: average [s/it]: 2.823421, current metric: 0.342522, best metric: 0.342522:  12%|█▏        | 3086/25000 [5:04:17<11:46:34,  1.93s/it]
Epoch 20: average [s/it]: 2.823421, current metric: 0.342522, best metric: 0.342522:  12%|█▏        | 3087/25000 [5:04:18<10:41:25,  1.76s/it]
Epoch 20: average [s/it]: 2.823421, current metric: 0.342522, best metric: 0.342522:  12%|█▏        | 3088/25000 [5:04:19<9:55:52,  1.63s/it] 
Epoch 20: average [s/it]: 2.823421, current metric: 0.342522, best metric: 0.342522:  12%|█▏        | 3089/25000 [5:04:21<9:24:02,  1.54s/it]
Epoch 20: average [s/it]: 2.823421, current metric: 0.342522, best metric: 0.342522:  12%|█▏        | 3090/25000 [5:04:22<9:01:52,  1.48s/it]
Epoch 20: average [s/it]: 2.823421, current metric: 0.342522, best metric: 0.342522:  12%|█▏        | 3091/25000 [5:04:44<46:55:45,  7.71s/it]
Epoch 20: average [s/it]: 2.823421, current metric: 0.342522, best metric: 0.342522:  12%|█▏        | 3092/25000 [5:04:46<35:17:46,  5.80s/it]
Epoch 20: average [s/it]: 2.823421, current metric: 0.342522, best metric: 0.342522:  12%|█▏        | 3093/25000 [5:05:16<80:48:50, 13.28s/it]
Epoch 20: average [s/it]: 2.823421, current metric: 0.342522, best metric: 0.342522:  12%|█▏        | 3094/25000 [5:05:18<59:00:57,  9.70s/it]
Epoch 20: average [s/it]: 2.823421, current metric: 0.342522, best metric: 0.342522:  12%|█▏        | 3095/25000 [5:05:19<43:45:20,  7.19s/it]
Epoch 20: average [s/it]: 2.823421, current metric: 0.342522, best metric: 0.342522:  12%|█▏        | 3096/25000 [5:05:20<33:04:31,  5.44s/it]
Epoch 20: average [s/it]: 2.823421, current metric: 0.342522, best metric: 0.342522:  12%|█▏        | 3097/25000 [5:05:37<52:36:41,  8.65s/it]
Epoch 20: average [s/it]: 2.823421, current metric: 0.342522, best metric: 0.342522:  12%|█▏        | 3098/25000 [5:05:38<39:16:28,  6.46s/it]
Epoch 20: average [s/it]: 2.823421, current metric: 0.342522, best metric: 0.342522:  12%|█▏        | 3099/25000 [5:05:39<29:56:19,  4.92s/it]
Epoch 20: average [s/it]: 2.823421, current metric: 0.342522, best metric: 0.342522:  12%|█▏        | 3100/25000 [5:05:41<23:24:04,  3.85s/it]
Epoch 20: average [s/it]: 2.823421, current metric: 0.342522, best metric: 0.342522:  12%|█▏        | 3101/25000 [5:05:42<19:30:22,  3.21s/it]
Epoch 20: average [s/it]: 2.823421, current metric: 0.342522, best metric: 0.342522:  12%|█▏        | 3102/25000 [5:05:44<16:21:15,  2.69s/it]
Epoch 20: average [s/it]: 2.823421, current metric: 0.342522, best metric: 0.342522:  12%|█▏        | 3103/25000 [5:05:45<13:53:32,  2.28s/it]
Epoch 20: average [s/it]: 2.823421, current metric: 0.342522, best metric: 0.342522:  12%|█▏        | 3104/25000 [5:05:46<12:10:01,  2.00s/it]
Epoch 20: average [s/it]: 2.823421, current metric: 0.342522, best metric: 0.342522:  12%|█▏        | 3105/25000 [5:05:48<11:23:06,  1.87s/it]
Epoch 20: average [s/it]: 2.823421, current metric: 0.342522, best metric: 0.342522:  12%|█▏        | 3106/25000 [5:05:49<10:24:51,  1.71s/it]
Epoch 20: average [s/it]: 2.823421, current metric: 0.342522, best metric: 0.342522:  12%|█▏        | 3107/25000 [5:05:51<9:44:08,  1.60s/it] 
Epoch 20: average [s/it]: 2.823421, current metric: 0.342522, best metric: 0.342522:  12%|█▏        | 3108/25000 [5:05:52<9:15:37,  1.52s/it]
Epoch 20: average [s/it]: 2.823421, current metric: 0.342522, best metric: 0.342522:  12%|█▏        | 3109/25000 [5:06:13<44:08:30,  7.26s/it]
Epoch 20: average [s/it]: 2.823421, current metric: 0.342522, best metric: 0.342522:  12%|█▏        | 3110/25000 [5:06:14<33:21:02,  5.48s/it]
Epoch 20: average [s/it]: 2.823421, current metric: 0.342522, best metric: 0.342522:  12%|█▏        | 3111/25000 [5:06:17<29:20:59,  4.83s/it]
Epoch 20: average [s/it]: 2.823421, current metric: 0.342522, best metric: 0.342522:  12%|█▏        | 3112/25000 [5:06:19<23:05:24,  3.80s/it]
Epoch 20: average [s/it]: 2.823421, current metric: 0.342522, best metric: 0.342522:  12%|█▏        | 3113/25000 [5:06:28<32:05:58,  5.28s/it]
Epoch 20: average [s/it]: 2.823421, current metric: 0.342522, best metric: 0.342522:  12%|█▏        | 3114/25000 [5:06:29<24:54:53,  4.10s/it]
Epoch 20: average [s/it]: 2.823421, current metric: 0.342522, best metric: 0.342522:  12%|█▏        | 3115/25000 [5:06:30<19:53:04,  3.27s/it]
Epoch 20: average [s/it]: 2.823421, current metric: 0.342522, best metric: 0.342522:  12%|█▏        | 3116/25000 [5:06:32<16:22:00,  2.69s/it]
Epoch 20: average [s/it]: 2.823421, current metric: 0.342522, best metric: 0.342522:  12%|█▏        | 3117/25000 [5:06:33<13:53:55,  2.29s/it]
Epoch 20: average [s/it]: 2.823421, current metric: 0.342522, best metric: 0.342522:  12%|█▏        | 3118/25000 [5:06:34<12:10:24,  2.00s/it]
Epoch 20: average [s/it]: 2.823421, current metric: 0.342522, best metric: 0.342522:  12%|█▏        | 3119/25000 [5:06:36<10:57:52,  1.80s/it]
Epoch 20: average [s/it]: 2.823421, current metric: 0.342522, best metric: 0.342522:  12%|█▏        | 3120/25000 [5:06:37<10:07:07,  1.66s/it]
Epoch 20: average [s/it]: 2.823421, current metric: 0.342522, best metric: 0.342522:  12%|█▏        | 3121/25000 [5:06:38<9:31:36,  1.57s/it] 
Epoch 20: average [s/it]: 2.823421, current metric: 0.342522, best metric: 0.342522:  12%|█▏        | 3122/25000 [5:06:40<9:06:49,  1.50s/it]
Epoch 20: average [s/it]: 2.823421, current metric: 0.342522, best metric: 0.342522:  12%|█▏        | 3123/25000 [5:06:41<8:49:23,  1.45s/it]
Epoch 20: average [s/it]: 2.823421, current metric: 0.342522, best metric: 0.342522:  12%|█▏        | 3124/25000 [5:06:42<8:37:14,  1.42s/it]
Epoch 20: average [s/it]: 2.823421, current metric: 0.342522, best metric: 0.342522:  12%|█▎        | 3125/25000 [5:07:39<108:58:28, 17.93s/it]
Epoch 20: average [s/it]: 2.823421, current metric: 0.342522, best metric: 0.342522:  13%|█▎        | 3126/25000 [5:07:40<78:43:15, 12.96s/it] 
Epoch 20: average [s/it]: 2.823421, current metric: 0.342522, best metric: 0.342522:  13%|█▎        | 3127/25000 [5:07:41<57:32:45,  9.47s/it]
Epoch 20: average [s/it]: 2.823421, current metric: 0.342522, best metric: 0.342522:  13%|█▎        | 3128/25000 [5:07:43<42:43:16,  7.03s/it]
Epoch 20: average [s/it]: 2.823421, current metric: 0.342522, best metric: 0.342522:  13%|█▎        | 3129/25000 [5:07:44<32:20:40,  5.32s/it]
Epoch 20: average [s/it]: 2.823421, current metric: 0.342522, best metric: 0.342522:  13%|█▎        | 3130/25000 [5:07:45<25:04:54,  4.13s/it]
Epoch 20: average [s/it]: 2.823421, current metric: 0.342522, best metric: 0.342522:  13%|█▎        | 3131/25000 [5:07:47<19:59:55,  3.29s/it]
Epoch 20: average [s/it]: 2.823421, current metric: 0.342522, best metric: 0.342522:  13%|█▎        | 3132/25000 [5:07:48<16:26:20,  2.71s/it]
Epoch 20: average [s/it]: 2.823421, current metric: 0.342522, best metric: 0.342522:  13%|█▎        | 3133/25000 [5:07:50<14:24:46,  2.37s/it]
Epoch 20: average [s/it]: 2.823421, current metric: 0.342522, best metric: 0.342522:  13%|█▎        | 3134/25000 [5:07:51<12:31:53,  2.06s/it]
Epoch 20: average [s/it]: 2.823421, current metric: 0.342522, best metric: 0.342522:  13%|█▎        | 3135/25000 [5:08:11<45:31:23,  7.50s/it]
Epoch 20: average [s/it]: 2.823421, current metric: 0.342522, best metric: 0.342522:  13%|█▎        | 3136/25000 [5:08:13<34:18:31,  5.65s/it]
Epoch 20: average [s/it]: 2.823421, current metric: 0.342522, best metric: 0.342522:  13%|█▎        | 3137/25000 [5:08:14<26:27:26,  4.36s/it]
Epoch 20: average [s/it]: 2.823421, current metric: 0.342522, best metric: 0.342522:  13%|█▎        | 3138/25000 [5:08:15<20:57:43,  3.45s/it]
Epoch 20: average [s/it]: 2.823421, current metric: 0.342522, best metric: 0.342522:  13%|█▎        | 3139/25000 [5:08:17<17:32:54,  2.89s/it]
Epoch 20: average [s/it]: 2.823421, current metric: 0.342522, best metric: 0.342522:  13%|█▎        | 3140/25000 [5:08:18<14:44:09,  2.43s/it]
Epoch 20: average [s/it]: 2.823421, current metric: 0.342522, best metric: 0.342522:  13%|█▎        | 3141/25000 [5:09:09<103:16:22, 17.01s/it]
Epoch 20: average [s/it]: 2.823421, current metric: 0.342522, best metric: 0.342522:  13%|█▎        | 3142/25000 [5:09:11<74:55:00, 12.34s/it] 
Epoch 20: average [s/it]: 2.823421, current metric: 0.342522, best metric: 0.342522:  13%|█▎        | 3143/25000 [5:09:12<54:52:56,  9.04s/it]
Epoch 20: average [s/it]: 2.823421, current metric: 0.342522, best metric: 0.342522:  13%|█▎        | 3144/25000 [5:09:13<40:51:28,  6.73s/it]
Epoch 20: average [s/it]: 2.823421, current metric: 0.342522, best metric: 0.342522:  13%|█▎        | 3145/25000 [5:09:15<31:02:26,  5.11s/it]
Epoch 20: average [s/it]: 2.823421, current metric: 0.342522, best metric: 0.342522:  13%|█▎        | 3146/25000 [5:09:16<24:10:04,  3.98s/it]
Epoch 20: average [s/it]: 2.823421, current metric: 0.342522, best metric: 0.342522:  13%|█▎        | 3147/25000 [5:09:17<19:21:18,  3.19s/it]
Epoch 20: average [s/it]: 2.823421, current metric: 0.342522, best metric: 0.342522:  13%|█▎        | 3148/25000 [5:09:19<15:59:17,  2.63s/it]
Epoch 20: average [s/it]: 2.823421, current metric: 0.342522, best metric: 0.342522:  13%|█▎        | 3149/25000 [5:09:20<13:37:56,  2.25s/it]
Epoch 20: average [s/it]: 2.823421, current metric: 0.342522, best metric: 0.342522:  13%|█▎        | 3150/25000 [5:09:21<11:59:01,  1.97s/it]
Epoch 20: average [s/it]: 2.823421, current metric: 0.342522, best metric: 0.342522:  13%|█▎        | 3151/25000 [5:09:23<10:49:38,  1.78s/it]
Epoch 20: average [s/it]: 2.823421, current metric: 0.342522, best metric: 0.342522:  13%|█▎        | 3152/25000 [5:09:24<10:01:03,  1.65s/it]
Epoch 20: average [s/it]: 2.823421, current metric: 0.342522, best metric: 0.342522:  13%|█▎        | 3153/25000 [5:09:25<9:27:03,  1.56s/it] 
Epoch 20: average [s/it]: 2.823421, current metric: 0.342522, best metric: 0.342522:  13%|█▎        | 3154/25000 [5:09:27<9:03:22,  1.49s/it]
Epoch 20: average [s/it]: 2.823421, current metric: 0.342522, best metric: 0.342522:  13%|█▎        | 3155/25000 [5:09:28<8:46:39,  1.45s/it]
Epoch 20: average [s/it]: 2.823421, current metric: 0.342522, best metric: 0.342522:  13%|█▎        | 3156/25000 [5:09:29<8:34:58,  1.41s/it]
Epoch 20: average [s/it]: 2.823421, current metric: 0.342522, best metric: 0.342522:  13%|█▎        | 3157/25000 [5:10:37<129:10:42, 21.29s/it]
Epoch 20: average [s/it]: 2.823421, current metric: 0.342522, best metric: 0.342522:  13%|█▎        | 3158/25000 [5:10:38<92:51:35, 15.31s/it] 
Epoch 20: average [s/it]: 2.823421, current metric: 0.342522, best metric: 0.342522:  13%|█▎        | 3159/25000 [5:10:40<67:26:19, 11.12s/it]
Epoch 20: average [s/it]: 2.823421, current metric: 0.342522, best metric: 0.342522:  13%|█▎        | 3160/25000 [5:10:41<49:38:42,  8.18s/it]
Epoch 20: average [s/it]: 2.823421, current metric: 0.342522, best metric: 0.342522:  13%|█▎        | 3161/25000 [5:10:42<37:11:16,  6.13s/it]
Epoch 20: average [s/it]: 2.823421, current metric: 0.342522, best metric: 0.342522:  13%|█▎        | 3162/25000 [5:10:44<28:27:57,  4.69s/it]
Epoch 20: average [s/it]: 2.823421, current metric: 0.342522, best metric: 0.342522:  13%|█▎        | 3163/25000 [5:10:45<22:21:45,  3.69s/it]
Epoch 20: average [s/it]: 2.823421, current metric: 0.342522, best metric: 0.342522:  13%|█▎        | 3164/25000 [5:10:46<18:05:23,  2.98s/it]
Epoch 20: average [s/it]: 2.823421, current metric: 0.342522, best metric: 0.342522:  13%|█▎        | 3165/25000 [5:10:48<15:06:06,  2.49s/it]
Epoch 20: average [s/it]: 2.823421, current metric: 0.342522, best metric: 0.342522:  13%|█▎        | 3166/25000 [5:10:49<13:00:33,  2.14s/it]
Epoch 20: average [s/it]: 2.823421, current metric: 0.342522, best metric: 0.342522:  13%|█▎        | 3167/25000 [5:10:50<11:32:42,  1.90s/it]
Epoch 20: average [s/it]: 2.823421, current metric: 0.342522, best metric: 0.342522:  13%|█▎        | 3168/25000 [5:10:52<10:31:18,  1.74s/it]
Epoch 20: average [s/it]: 2.823421, current metric: 0.342522, best metric: 0.342522:  13%|█▎        | 3169/25000 [5:10:53<9:48:09,  1.62s/it] 
Epoch 20: average [s/it]: 2.823421, current metric: 0.342522, best metric: 0.342522:  13%|█▎        | 3170/25000 [5:10:54<9:18:00,  1.53s/it]
Epoch 20: average [s/it]: 2.823421, current metric: 0.342522, best metric: 0.342522:  13%|█▎        | 3171/25000 [5:10:56<8:56:46,  1.48s/it]
Epoch 20: average [s/it]: 2.823421, current metric: 0.342522, best metric: 0.342522:  13%|█▎        | 3172/25000 [5:10:57<8:42:02,  1.43s/it]
Epoch 20: average [s/it]: 2.823421, current metric: 0.342522, best metric: 0.342522:  13%|█▎        | 3173/25000 [5:11:12<33:55:24,  5.60s/it]
Epoch 20: average [s/it]: 2.823421, current metric: 0.342522, best metric: 0.342522:  13%|█▎        | 3174/25000 [5:11:14<26:10:56,  4.32s/it]
Epoch 20: average [s/it]: 2.823421, current metric: 0.342522, best metric: 0.342522:  13%|█▎        | 3175/25000 [5:11:15<20:45:53,  3.43s/it]
Epoch 20: average [s/it]: 2.823421, current metric: 0.342522, best metric: 0.342522:  13%|█▎        | 3176/25000 [5:11:16<16:58:11,  2.80s/it]
Epoch 20: average [s/it]: 2.823421, current metric: 0.342522, best metric: 0.342522:  13%|█▎        | 3177/25000 [5:11:44<61:04:04, 10.07s/it]
Epoch 20: average [s/it]: 2.823421, current metric: 0.342522, best metric: 0.342522:  13%|█▎        | 3178/25000 [5:11:45<45:10:58,  7.45s/it]
Epoch 20: average [s/it]: 2.823421, current metric: 0.342522, best metric: 0.342522:  13%|█▎        | 3179/25000 [5:11:46<34:03:55,  5.62s/it]
Epoch 20: average [s/it]: 2.823421, current metric: 0.342522, best metric: 0.342522:  13%|█▎        | 3180/25000 [5:11:48<26:16:52,  4.34s/it]
Epoch 20: average [s/it]: 2.823421, current metric: 0.342522, best metric: 0.342522:  13%|█▎        | 3181/25000 [5:11:49<20:49:51,  3.44s/it]
Epoch 20: average [s/it]: 2.823421, current metric: 0.342522, best metric: 0.342522:  13%|█▎        | 3182/25000 [5:11:50<17:01:01,  2.81s/it]
Epoch 20: average [s/it]: 2.823421, current metric: 0.342522, best metric: 0.342522:  13%|█▎        | 3183/25000 [5:11:52<14:20:46,  2.37s/it]
Epoch 20: average [s/it]: 2.823421, current metric: 0.342522, best metric: 0.342522:  13%|█▎        | 3184/25000 [5:11:53<12:28:41,  2.06s/it]
Epoch 20: average [s/it]: 2.823421, current metric: 0.342522, best metric: 0.342522:  13%|█▎        | 3185/25000 [5:11:54<11:10:06,  1.84s/it]
Epoch 20: average [s/it]: 2.823421, current metric: 0.342522, best metric: 0.342522:  13%|█▎        | 3186/25000 [5:11:56<10:37:16,  1.75s/it]
Epoch 20: average [s/it]: 2.823421, current metric: 0.342522, best metric: 0.342522:  13%|█▎        | 3187/25000 [5:11:57<9:52:18,  1.63s/it] 
Epoch 20: average [s/it]: 2.823421, current metric: 0.342522, best metric: 0.342522:  13%|█▎        | 3188/25000 [5:11:58<9:20:43,  1.54s/it]
Epoch 20: average [s/it]: 2.823421, current metric: 0.342522, best metric: 0.342522:  13%|█▎        | 3189/25000 [5:12:00<8:58:31,  1.48s/it]
Epoch 20: average [s/it]: 2.823421, current metric: 0.342522, best metric: 0.342522:  13%|█▎        | 3190/25000 [5:12:28<57:28:56,  9.49s/it]
Epoch 20: average [s/it]: 2.823421, current metric: 0.342522, best metric: 0.342522:  13%|█▎        | 3191/25000 [5:12:29<42:40:21,  7.04s/it]
Epoch 20: average [s/it]: 2.823421, current metric: 0.342522, best metric: 0.342522:  13%|█▎        | 3192/25000 [5:12:31<32:18:15,  5.33s/it]
Epoch 20: average [s/it]: 2.823421, current metric: 0.342522, best metric: 0.342522:  13%|█▎        | 3193/25000 [5:13:48<163:31:59, 27.00s/it]
Epoch 20: average [s/it]: 2.823421, current metric: 0.342522, best metric: 0.342522:  13%|█▎        | 3194/25000 [5:13:50<116:55:47, 19.30s/it]
Epoch 20: average [s/it]: 2.823421, current metric: 0.342522, best metric: 0.342522:  13%|█▎        | 3195/25000 [5:13:51<84:17:31, 13.92s/it] 
Epoch 20: average [s/it]: 2.823421, current metric: 0.342522, best metric: 0.342522:  13%|█▎        | 3196/25000 [5:14:11<96:11:39, 15.88s/it]
Epoch 20: average [s/it]: 2.823421, current metric: 0.342522, best metric: 0.342522:  13%|█▎        | 3197/25000 [5:14:13<69:46:23, 11.52s/it]
Epoch 20: average [s/it]: 2.823421, current metric: 0.342522, best metric: 0.342522:  13%|█▎        | 3198/25000 [5:14:14<51:16:57,  8.47s/it]
Epoch 20: average [s/it]: 2.823421, current metric: 0.342522, best metric: 0.342522:  13%|█▎        | 3199/25000 [5:14:15<38:20:12,  6.33s/it]
Epoch 20: average [s/it]: 2.823421, current metric: 0.342522, best metric: 0.342522:  13%|█▎        | 3200/25000 [5:14:17<29:16:24,  4.83s/it]
Epoch 20: average [s/it]: 2.823421, current metric: 0.342522, best metric: 0.342522:  13%|█▎        | 3201/25000 [5:14:19<23:47:39,  3.93s/it]
Epoch 20: average [s/it]: 2.823421, current metric: 0.342522, best metric: 0.342522:  13%|█▎        | 3202/25000 [5:14:20<19:26:39,  3.21s/it]
Epoch 20: average [s/it]: 2.823421, current metric: 0.342522, best metric: 0.342522:  13%|█▎        | 3203/25000 [5:14:21<16:02:45,  2.65s/it]
Epoch 20: average [s/it]: 2.823421, current metric: 0.342522, best metric: 0.342522:  13%|█▎        | 3204/25000 [5:14:23<13:40:28,  2.26s/it]
Epoch 20: average [s/it]: 2.823421, current metric: 0.342522, best metric: 0.342522:  13%|█▎        | 3205/25000 [5:14:24<12:00:54,  1.98s/it]
Epoch 20: average [s/it]: 2.823421, current metric: 0.342522, best metric: 0.342522:  13%|█▎        | 3206/25000 [5:14:25<10:50:54,  1.79s/it]
Epoch 20: average [s/it]: 2.823421, current metric: 0.342522, best metric: 0.342522:  13%|█▎        | 3207/25000 [5:14:27<10:01:59,  1.66s/it]
Epoch 20: average [s/it]: 2.823421, current metric: 0.342522, best metric: 0.342522:  13%|█▎        | 3208/25000 [5:14:28<9:27:33,  1.56s/it] 
Epoch 20: average [s/it]: 2.823421, current metric: 0.342522, best metric: 0.342522:  13%|█▎        | 3209/25000 [5:14:30<9:03:29,  1.50s/it]
Epoch 20: average [s/it]: 2.823421, current metric: 0.342522, best metric: 0.342522:  13%|█▎        | 3210/25000 [5:14:31<8:46:37,  1.45s/it]
Epoch 20: average [s/it]: 2.823421, current metric: 0.342522, best metric: 0.342522:  13%|█▎        | 3211/25000 [5:14:32<8:34:52,  1.42s/it]
Epoch 20: average [s/it]: 2.823421, current metric: 0.342522, best metric: 0.342522:  13%|█▎        | 3212/25000 [5:15:44<137:13:20, 22.67s/it]
Epoch 20: average [s/it]: 2.823421, current metric: 0.342522, best metric: 0.342522:  13%|█▎        | 3213/25000 [5:15:46<98:30:05, 16.28s/it] 
Epoch 21: average [s/it]: 5.693504, current metric: 0.342270, best metric: 0.342270:  13%|█▎        | 3213/25000 [5:20:22<98:30:05, 16.28s/it]
Epoch 21: average [s/it]: 5.693504, current metric: 0.342270, best metric: 0.342270:  13%|█▎        | 3214/25000 [5:21:14<664:33:51, 109.82s/it]
Epoch 21: average [s/it]: 5.693504, current metric: 0.342270, best metric: 0.342270:  13%|█▎        | 3215/25000 [5:21:46<523:18:29, 86.48s/it] 
Epoch 21: average [s/it]: 5.693504, current metric: 0.342270, best metric: 0.342270:  13%|█▎        | 3216/25000 [5:21:47<368:43:54, 60.94s/it]
Epoch 21: average [s/it]: 5.693504, current metric: 0.342270, best metric: 0.342270:  13%|█▎        | 3217/25000 [5:21:49<260:31:51, 43.06s/it]
Epoch 21: average [s/it]: 5.693504, current metric: 0.342270, best metric: 0.342270:  13%|█▎        | 3218/25000 [5:21:50<184:47:41, 30.54s/it]
Epoch 21: average [s/it]: 5.693504, current metric: 0.342270, best metric: 0.342270:  13%|█▎        | 3219/25000 [5:22:04<155:30:36, 25.70s/it]
Epoch 21: average [s/it]: 5.693504, current metric: 0.342270, best metric: 0.342270:  13%|█▎        | 3220/25000 [5:22:06<111:17:12, 18.39s/it]
Epoch 21: average [s/it]: 5.693504, current metric: 0.342270, best metric: 0.342270:  13%|█▎        | 3221/25000 [5:22:07<80:19:34, 13.28s/it] 
Epoch 21: average [s/it]: 5.693504, current metric: 0.342270, best metric: 0.342270:  13%|█▎        | 3222/25000 [5:22:16<73:21:11, 12.13s/it]
Epoch 21: average [s/it]: 5.693504, current metric: 0.342270, best metric: 0.342270:  13%|█▎        | 3223/25000 [5:22:18<53:46:44,  8.89s/it]
Epoch 21: average [s/it]: 5.693504, current metric: 0.342270, best metric: 0.342270:  13%|█▎        | 3224/25000 [5:22:19<40:04:28,  6.63s/it]
Epoch 21: average [s/it]: 5.693504, current metric: 0.342270, best metric: 0.342270:  13%|█▎        | 3225/25000 [5:22:20<30:29:00,  5.04s/it]
Epoch 21: average [s/it]: 5.693504, current metric: 0.342270, best metric: 0.342270:  13%|█▎        | 3226/25000 [5:22:22<23:46:14,  3.93s/it]
Epoch 21: average [s/it]: 5.693504, current metric: 0.342270, best metric: 0.342270:  13%|█▎        | 3227/25000 [5:22:23<19:04:18,  3.15s/it]
Epoch 21: average [s/it]: 5.693504, current metric: 0.342270, best metric: 0.342270:  13%|█▎        | 3228/25000 [5:22:25<15:46:57,  2.61s/it]
Epoch 21: average [s/it]: 5.693504, current metric: 0.342270, best metric: 0.342270:  13%|█▎        | 3229/25000 [5:22:26<13:28:41,  2.23s/it]
Epoch 21: average [s/it]: 5.693504, current metric: 0.342270, best metric: 0.342270:  13%|█▎        | 3230/25000 [5:22:27<11:52:00,  1.96s/it]
Epoch 21: average [s/it]: 5.693504, current metric: 0.342270, best metric: 0.342270:  13%|█▎        | 3231/25000 [5:23:09<83:46:01, 13.85s/it]
Epoch 21: average [s/it]: 5.693504, current metric: 0.342270, best metric: 0.342270:  13%|█▎        | 3232/25000 [5:23:10<61:31:21, 10.17s/it]
Epoch 21: average [s/it]: 5.693504, current metric: 0.342270, best metric: 0.342270:  13%|█▎        | 3233/25000 [5:23:12<45:29:37,  7.52s/it]
Epoch 21: average [s/it]: 5.693504, current metric: 0.342270, best metric: 0.342270:  13%|█▎        | 3234/25000 [5:23:13<34:16:35,  5.67s/it]
Epoch 21: average [s/it]: 5.693504, current metric: 0.342270, best metric: 0.342270:  13%|█▎        | 3235/25000 [5:23:14<26:25:32,  4.37s/it]
Epoch 21: average [s/it]: 5.693504, current metric: 0.342270, best metric: 0.342270:  13%|█▎        | 3236/25000 [5:23:16<20:55:41,  3.46s/it]
Epoch 21: average [s/it]: 5.693504, current metric: 0.342270, best metric: 0.342270:  13%|█▎        | 3237/25000 [5:23:17<17:04:52,  2.83s/it]
Epoch 21: average [s/it]: 5.693504, current metric: 0.342270, best metric: 0.342270:  13%|█▎        | 3238/25000 [5:23:50<71:16:40, 11.79s/it]
Epoch 21: average [s/it]: 5.693504, current metric: 0.342270, best metric: 0.342270:  13%|█▎        | 3239/25000 [5:23:51<52:19:33,  8.66s/it]
Epoch 21: average [s/it]: 5.693504, current metric: 0.342270, best metric: 0.342270:  13%|█▎        | 3240/25000 [5:23:52<39:03:26,  6.46s/it]
Epoch 21: average [s/it]: 5.693504, current metric: 0.342270, best metric: 0.342270:  13%|█▎        | 3241/25000 [5:23:54<29:46:05,  4.93s/it]
Epoch 21: average [s/it]: 5.693504, current metric: 0.342270, best metric: 0.342270:  13%|█▎        | 3242/25000 [5:23:55<23:26:17,  3.88s/it]
Epoch 21: average [s/it]: 5.693504, current metric: 0.342270, best metric: 0.342270:  13%|█▎        | 3243/25000 [5:23:57<18:50:02,  3.12s/it]
Epoch 21: average [s/it]: 5.693504, current metric: 0.342270, best metric: 0.342270:  13%|█▎        | 3244/25000 [5:23:58<15:36:48,  2.58s/it]
Epoch 21: average [s/it]: 5.693504, current metric: 0.342270, best metric: 0.342270:  13%|█▎        | 3245/25000 [5:23:59<13:21:26,  2.21s/it]
Epoch 21: average [s/it]: 5.693504, current metric: 0.342270, best metric: 0.342270:  13%|█▎        | 3246/25000 [5:24:01<11:46:43,  1.95s/it]
Epoch 21: average [s/it]: 5.693504, current metric: 0.342270, best metric: 0.342270:  13%|█▎        | 3247/25000 [5:24:07<19:13:34,  3.18s/it]
Epoch 21: average [s/it]: 5.693504, current metric: 0.342270, best metric: 0.342270:  13%|█▎        | 3248/25000 [5:24:08<15:53:26,  2.63s/it]
Epoch 21: average [s/it]: 5.693504, current metric: 0.342270, best metric: 0.342270:  13%|█▎        | 3249/25000 [5:24:09<13:33:14,  2.24s/it]
Epoch 21: average [s/it]: 5.693504, current metric: 0.342270, best metric: 0.342270:  13%|█▎        | 3250/25000 [5:24:11<11:54:58,  1.97s/it]
Epoch 21: average [s/it]: 5.693504, current metric: 0.342270, best metric: 0.342270:  13%|█▎        | 3251/25000 [5:24:12<10:46:11,  1.78s/it]
Epoch 21: average [s/it]: 5.693504, current metric: 0.342270, best metric: 0.342270:  13%|█▎        | 3252/25000 [5:24:13<9:58:14,  1.65s/it] 
Epoch 21: average [s/it]: 5.693504, current metric: 0.342270, best metric: 0.342270:  13%|█▎        | 3253/25000 [5:24:15<9:24:37,  1.56s/it]
Epoch 21: average [s/it]: 5.693504, current metric: 0.342270, best metric: 0.342270:  13%|█▎        | 3254/25000 [5:25:06<100:09:05, 16.58s/it]
Epoch 21: average [s/it]: 5.693504, current metric: 0.342270, best metric: 0.342270:  13%|█▎        | 3255/25000 [5:25:08<72:31:56, 12.01s/it] 
Epoch 21: average [s/it]: 5.693504, current metric: 0.342270, best metric: 0.342270:  13%|█▎        | 3256/25000 [5:25:09<53:12:05,  8.81s/it]
Epoch 21: average [s/it]: 5.693504, current metric: 0.342270, best metric: 0.342270:  13%|█▎        | 3257/25000 [5:25:10<39:40:11,  6.57s/it]
Epoch 21: average [s/it]: 5.693504, current metric: 0.342270, best metric: 0.342270:  13%|█▎        | 3258/25000 [5:25:12<30:11:51,  5.00s/it]
Epoch 21: average [s/it]: 5.693504, current metric: 0.342270, best metric: 0.342270:  13%|█▎        | 3259/25000 [5:25:13<23:33:56,  3.90s/it]
Epoch 21: average [s/it]: 5.693504, current metric: 0.342270, best metric: 0.342270:  13%|█▎        | 3260/25000 [5:25:14<18:55:24,  3.13s/it]
Epoch 21: average [s/it]: 5.693504, current metric: 0.342270, best metric: 0.342270:  13%|█▎        | 3261/25000 [5:25:16<15:49:04,  2.62s/it]
Epoch 21: average [s/it]: 5.693504, current metric: 0.342270, best metric: 0.342270:  13%|█▎        | 3262/25000 [5:25:17<13:29:58,  2.24s/it]
Epoch 21: average [s/it]: 5.693504, current metric: 0.342270, best metric: 0.342270:  13%|█▎        | 3263/25000 [5:25:18<11:52:39,  1.97s/it]
Epoch 21: average [s/it]: 5.693504, current metric: 0.342270, best metric: 0.342270:  13%|█▎        | 3264/25000 [5:25:20<10:44:34,  1.78s/it]
Epoch 21: average [s/it]: 5.693504, current metric: 0.342270, best metric: 0.342270:  13%|█▎        | 3265/25000 [5:25:21<9:56:53,  1.65s/it] 
Epoch 21: average [s/it]: 5.693504, current metric: 0.342270, best metric: 0.342270:  13%|█▎        | 3266/25000 [5:25:23<9:23:26,  1.56s/it]
Epoch 21: average [s/it]: 5.693504, current metric: 0.342270, best metric: 0.342270:  13%|█▎        | 3267/25000 [5:25:24<8:59:59,  1.49s/it]
Epoch 21: average [s/it]: 5.693504, current metric: 0.342270, best metric: 0.342270:  13%|█▎        | 3268/25000 [5:25:25<8:43:36,  1.45s/it]
Epoch 21: average [s/it]: 5.693504, current metric: 0.342270, best metric: 0.342270:  13%|█▎        | 3269/25000 [5:25:27<8:32:03,  1.41s/it]
Epoch 21: average [s/it]: 5.693504, current metric: 0.342270, best metric: 0.342270:  13%|█▎        | 3270/25000 [5:26:53<161:54:58, 26.82s/it]
Epoch 21: average [s/it]: 5.693504, current metric: 0.342270, best metric: 0.342270:  13%|█▎        | 3271/25000 [5:26:54<115:47:09, 19.18s/it]
Epoch 21: average [s/it]: 5.693504, current metric: 0.342270, best metric: 0.342270:  13%|█▎        | 3272/25000 [5:26:55<83:28:42, 13.83s/it] 
Epoch 21: average [s/it]: 5.693504, current metric: 0.342270, best metric: 0.342270:  13%|█▎        | 3273/25000 [5:26:57<60:51:46, 10.08s/it]
Epoch 21: average [s/it]: 5.693504, current metric: 0.342270, best metric: 0.342270:  13%|█▎        | 3274/25000 [5:26:58<45:02:13,  7.46s/it]
Epoch 21: average [s/it]: 5.693504, current metric: 0.342270, best metric: 0.342270:  13%|█▎        | 3275/25000 [5:26:59<33:57:23,  5.63s/it]
Epoch 21: average [s/it]: 5.693504, current metric: 0.342270, best metric: 0.342270:  13%|█▎        | 3276/25000 [5:27:01<26:11:52,  4.34s/it]
Epoch 21: average [s/it]: 5.693504, current metric: 0.342270, best metric: 0.342270:  13%|█▎        | 3277/25000 [5:27:02<20:46:11,  3.44s/it]
Epoch 21: average [s/it]: 5.693504, current metric: 0.342270, best metric: 0.342270:  13%|█▎        | 3278/25000 [5:27:03<16:58:14,  2.81s/it]
Epoch 21: average [s/it]: 5.693504, current metric: 0.342270, best metric: 0.342270:  13%|█▎        | 3279/25000 [5:27:05<14:18:37,  2.37s/it]
Epoch 21: average [s/it]: 5.693504, current metric: 0.342270, best metric: 0.342270:  13%|█▎        | 3280/25000 [5:27:06<12:26:43,  2.06s/it]
Epoch 21: average [s/it]: 5.693504, current metric: 0.342270, best metric: 0.342270:  13%|█▎        | 3281/25000 [5:27:07<11:08:39,  1.85s/it]
Epoch 21: average [s/it]: 5.693504, current metric: 0.342270, best metric: 0.342270:  13%|█▎        | 3282/25000 [5:27:09<10:27:10,  1.73s/it]
Epoch 21: average [s/it]: 5.693504, current metric: 0.342270, best metric: 0.342270:  13%|█▎        | 3283/25000 [5:27:10<9:45:26,  1.62s/it] 
Epoch 21: average [s/it]: 5.693504, current metric: 0.342270, best metric: 0.342270:  13%|█▎        | 3284/25000 [5:27:12<9:15:44,  1.54s/it]
Epoch 21: average [s/it]: 5.693504, current metric: 0.342270, best metric: 0.342270:  13%|█▎        | 3285/25000 [5:27:13<8:54:52,  1.48s/it]
Epoch 21: average [s/it]: 5.693504, current metric: 0.342270, best metric: 0.342270:  13%|█▎        | 3286/25000 [5:27:41<56:57:19,  9.44s/it]
Epoch 21: average [s/it]: 5.693504, current metric: 0.342270, best metric: 0.342270:  13%|█▎        | 3287/25000 [5:27:42<42:18:04,  7.01s/it]
Epoch 21: average [s/it]: 5.693504, current metric: 0.342270, best metric: 0.342270:  13%|█▎        | 3288/25000 [5:27:44<32:02:33,  5.31s/it]
Epoch 21: average [s/it]: 5.693504, current metric: 0.342270, best metric: 0.342270:  13%|█▎        | 3289/25000 [5:27:45<24:51:43,  4.12s/it]
Epoch 21: average [s/it]: 5.693504, current metric: 0.342270, best metric: 0.342270:  13%|█▎        | 3290/25000 [5:27:46<19:50:15,  3.29s/it]
Epoch 21: average [s/it]: 5.693504, current metric: 0.342270, best metric: 0.342270:  13%|█▎        | 3291/25000 [5:27:48<16:19:10,  2.71s/it]
Epoch 21: average [s/it]: 5.693504, current metric: 0.342270, best metric: 0.342270:  13%|█▎        | 3292/25000 [5:27:49<13:51:21,  2.30s/it]
Epoch 21: average [s/it]: 5.693504, current metric: 0.342270, best metric: 0.342270:  13%|█▎        | 3293/25000 [5:28:45<111:13:44, 18.45s/it]
Epoch 21: average [s/it]: 5.693504, current metric: 0.342270, best metric: 0.342270:  13%|█▎        | 3294/25000 [5:28:46<80:17:00, 13.32s/it] 
Epoch 21: average [s/it]: 5.693504, current metric: 0.342270, best metric: 0.342270:  13%|█▎        | 3295/25000 [5:28:48<58:37:15,  9.72s/it]
Epoch 21: average [s/it]: 5.693504, current metric: 0.342270, best metric: 0.342270:  13%|█▎        | 3296/25000 [5:28:49<43:27:26,  7.21s/it]
Epoch 21: average [s/it]: 5.693504, current metric: 0.342270, best metric: 0.342270:  13%|█▎        | 3297/25000 [5:28:51<32:58:11,  5.47s/it]
Epoch 21: average [s/it]: 5.693504, current metric: 0.342270, best metric: 0.342270:  13%|█▎        | 3298/25000 [5:28:52<25:29:56,  4.23s/it]
Epoch 21: average [s/it]: 5.693504, current metric: 0.342270, best metric: 0.342270:  13%|█▎        | 3299/25000 [5:28:53<20:32:32,  3.41s/it]
Epoch 21: average [s/it]: 5.693504, current metric: 0.342270, best metric: 0.342270:  13%|█▎        | 3300/25000 [5:28:55<16:48:04,  2.79s/it]
Epoch 21: average [s/it]: 5.693504, current metric: 0.342270, best metric: 0.342270:  13%|█▎        | 3301/25000 [5:28:56<14:49:55,  2.46s/it]
Epoch 21: average [s/it]: 5.693504, current metric: 0.342270, best metric: 0.342270:  13%|█▎        | 3302/25000 [5:28:58<13:00:47,  2.16s/it]
Epoch 21: average [s/it]: 5.693504, current metric: 0.342270, best metric: 0.342270:  13%|█▎        | 3303/25000 [5:28:59<11:32:02,  1.91s/it]
Epoch 21: average [s/it]: 5.693504, current metric: 0.342270, best metric: 0.342270:  13%|█▎        | 3304/25000 [5:29:01<10:29:42,  1.74s/it]
Epoch 21: average [s/it]: 5.693504, current metric: 0.342270, best metric: 0.342270:  13%|█▎        | 3305/25000 [5:29:02<9:46:03,  1.62s/it] 
Epoch 21: average [s/it]: 5.693504, current metric: 0.342270, best metric: 0.342270:  13%|█▎        | 3306/25000 [5:29:03<9:15:30,  1.54s/it]
Epoch 21: average [s/it]: 5.693504, current metric: 0.342270, best metric: 0.342270:  13%|█▎        | 3307/25000 [5:29:05<8:54:06,  1.48s/it]
Epoch 21: average [s/it]: 5.693504, current metric: 0.342270, best metric: 0.342270:  13%|█▎        | 3308/25000 [5:29:06<8:39:13,  1.44s/it]
Epoch 21: average [s/it]: 5.693504, current metric: 0.342270, best metric: 0.342270:  13%|█▎        | 3309/25000 [5:29:42<71:26:21, 11.86s/it]
Epoch 21: average [s/it]: 5.693504, current metric: 0.342270, best metric: 0.342270:  13%|█▎        | 3310/25000 [5:29:43<52:25:39,  8.70s/it]
Epoch 21: average [s/it]: 5.693504, current metric: 0.342270, best metric: 0.342270:  13%|█▎        | 3311/25000 [5:29:45<39:07:13,  6.49s/it]
Epoch 21: average [s/it]: 5.693504, current metric: 0.342270, best metric: 0.342270:  13%|█▎        | 3312/25000 [5:29:46<29:48:24,  4.95s/it]
Epoch 21: average [s/it]: 5.693504, current metric: 0.342270, best metric: 0.342270:  13%|█▎        | 3313/25000 [5:29:47<23:17:11,  3.87s/it]
Epoch 21: average [s/it]: 5.693504, current metric: 0.342270, best metric: 0.342270:  13%|█▎        | 3314/25000 [5:29:49<18:43:12,  3.11s/it]
Epoch 21: average [s/it]: 5.693504, current metric: 0.342270, best metric: 0.342270:  13%|█▎        | 3315/25000 [5:29:50<15:31:20,  2.58s/it]
Epoch 21: average [s/it]: 5.693504, current metric: 0.342270, best metric: 0.342270:  13%|█▎        | 3316/25000 [5:29:52<13:17:14,  2.21s/it]
Epoch 21: average [s/it]: 5.693504, current metric: 0.342270, best metric: 0.342270:  13%|█▎        | 3317/25000 [5:29:53<12:12:10,  2.03s/it]
Epoch 21: average [s/it]: 5.693504, current metric: 0.342270, best metric: 0.342270:  13%|█▎        | 3318/25000 [5:29:54<10:57:46,  1.82s/it]
Epoch 21: average [s/it]: 5.693504, current metric: 0.342270, best metric: 0.342270:  13%|█▎        | 3319/25000 [5:29:56<10:05:36,  1.68s/it]
Epoch 21: average [s/it]: 5.693504, current metric: 0.342270, best metric: 0.342270:  13%|█▎        | 3320/25000 [5:29:57<9:29:06,  1.58s/it] 
Epoch 21: average [s/it]: 5.693504, current metric: 0.342270, best metric: 0.342270:  13%|█▎        | 3321/25000 [5:29:58<9:03:42,  1.50s/it]
Epoch 21: average [s/it]: 5.693504, current metric: 0.342270, best metric: 0.342270:  13%|█▎        | 3322/25000 [5:30:00<8:45:53,  1.46s/it]
Epoch 21: average [s/it]: 5.693504, current metric: 0.342270, best metric: 0.342270:  13%|█▎        | 3323/25000 [5:30:01<8:33:17,  1.42s/it]
Epoch 21: average [s/it]: 5.693504, current metric: 0.342270, best metric: 0.342270:  13%|█▎        | 3324/25000 [5:30:02<8:24:32,  1.40s/it]
Epoch 21: average [s/it]: 5.693504, current metric: 0.342270, best metric: 0.342270:  13%|█▎        | 3325/25000 [5:30:51<94:04:07, 15.62s/it]
Epoch 21: average [s/it]: 5.693504, current metric: 0.342270, best metric: 0.342270:  13%|█▎        | 3326/25000 [5:30:53<68:16:03, 11.34s/it]
Epoch 21: average [s/it]: 5.693504, current metric: 0.342270, best metric: 0.342270:  13%|█▎        | 3327/25000 [5:30:54<50:12:20,  8.34s/it]
Epoch 21: average [s/it]: 5.693504, current metric: 0.342270, best metric: 0.342270:  13%|█▎        | 3328/25000 [5:30:55<37:33:43,  6.24s/it]
Epoch 21: average [s/it]: 5.693504, current metric: 0.342270, best metric: 0.342270:  13%|█▎        | 3329/25000 [5:30:57<28:42:39,  4.77s/it]
Epoch 21: average [s/it]: 5.693504, current metric: 0.342270, best metric: 0.342270:  13%|█▎        | 3330/25000 [5:30:58<22:30:55,  3.74s/it]
Epoch 21: average [s/it]: 5.693504, current metric: 0.342270, best metric: 0.342270:  13%|█▎        | 3331/25000 [5:30:59<18:10:47,  3.02s/it]
Epoch 21: average [s/it]: 5.693504, current metric: 0.342270, best metric: 0.342270:  13%|█▎        | 3332/25000 [5:31:01<15:08:35,  2.52s/it]
Epoch 21: average [s/it]: 5.693504, current metric: 0.342270, best metric: 0.342270:  13%|█▎        | 3333/25000 [5:31:02<13:01:10,  2.16s/it]
Epoch 21: average [s/it]: 5.693504, current metric: 0.342270, best metric: 0.342270:  13%|█▎        | 3334/25000 [5:31:03<11:31:59,  1.92s/it]
Epoch 21: average [s/it]: 5.693504, current metric: 0.342270, best metric: 0.342270:  13%|█▎        | 3335/25000 [5:31:05<10:29:28,  1.74s/it]
Epoch 21: average [s/it]: 5.693504, current metric: 0.342270, best metric: 0.342270:  13%|█▎        | 3336/25000 [5:31:29<52:00:00,  8.64s/it]
Epoch 21: average [s/it]: 5.693504, current metric: 0.342270, best metric: 0.342270:  13%|█▎        | 3337/25000 [5:31:31<39:03:30,  6.49s/it]
Epoch 21: average [s/it]: 5.693504, current metric: 0.342270, best metric: 0.342270:  13%|█▎        | 3338/25000 [5:31:32<29:45:33,  4.95s/it]
Epoch 21: average [s/it]: 5.693504, current metric: 0.342270, best metric: 0.342270:  13%|█▎        | 3339/25000 [5:31:34<23:14:50,  3.86s/it]
Epoch 21: average [s/it]: 5.693504, current metric: 0.342270, best metric: 0.342270:  13%|█▎        | 3340/25000 [5:31:35<18:41:23,  3.11s/it]
Epoch 21: average [s/it]: 5.693504, current metric: 0.342270, best metric: 0.342270:  13%|█▎        | 3341/25000 [5:32:44<136:51:07, 22.75s/it]
Epoch 21: average [s/it]: 5.693504, current metric: 0.342270, best metric: 0.342270:  13%|█▎        | 3342/25000 [5:32:45<98:12:44, 16.32s/it] 
Epoch 21: average [s/it]: 5.693504, current metric: 0.342270, best metric: 0.342270:  13%|█▎        | 3343/25000 [5:32:46<71:09:43, 11.83s/it]
Epoch 21: average [s/it]: 5.693504, current metric: 0.342270, best metric: 0.342270:  13%|█▎        | 3344/25000 [5:32:48<52:13:41,  8.68s/it]
Epoch 21: average [s/it]: 5.693504, current metric: 0.342270, best metric: 0.342270:  13%|█▎        | 3345/25000 [5:32:49<38:58:35,  6.48s/it]
Epoch 21: average [s/it]: 5.693504, current metric: 0.342270, best metric: 0.342270:  13%|█▎        | 3346/25000 [5:32:50<29:42:05,  4.94s/it]
Epoch 21: average [s/it]: 5.693504, current metric: 0.342270, best metric: 0.342270:  13%|█▎        | 3347/25000 [5:32:52<23:12:32,  3.86s/it]
Epoch 21: average [s/it]: 5.693504, current metric: 0.342270, best metric: 0.342270:  13%|█▎        | 3348/25000 [5:32:53<18:39:44,  3.10s/it]
Epoch 21: average [s/it]: 5.693504, current metric: 0.342270, best metric: 0.342270:  13%|█▎        | 3349/25000 [5:32:54<15:28:53,  2.57s/it]
Epoch 21: average [s/it]: 5.693504, current metric: 0.342270, best metric: 0.342270:  13%|█▎        | 3350/25000 [5:32:56<13:15:09,  2.20s/it]
Epoch 21: average [s/it]: 5.693504, current metric: 0.342270, best metric: 0.342270:  13%|█▎        | 3351/25000 [5:32:57<11:41:40,  1.94s/it]
Epoch 21: average [s/it]: 5.693504, current metric: 0.342270, best metric: 0.342270:  13%|█▎        | 3352/25000 [5:32:58<10:36:13,  1.76s/it]
Epoch 21: average [s/it]: 5.693504, current metric: 0.342270, best metric: 0.342270:  13%|█▎        | 3353/25000 [5:33:00<9:50:25,  1.64s/it] 
Epoch 21: average [s/it]: 5.693504, current metric: 0.342270, best metric: 0.342270:  13%|█▎        | 3354/25000 [5:33:01<9:18:20,  1.55s/it]
Epoch 21: average [s/it]: 5.693504, current metric: 0.342270, best metric: 0.342270:  13%|█▎        | 3355/25000 [5:33:02<8:55:53,  1.49s/it]
Epoch 21: average [s/it]: 5.693504, current metric: 0.342270, best metric: 0.342270:  13%|█▎        | 3356/25000 [5:33:04<8:40:10,  1.44s/it]
Epoch 21: average [s/it]: 5.693504, current metric: 0.342270, best metric: 0.342270:  13%|█▎        | 3357/25000 [5:33:22<39:02:44,  6.49s/it]
Epoch 21: average [s/it]: 5.693504, current metric: 0.342270, best metric: 0.342270:  13%|█▎        | 3358/25000 [5:33:23<29:44:45,  4.95s/it]
Epoch 21: average [s/it]: 5.693504, current metric: 0.342270, best metric: 0.342270:  13%|█▎        | 3359/25000 [5:33:35<42:37:54,  7.09s/it]
Epoch 21: average [s/it]: 5.693504, current metric: 0.342270, best metric: 0.342270:  13%|█▎        | 3360/25000 [5:33:37<32:15:21,  5.37s/it]
Epoch 21: average [s/it]: 5.693504, current metric: 0.342270, best metric: 0.342270:  13%|█▎        | 3361/25000 [5:33:38<24:59:36,  4.16s/it]
Epoch 21: average [s/it]: 5.693504, current metric: 0.342270, best metric: 0.342270:  13%|█▎        | 3362/25000 [5:33:39<19:54:28,  3.31s/it]
Epoch 21: average [s/it]: 5.693504, current metric: 0.342270, best metric: 0.342270:  13%|█▎        | 3363/25000 [5:33:41<16:20:55,  2.72s/it]
Epoch 21: average [s/it]: 5.693504, current metric: 0.342270, best metric: 0.342270:  13%|█▎        | 3364/25000 [5:33:42<13:51:27,  2.31s/it]
Epoch 21: average [s/it]: 5.693504, current metric: 0.342270, best metric: 0.342270:  13%|█▎        | 3365/25000 [5:33:43<12:06:48,  2.02s/it]
Epoch 21: average [s/it]: 5.693504, current metric: 0.342270, best metric: 0.342270:  13%|█▎        | 3366/25000 [5:33:45<10:53:30,  1.81s/it]
Epoch 22: average [s/it]: 5.250816, current metric: 0.337643, best metric: 0.337643:  13%|█▎        | 3366/25000 [5:37:44<10:53:30,  1.81s/it]
Epoch 22: average [s/it]: 5.250816, current metric: 0.337643, best metric: 0.337643:  13%|█▎        | 3367/25000 [5:38:40<540:31:06, 89.95s/it]
Epoch 22: average [s/it]: 5.250816, current metric: 0.337643, best metric: 0.337643:  13%|█▎        | 3368/25000 [5:38:55<404:44:01, 67.36s/it]
Epoch 22: average [s/it]: 5.250816, current metric: 0.337643, best metric: 0.337643:  13%|█▎        | 3369/25000 [5:39:15<318:53:17, 53.07s/it]
Epoch 22: average [s/it]: 5.250816, current metric: 0.337643, best metric: 0.337643:  13%|█▎        | 3370/25000 [5:39:16<225:37:47, 37.55s/it]
Epoch 22: average [s/it]: 5.250816, current metric: 0.337643, best metric: 0.337643:  13%|█▎        | 3371/25000 [5:39:17<160:21:00, 26.69s/it]
Epoch 22: average [s/it]: 5.250816, current metric: 0.337643, best metric: 0.337643:  13%|█▎        | 3372/25000 [5:39:19<114:39:21, 19.08s/it]
Epoch 22: average [s/it]: 5.250816, current metric: 0.337643, best metric: 0.337643:  13%|█▎        | 3373/25000 [5:39:20<82:40:23, 13.76s/it] 
Epoch 22: average [s/it]: 5.250816, current metric: 0.337643, best metric: 0.337643:  13%|█▎        | 3374/25000 [5:39:21<60:17:17, 10.04s/it]
Epoch 22: average [s/it]: 5.250816, current metric: 0.337643, best metric: 0.337643:  14%|█▎        | 3375/25000 [5:39:23<44:36:52,  7.43s/it]
Epoch 22: average [s/it]: 5.250816, current metric: 0.337643, best metric: 0.337643:  14%|█▎        | 3376/25000 [5:39:24<33:38:37,  5.60s/it]
Epoch 22: average [s/it]: 5.250816, current metric: 0.337643, best metric: 0.337643:  14%|█▎        | 3377/25000 [5:39:25<25:57:50,  4.32s/it]
Epoch 22: average [s/it]: 5.250816, current metric: 0.337643, best metric: 0.337643:  14%|█▎        | 3378/25000 [5:39:27<20:35:22,  3.43s/it]
Epoch 22: average [s/it]: 5.250816, current metric: 0.337643, best metric: 0.337643:  14%|█▎        | 3379/25000 [5:39:28<16:49:46,  2.80s/it]
Epoch 22: average [s/it]: 5.250816, current metric: 0.337643, best metric: 0.337643:  14%|█▎        | 3380/25000 [5:39:30<14:36:19,  2.43s/it]
Epoch 22: average [s/it]: 5.250816, current metric: 0.337643, best metric: 0.337643:  14%|█▎        | 3381/25000 [5:39:31<12:38:17,  2.10s/it]
Epoch 22: average [s/it]: 5.250816, current metric: 0.337643, best metric: 0.337643:  14%|█▎        | 3382/25000 [5:39:32<11:15:41,  1.88s/it]
Epoch 22: average [s/it]: 5.250816, current metric: 0.337643, best metric: 0.337643:  14%|█▎        | 3383/25000 [5:39:34<10:17:47,  1.71s/it]
Epoch 22: average [s/it]: 5.250816, current metric: 0.337643, best metric: 0.337643:  14%|█▎        | 3384/25000 [5:40:01<55:55:15,  9.31s/it]
Epoch 22: average [s/it]: 5.250816, current metric: 0.337643, best metric: 0.337643:  14%|█▎        | 3385/25000 [5:40:34<99:05:21, 16.50s/it]
Epoch 22: average [s/it]: 5.250816, current metric: 0.337643, best metric: 0.337643:  14%|█▎        | 3386/25000 [5:40:35<71:46:37, 11.96s/it]
Epoch 22: average [s/it]: 5.250816, current metric: 0.337643, best metric: 0.337643:  14%|█▎        | 3387/25000 [5:40:37<52:40:18,  8.77s/it]
Epoch 22: average [s/it]: 5.250816, current metric: 0.337643, best metric: 0.337643:  14%|█▎        | 3388/25000 [5:40:38<39:16:57,  6.54s/it]
Epoch 22: average [s/it]: 5.250816, current metric: 0.337643, best metric: 0.337643:  14%|█▎        | 3389/25000 [5:43:13<306:42:59, 51.09s/it]
Epoch 22: average [s/it]: 5.250816, current metric: 0.337643, best metric: 0.337643:  14%|█▎        | 3390/25000 [5:43:14<217:07:28, 36.17s/it]
Epoch 22: average [s/it]: 5.250816, current metric: 0.337643, best metric: 0.337643:  14%|█▎        | 3391/25000 [5:43:16<154:23:36, 25.72s/it]
Epoch 22: average [s/it]: 5.250816, current metric: 0.337643, best metric: 0.337643:  14%|█▎        | 3392/25000 [5:43:17<110:29:00, 18.41s/it]
Epoch 22: average [s/it]: 5.250816, current metric: 0.337643, best metric: 0.337643:  14%|█▎        | 3393/25000 [5:43:18<79:44:51, 13.29s/it] 
Epoch 22: average [s/it]: 5.250816, current metric: 0.337643, best metric: 0.337643:  14%|█▎        | 3394/25000 [5:43:20<58:14:01,  9.70s/it]
Epoch 22: average [s/it]: 5.250816, current metric: 0.337643, best metric: 0.337643:  14%|█▎        | 3395/25000 [5:43:21<43:10:25,  7.19s/it]
Epoch 22: average [s/it]: 5.250816, current metric: 0.337643, best metric: 0.337643:  14%|█▎        | 3396/25000 [5:43:22<32:37:56,  5.44s/it]
Epoch 22: average [s/it]: 5.250816, current metric: 0.337643, best metric: 0.337643:  14%|█▎        | 3397/25000 [5:43:24<25:15:14,  4.21s/it]
Epoch 22: average [s/it]: 5.250816, current metric: 0.337643, best metric: 0.337643:  14%|█▎        | 3398/25000 [5:43:25<20:05:21,  3.35s/it]
Epoch 22: average [s/it]: 5.250816, current metric: 0.337643, best metric: 0.337643:  14%|█▎        | 3399/25000 [5:43:26<16:28:27,  2.75s/it]
Epoch 22: average [s/it]: 5.250816, current metric: 0.337643, best metric: 0.337643:  14%|█▎        | 3400/25000 [5:43:28<13:56:33,  2.32s/it]
Epoch 22: average [s/it]: 5.250816, current metric: 0.337643, best metric: 0.337643:  14%|█▎        | 3401/25000 [5:43:30<12:51:35,  2.14s/it]
Epoch 22: average [s/it]: 5.250816, current metric: 0.337643, best metric: 0.337643:  14%|█▎        | 3402/25000 [5:43:31<11:26:31,  1.91s/it]
Epoch 22: average [s/it]: 5.250816, current metric: 0.337643, best metric: 0.337643:  14%|█▎        | 3403/25000 [5:43:32<10:25:20,  1.74s/it]
Epoch 22: average [s/it]: 5.250816, current metric: 0.337643, best metric: 0.337643:  14%|█▎        | 3404/25000 [5:43:34<9:42:23,  1.62s/it] 
Epoch 22: average [s/it]: 5.250816, current metric: 0.337643, best metric: 0.337643:  14%|█▎        | 3405/25000 [5:43:42<21:58:04,  3.66s/it]
Epoch 22: average [s/it]: 5.250816, current metric: 0.337643, best metric: 0.337643:  14%|█▎        | 3406/25000 [5:43:43<17:47:28,  2.97s/it]
Epoch 22: average [s/it]: 5.250816, current metric: 0.337643, best metric: 0.337643:  14%|█▎        | 3407/25000 [5:43:45<14:58:09,  2.50s/it]
Epoch 22: average [s/it]: 5.250816, current metric: 0.337643, best metric: 0.337643:  14%|█▎        | 3408/25000 [5:43:46<12:53:30,  2.15s/it]
Epoch 22: average [s/it]: 5.250816, current metric: 0.337643, best metric: 0.337643:  14%|█▎        | 3409/25000 [5:43:47<11:26:09,  1.91s/it]
Epoch 22: average [s/it]: 5.250816, current metric: 0.337643, best metric: 0.337643:  14%|█▎        | 3410/25000 [5:43:49<10:24:54,  1.74s/it]
Epoch 22: average [s/it]: 5.250816, current metric: 0.337643, best metric: 0.337643:  14%|█▎        | 3411/25000 [5:43:50<9:42:07,  1.62s/it] 
Epoch 22: average [s/it]: 5.250816, current metric: 0.337643, best metric: 0.337643:  14%|█▎        | 3412/25000 [5:43:51<9:12:10,  1.53s/it]
Epoch 22: average [s/it]: 5.250816, current metric: 0.337643, best metric: 0.337643:  14%|█▎        | 3413/25000 [5:43:53<8:51:13,  1.48s/it]
Epoch 22: average [s/it]: 5.250816, current metric: 0.337643, best metric: 0.337643:  14%|█▎        | 3414/25000 [5:43:54<8:36:29,  1.44s/it]
Epoch 22: average [s/it]: 5.250816, current metric: 0.337643, best metric: 0.337643:  14%|█▎        | 3415/25000 [5:43:55<8:26:11,  1.41s/it]
Epoch 22: average [s/it]: 5.250816, current metric: 0.337643, best metric: 0.337643:  14%|█▎        | 3416/25000 [5:43:57<8:19:03,  1.39s/it]
Epoch 22: average [s/it]: 5.250816, current metric: 0.337643, best metric: 0.337643:  14%|█▎        | 3417/25000 [5:43:58<8:14:00,  1.37s/it]
Epoch 22: average [s/it]: 5.250816, current metric: 0.337643, best metric: 0.337643:  14%|█▎        | 3418/25000 [5:44:00<8:10:27,  1.36s/it]
Epoch 22: average [s/it]: 5.250816, current metric: 0.337643, best metric: 0.337643:  14%|█▎        | 3419/25000 [5:44:01<8:07:56,  1.36s/it]
Epoch 22: average [s/it]: 5.250816, current metric: 0.337643, best metric: 0.337643:  14%|█▎        | 3420/25000 [5:44:02<8:06:11,  1.35s/it]
Epoch 22: average [s/it]: 5.250816, current metric: 0.337643, best metric: 0.337643:  14%|█▎        | 3421/25000 [5:45:10<127:18:29, 21.24s/it]
Epoch 22: average [s/it]: 5.250816, current metric: 0.337643, best metric: 0.337643:  14%|█▎        | 3422/25000 [5:45:15<97:39:46, 16.29s/it] 
Epoch 22: average [s/it]: 5.250816, current metric: 0.337643, best metric: 0.337643:  14%|█▎        | 3423/25000 [5:45:16<70:46:16, 11.81s/it]
Epoch 22: average [s/it]: 5.250816, current metric: 0.337643, best metric: 0.337643:  14%|█▎        | 3424/25000 [5:45:17<51:56:56,  8.67s/it]
Epoch 22: average [s/it]: 5.250816, current metric: 0.337643, best metric: 0.337643:  14%|█▎        | 3425/25000 [5:45:19<38:46:22,  6.47s/it]
Epoch 22: average [s/it]: 5.250816, current metric: 0.337643, best metric: 0.337643:  14%|█▎        | 3426/25000 [5:45:20<29:32:57,  4.93s/it]
Epoch 22: average [s/it]: 5.250816, current metric: 0.337643, best metric: 0.337643:  14%|█▎        | 3427/25000 [5:45:21<23:05:44,  3.85s/it]
Epoch 22: average [s/it]: 5.250816, current metric: 0.337643, best metric: 0.337643:  14%|█▎        | 3428/25000 [5:45:23<18:34:35,  3.10s/it]
Epoch 22: average [s/it]: 5.250816, current metric: 0.337643, best metric: 0.337643:  14%|█▎        | 3429/25000 [5:45:24<15:24:43,  2.57s/it]
Epoch 22: average [s/it]: 5.250816, current metric: 0.337643, best metric: 0.337643:  14%|█▎        | 3430/25000 [5:45:25<13:11:41,  2.20s/it]
Epoch 22: average [s/it]: 5.250816, current metric: 0.337643, best metric: 0.337643:  14%|█▎        | 3431/25000 [5:45:27<11:39:09,  1.94s/it]
Epoch 22: average [s/it]: 5.250816, current metric: 0.337643, best metric: 0.337643:  14%|█▎        | 3432/25000 [5:45:28<10:34:00,  1.76s/it]
Epoch 22: average [s/it]: 5.250816, current metric: 0.337643, best metric: 0.337643:  14%|█▎        | 3433/25000 [5:45:29<9:48:16,  1.64s/it] 
Epoch 22: average [s/it]: 5.250816, current metric: 0.337643, best metric: 0.337643:  14%|█▎        | 3434/25000 [5:45:31<9:16:23,  1.55s/it]
Epoch 22: average [s/it]: 5.250816, current metric: 0.337643, best metric: 0.337643:  14%|█▎        | 3435/25000 [5:45:32<8:53:56,  1.49s/it]
Epoch 22: average [s/it]: 5.250816, current metric: 0.337643, best metric: 0.337643:  14%|█▎        | 3436/25000 [5:45:33<8:50:05,  1.47s/it]
Epoch 22: average [s/it]: 5.250816, current metric: 0.337643, best metric: 0.337643:  14%|█▎        | 3437/25000 [5:47:35<225:12:49, 37.60s/it]
Epoch 22: average [s/it]: 5.250816, current metric: 0.337643, best metric: 0.337643:  14%|█▍        | 3438/25000 [5:47:37<160:03:08, 26.72s/it]
Epoch 22: average [s/it]: 5.250816, current metric: 0.337643, best metric: 0.337643:  14%|█▍        | 3439/25000 [5:47:38<114:26:11, 19.11s/it]
Epoch 22: average [s/it]: 5.250816, current metric: 0.337643, best metric: 0.337643:  14%|█▍        | 3440/25000 [5:47:39<82:30:33, 13.78s/it] 
Epoch 22: average [s/it]: 5.250816, current metric: 0.337643, best metric: 0.337643:  14%|█▍        | 3441/25000 [5:47:41<60:09:41, 10.05s/it]
Epoch 22: average [s/it]: 5.250816, current metric: 0.337643, best metric: 0.337643:  14%|█▍        | 3442/25000 [5:47:42<44:31:10,  7.43s/it]
Epoch 22: average [s/it]: 5.250816, current metric: 0.337643, best metric: 0.337643:  14%|█▍        | 3443/25000 [5:47:43<33:34:17,  5.61s/it]
Epoch 22: average [s/it]: 5.250816, current metric: 0.337643, best metric: 0.337643:  14%|█▍        | 3444/25000 [5:47:45<25:54:26,  4.33s/it]
Epoch 22: average [s/it]: 5.250816, current metric: 0.337643, best metric: 0.337643:  14%|█▍        | 3445/25000 [5:47:46<20:32:28,  3.43s/it]
Epoch 22: average [s/it]: 5.250816, current metric: 0.337643, best metric: 0.337643:  14%|█▍        | 3446/25000 [5:47:47<16:47:12,  2.80s/it]
Epoch 22: average [s/it]: 5.250816, current metric: 0.337643, best metric: 0.337643:  14%|█▍        | 3447/25000 [5:47:49<14:09:28,  2.36s/it]
Epoch 22: average [s/it]: 5.250816, current metric: 0.337643, best metric: 0.337643:  14%|█▍        | 3448/25000 [5:47:50<12:18:55,  2.06s/it]
Epoch 22: average [s/it]: 5.250816, current metric: 0.337643, best metric: 0.337643:  14%|█▍        | 3449/25000 [5:47:51<11:01:45,  1.84s/it]
Epoch 22: average [s/it]: 5.250816, current metric: 0.337643, best metric: 0.337643:  14%|█▍        | 3450/25000 [5:47:53<10:07:39,  1.69s/it]
Epoch 22: average [s/it]: 5.250816, current metric: 0.337643, best metric: 0.337643:  14%|█▍        | 3451/25000 [5:47:54<9:29:44,  1.59s/it] 
Epoch 22: average [s/it]: 5.250816, current metric: 0.337643, best metric: 0.337643:  14%|█▍        | 3452/25000 [5:47:55<9:03:16,  1.51s/it]
Epoch 22: average [s/it]: 5.250816, current metric: 0.337643, best metric: 0.337643:  14%|█▍        | 3453/25000 [5:49:22<161:45:49, 27.03s/it]
Epoch 22: average [s/it]: 5.250816, current metric: 0.337643, best metric: 0.337643:  14%|█▍        | 3454/25000 [5:49:23<115:39:20, 19.32s/it]
Epoch 22: average [s/it]: 5.250816, current metric: 0.337643, best metric: 0.337643:  14%|█▍        | 3455/25000 [5:49:25<83:21:40, 13.93s/it] 
Epoch 22: average [s/it]: 5.250816, current metric: 0.337643, best metric: 0.337643:  14%|█▍        | 3456/25000 [5:49:26<60:45:21, 10.15s/it]
Epoch 22: average [s/it]: 5.250816, current metric: 0.337643, best metric: 0.337643:  14%|█▍        | 3457/25000 [5:49:27<44:56:09,  7.51s/it]
Epoch 22: average [s/it]: 5.250816, current metric: 0.337643, best metric: 0.337643:  14%|█▍        | 3458/25000 [5:49:29<33:51:35,  5.66s/it]
Epoch 22: average [s/it]: 5.250816, current metric: 0.337643, best metric: 0.337643:  14%|█▍        | 3459/25000 [5:49:30<26:06:25,  4.36s/it]
Epoch 22: average [s/it]: 5.250816, current metric: 0.337643, best metric: 0.337643:  14%|█▍        | 3460/25000 [5:49:31<20:40:48,  3.46s/it]
Epoch 22: average [s/it]: 5.250816, current metric: 0.337643, best metric: 0.337643:  14%|█▍        | 3461/25000 [5:49:33<16:52:54,  2.82s/it]
Epoch 22: average [s/it]: 5.250816, current metric: 0.337643, best metric: 0.337643:  14%|█▍        | 3462/25000 [5:49:34<14:13:16,  2.38s/it]
Epoch 22: average [s/it]: 5.250816, current metric: 0.337643, best metric: 0.337643:  14%|█▍        | 3463/25000 [5:49:35<12:21:31,  2.07s/it]
Epoch 22: average [s/it]: 5.250816, current metric: 0.337643, best metric: 0.337643:  14%|█▍        | 3464/25000 [5:49:37<11:03:16,  1.85s/it]
Epoch 22: average [s/it]: 5.250816, current metric: 0.337643, best metric: 0.337643:  14%|█▍        | 3465/25000 [5:49:38<10:08:35,  1.70s/it]
Epoch 22: average [s/it]: 5.250816, current metric: 0.337643, best metric: 0.337643:  14%|█▍        | 3466/25000 [5:49:39<9:30:20,  1.59s/it] 
Epoch 22: average [s/it]: 5.250816, current metric: 0.337643, best metric: 0.337643:  14%|█▍        | 3467/25000 [5:49:41<9:03:33,  1.51s/it]
Epoch 22: average [s/it]: 5.250816, current metric: 0.337643, best metric: 0.337643:  14%|█▍        | 3468/25000 [5:49:42<8:44:53,  1.46s/it]
Epoch 22: average [s/it]: 5.250816, current metric: 0.337643, best metric: 0.337643:  14%|█▍        | 3469/25000 [5:50:27<86:43:24, 14.50s/it]
Epoch 22: average [s/it]: 5.250816, current metric: 0.337643, best metric: 0.337643:  14%|█▍        | 3470/25000 [5:50:28<63:06:26, 10.55s/it]
Epoch 22: average [s/it]: 5.250816, current metric: 0.337643, best metric: 0.337643:  14%|█▍        | 3471/25000 [5:50:30<47:01:29,  7.86s/it]
Epoch 22: average [s/it]: 5.250816, current metric: 0.337643, best metric: 0.337643:  14%|█▍        | 3472/25000 [5:50:31<35:19:11,  5.91s/it]
Epoch 22: average [s/it]: 5.250816, current metric: 0.337643, best metric: 0.337643:  14%|█▍        | 3473/25000 [5:50:33<27:07:25,  4.54s/it]
Epoch 22: average [s/it]: 5.250816, current metric: 0.337643, best metric: 0.337643:  14%|█▍        | 3474/25000 [5:50:34<21:23:16,  3.58s/it]
Epoch 22: average [s/it]: 5.250816, current metric: 0.337643, best metric: 0.337643:  14%|█▍        | 3475/25000 [5:50:35<17:22:21,  2.91s/it]
Epoch 22: average [s/it]: 5.250816, current metric: 0.337643, best metric: 0.337643:  14%|█▍        | 3476/25000 [5:50:37<14:33:48,  2.44s/it]
Epoch 22: average [s/it]: 5.250816, current metric: 0.337643, best metric: 0.337643:  14%|█▍        | 3477/25000 [5:50:38<12:35:48,  2.11s/it]
Epoch 22: average [s/it]: 5.250816, current metric: 0.337643, best metric: 0.337643:  14%|█▍        | 3478/25000 [5:51:00<48:36:07,  8.13s/it]
Epoch 22: average [s/it]: 5.250816, current metric: 0.337643, best metric: 0.337643:  14%|█▍        | 3479/25000 [5:51:02<36:26:40,  6.10s/it]
Epoch 22: average [s/it]: 5.250816, current metric: 0.337643, best metric: 0.337643:  14%|█▍        | 3480/25000 [5:51:03<27:54:49,  4.67s/it]
Epoch 22: average [s/it]: 5.250816, current metric: 0.337643, best metric: 0.337643:  14%|█▍        | 3481/25000 [5:51:04<21:56:34,  3.67s/it]
Epoch 22: average [s/it]: 5.250816, current metric: 0.337643, best metric: 0.337643:  14%|█▍        | 3482/25000 [5:51:06<17:45:51,  2.97s/it]
Epoch 22: average [s/it]: 5.250816, current metric: 0.337643, best metric: 0.337643:  14%|█▍        | 3483/25000 [5:51:07<14:50:10,  2.48s/it]
Epoch 22: average [s/it]: 5.250816, current metric: 0.337643, best metric: 0.337643:  14%|█▍        | 3484/25000 [5:51:08<12:47:14,  2.14s/it]
Epoch 22: average [s/it]: 5.250816, current metric: 0.337643, best metric: 0.337643:  14%|█▍        | 3485/25000 [5:52:00<100:54:37, 16.88s/it]
Epoch 22: average [s/it]: 5.250816, current metric: 0.337643, best metric: 0.337643:  14%|█▍        | 3486/25000 [5:52:01<73:02:06, 12.22s/it] 
Epoch 22: average [s/it]: 5.250816, current metric: 0.337643, best metric: 0.337643:  14%|█▍        | 3487/25000 [5:52:02<53:31:26,  8.96s/it]
Epoch 22: average [s/it]: 5.250816, current metric: 0.337643, best metric: 0.337643:  14%|█▍        | 3488/25000 [5:52:04<39:52:08,  6.67s/it]
Epoch 22: average [s/it]: 5.250816, current metric: 0.337643, best metric: 0.337643:  14%|█▍        | 3489/25000 [5:52:05<30:18:31,  5.07s/it]
Epoch 22: average [s/it]: 5.250816, current metric: 0.337643, best metric: 0.337643:  14%|█▍        | 3490/25000 [5:52:06<23:37:03,  3.95s/it]
Epoch 22: average [s/it]: 5.250816, current metric: 0.337643, best metric: 0.337643:  14%|█▍        | 3491/25000 [5:52:08<18:55:53,  3.17s/it]
Epoch 22: average [s/it]: 5.250816, current metric: 0.337643, best metric: 0.337643:  14%|█▍        | 3492/25000 [5:52:09<15:39:30,  2.62s/it]
Epoch 22: average [s/it]: 5.250816, current metric: 0.337643, best metric: 0.337643:  14%|█▍        | 3493/25000 [5:52:10<13:21:37,  2.24s/it]
Epoch 22: average [s/it]: 5.250816, current metric: 0.337643, best metric: 0.337643:  14%|█▍        | 3494/25000 [5:52:12<11:45:07,  1.97s/it]
Epoch 22: average [s/it]: 5.250816, current metric: 0.337643, best metric: 0.337643:  14%|█▍        | 3495/25000 [5:52:13<10:37:30,  1.78s/it]
Epoch 22: average [s/it]: 5.250816, current metric: 0.337643, best metric: 0.337643:  14%|█▍        | 3496/25000 [5:52:14<9:50:12,  1.65s/it] 
Epoch 22: average [s/it]: 5.250816, current metric: 0.337643, best metric: 0.337643:  14%|█▍        | 3497/25000 [5:52:16<9:17:02,  1.55s/it]
Epoch 22: average [s/it]: 5.250816, current metric: 0.337643, best metric: 0.337643:  14%|█▍        | 3498/25000 [5:52:17<8:53:53,  1.49s/it]
Epoch 22: average [s/it]: 5.250816, current metric: 0.337643, best metric: 0.337643:  14%|█▍        | 3499/25000 [5:52:18<8:37:47,  1.44s/it]
Epoch 22: average [s/it]: 5.250816, current metric: 0.337643, best metric: 0.337643:  14%|█▍        | 3500/25000 [5:52:20<8:26:19,  1.41s/it]
Epoch 22: average [s/it]: 5.250816, current metric: 0.337643, best metric: 0.337643:  14%|█▍        | 3501/25000 [5:53:00<77:23:45, 12.96s/it]
Epoch 22: average [s/it]: 5.250816, current metric: 0.337643, best metric: 0.337643:  14%|█▍        | 3502/25000 [5:53:01<56:42:52,  9.50s/it]
Epoch 22: average [s/it]: 5.250816, current metric: 0.337643, best metric: 0.337643:  14%|█▍        | 3503/25000 [5:53:02<42:06:18,  7.05s/it]
Epoch 22: average [s/it]: 5.250816, current metric: 0.337643, best metric: 0.337643:  14%|█▍        | 3504/25000 [5:53:04<31:52:29,  5.34s/it]
Epoch 22: average [s/it]: 5.250816, current metric: 0.337643, best metric: 0.337643:  14%|█▍        | 3505/25000 [5:53:18<47:08:54,  7.90s/it]
Epoch 22: average [s/it]: 5.250816, current metric: 0.337643, best metric: 0.337643:  14%|█▍        | 3506/25000 [5:53:19<35:24:31,  5.93s/it]
Epoch 22: average [s/it]: 5.250816, current metric: 0.337643, best metric: 0.337643:  14%|█▍        | 3507/25000 [5:53:20<27:11:16,  4.55s/it]
Epoch 22: average [s/it]: 5.250816, current metric: 0.337643, best metric: 0.337643:  14%|█▍        | 3508/25000 [5:53:22<21:25:49,  3.59s/it]
Epoch 22: average [s/it]: 5.250816, current metric: 0.337643, best metric: 0.337643:  14%|█▍        | 3509/25000 [5:53:23<17:24:36,  2.92s/it]
Epoch 22: average [s/it]: 5.250816, current metric: 0.337643, best metric: 0.337643:  14%|█▍        | 3510/25000 [5:53:24<14:35:17,  2.44s/it]
Epoch 22: average [s/it]: 5.250816, current metric: 0.337643, best metric: 0.337643:  14%|█▍        | 3511/25000 [5:53:26<12:36:43,  2.11s/it]
Epoch 22: average [s/it]: 5.250816, current metric: 0.337643, best metric: 0.337643:  14%|█▍        | 3512/25000 [5:53:27<11:13:41,  1.88s/it]
Epoch 22: average [s/it]: 5.250816, current metric: 0.337643, best metric: 0.337643:  14%|█▍        | 3513/25000 [5:53:28<10:15:39,  1.72s/it]
Epoch 22: average [s/it]: 5.250816, current metric: 0.337643, best metric: 0.337643:  14%|█▍        | 3514/25000 [5:53:30<9:34:55,  1.61s/it] 
Epoch 22: average [s/it]: 5.250816, current metric: 0.337643, best metric: 0.337643:  14%|█▍        | 3515/25000 [5:53:31<9:06:31,  1.53s/it]
Epoch 22: average [s/it]: 5.250816, current metric: 0.337643, best metric: 0.337643:  14%|█▍        | 3516/25000 [5:53:32<8:46:30,  1.47s/it]
Epoch 22: average [s/it]: 5.250816, current metric: 0.337643, best metric: 0.337643:  14%|█▍        | 3517/25000 [5:54:20<92:26:23, 15.49s/it]
Epoch 22: average [s/it]: 5.250816, current metric: 0.337643, best metric: 0.337643:  14%|█▍        | 3518/25000 [5:54:22<67:06:41, 11.25s/it]
Epoch 22: average [s/it]: 5.250816, current metric: 0.337643, best metric: 0.337643:  14%|█▍        | 3519/25000 [5:54:23<49:22:31,  8.27s/it]
Epoch 23: average [s/it]: 6.533664, current metric: 0.323567, best metric: 0.323567:  14%|█▍        | 3519/25000 [5:58:35<49:22:31,  8.27s/it]
Epoch 23: average [s/it]: 6.533664, current metric: 0.323567, best metric: 0.323567:  14%|█▍        | 3520/25000 [6:01:37<810:38:07, 135.86s/it]
Epoch 23: average [s/it]: 6.533664, current metric: 0.323567, best metric: 0.323567:  14%|█▍        | 3521/25000 [6:01:38<569:50:09, 95.51s/it] 
Epoch 23: average [s/it]: 6.533664, current metric: 0.323567, best metric: 0.323567:  14%|█▍        | 3522/25000 [6:01:39<401:15:53, 67.26s/it]
Epoch 23: average [s/it]: 6.533664, current metric: 0.323567, best metric: 0.323567:  14%|█▍        | 3523/25000 [6:01:41<283:16:15, 47.48s/it]
Epoch 23: average [s/it]: 6.533664, current metric: 0.323567, best metric: 0.323567:  14%|█▍        | 3524/25000 [6:01:42<200:40:37, 33.64s/it]
Epoch 23: average [s/it]: 6.533664, current metric: 0.323567, best metric: 0.323567:  14%|█▍        | 3525/25000 [6:01:43<142:51:50, 23.95s/it]
Epoch 23: average [s/it]: 6.533664, current metric: 0.323567, best metric: 0.323567:  14%|█▍        | 3526/25000 [6:01:45<102:23:52, 17.17s/it]
Epoch 23: average [s/it]: 6.533664, current metric: 0.323567, best metric: 0.323567:  14%|█▍        | 3527/25000 [6:01:46<74:04:25, 12.42s/it] 
Epoch 23: average [s/it]: 6.533664, current metric: 0.323567, best metric: 0.323567:  14%|█▍        | 3528/25000 [6:01:47<54:14:41,  9.09s/it]
Epoch 23: average [s/it]: 6.533664, current metric: 0.323567, best metric: 0.323567:  14%|█▍        | 3529/25000 [6:01:49<40:22:00,  6.77s/it]
Epoch 23: average [s/it]: 6.533664, current metric: 0.323567, best metric: 0.323567:  14%|█▍        | 3530/25000 [6:01:50<30:39:11,  5.14s/it]
Epoch 23: average [s/it]: 6.533664, current metric: 0.323567, best metric: 0.323567:  14%|█▍        | 3531/25000 [6:01:51<23:51:06,  4.00s/it]
Epoch 23: average [s/it]: 6.533664, current metric: 0.323567, best metric: 0.323567:  14%|█▍        | 3532/25000 [6:01:53<19:05:37,  3.20s/it]
Epoch 23: average [s/it]: 6.533664, current metric: 0.323567, best metric: 0.323567:  14%|█▍        | 3533/25000 [6:01:54<15:45:47,  2.64s/it]
Epoch 23: average [s/it]: 6.533664, current metric: 0.323567, best metric: 0.323567:  14%|█▍        | 3534/25000 [6:01:55<13:25:49,  2.25s/it]
Epoch 23: average [s/it]: 6.533664, current metric: 0.323567, best metric: 0.323567:  14%|█▍        | 3535/25000 [6:01:57<11:47:51,  1.98s/it]
Epoch 23: average [s/it]: 6.533664, current metric: 0.323567, best metric: 0.323567:  14%|█▍        | 3536/25000 [6:02:31<69:55:15, 11.73s/it]
Epoch 23: average [s/it]: 6.533664, current metric: 0.323567, best metric: 0.323567:  14%|█▍        | 3537/25000 [6:02:33<51:20:34,  8.61s/it]
Epoch 23: average [s/it]: 6.533664, current metric: 0.323567, best metric: 0.323567:  14%|█▍        | 3538/25000 [6:02:34<38:20:10,  6.43s/it]
Epoch 23: average [s/it]: 6.533664, current metric: 0.323567, best metric: 0.323567:  14%|█▍        | 3539/25000 [6:02:35<29:13:51,  4.90s/it]
Epoch 23: average [s/it]: 6.533664, current metric: 0.323567, best metric: 0.323567:  14%|█▍        | 3540/25000 [6:02:48<42:36:33,  7.15s/it]
Epoch 23: average [s/it]: 6.533664, current metric: 0.323567, best metric: 0.323567:  14%|█▍        | 3541/25000 [6:02:49<32:13:19,  5.41s/it]
Epoch 23: average [s/it]: 6.533664, current metric: 0.323567, best metric: 0.323567:  14%|█▍        | 3542/25000 [6:02:50<24:56:58,  4.19s/it]
Epoch 23: average [s/it]: 6.533664, current metric: 0.323567, best metric: 0.323567:  14%|█▍        | 3543/25000 [6:02:52<19:51:39,  3.33s/it]
Epoch 23: average [s/it]: 6.533664, current metric: 0.323567, best metric: 0.323567:  14%|█▍        | 3544/25000 [6:02:53<16:17:53,  2.73s/it]
Epoch 23: average [s/it]: 6.533664, current metric: 0.323567, best metric: 0.323567:  14%|█▍        | 3545/25000 [6:02:54<13:48:11,  2.32s/it]
Epoch 23: average [s/it]: 6.533664, current metric: 0.323567, best metric: 0.323567:  14%|█▍        | 3546/25000 [6:02:56<12:03:40,  2.02s/it]
Epoch 23: average [s/it]: 6.533664, current metric: 0.323567, best metric: 0.323567:  14%|█▍        | 3547/25000 [6:02:57<10:50:24,  1.82s/it]
Epoch 23: average [s/it]: 6.533664, current metric: 0.323567, best metric: 0.323567:  14%|█▍        | 3548/25000 [6:02:58<9:58:59,  1.68s/it] 
Epoch 23: average [s/it]: 6.533664, current metric: 0.323567, best metric: 0.323567:  14%|█▍        | 3549/25000 [6:03:00<9:23:00,  1.57s/it]
Epoch 23: average [s/it]: 6.533664, current metric: 0.323567, best metric: 0.323567:  14%|█▍        | 3550/25000 [6:03:01<8:57:51,  1.50s/it]
Epoch 23: average [s/it]: 6.533664, current metric: 0.323567, best metric: 0.323567:  14%|█▍        | 3551/25000 [6:03:02<8:40:16,  1.46s/it]
Epoch 23: average [s/it]: 6.533664, current metric: 0.323567, best metric: 0.323567:  14%|█▍        | 3552/25000 [6:03:39<70:54:48, 11.90s/it]
Epoch 23: average [s/it]: 6.533664, current metric: 0.323567, best metric: 0.323567:  14%|█▍        | 3553/25000 [6:03:40<52:02:01,  8.73s/it]
Epoch 23: average [s/it]: 6.533664, current metric: 0.323567, best metric: 0.323567:  14%|█▍        | 3554/25000 [6:03:41<38:49:12,  6.52s/it]
Epoch 23: average [s/it]: 6.533664, current metric: 0.323567, best metric: 0.323567:  14%|█▍        | 3555/25000 [6:03:57<55:08:19,  9.26s/it]
Epoch 23: average [s/it]: 6.533664, current metric: 0.323567, best metric: 0.323567:  14%|█▍        | 3556/25000 [6:04:09<59:55:46, 10.06s/it]
Epoch 23: average [s/it]: 6.533664, current metric: 0.323567, best metric: 0.323567:  14%|█▍        | 3557/25000 [6:04:10<44:20:43,  7.44s/it]
Epoch 23: average [s/it]: 6.533664, current metric: 0.323567, best metric: 0.323567:  14%|█▍        | 3558/25000 [6:04:12<33:26:14,  5.61s/it]
Epoch 23: average [s/it]: 6.533664, current metric: 0.323567, best metric: 0.323567:  14%|█▍        | 3559/25000 [6:04:13<25:48:13,  4.33s/it]
Epoch 23: average [s/it]: 6.533664, current metric: 0.323567, best metric: 0.323567:  14%|█▍        | 3560/25000 [6:04:14<20:27:19,  3.43s/it]
Epoch 23: average [s/it]: 6.533664, current metric: 0.323567, best metric: 0.323567:  14%|█▍        | 3561/25000 [6:04:16<16:42:34,  2.81s/it]
Epoch 23: average [s/it]: 6.533664, current metric: 0.323567, best metric: 0.323567:  14%|█▍        | 3562/25000 [6:04:17<14:05:17,  2.37s/it]
Epoch 23: average [s/it]: 6.533664, current metric: 0.323567, best metric: 0.323567:  14%|█▍        | 3563/25000 [6:04:18<12:15:15,  2.06s/it]
Epoch 23: average [s/it]: 6.533664, current metric: 0.323567, best metric: 0.323567:  14%|█▍        | 3564/25000 [6:04:20<10:58:18,  1.84s/it]
Epoch 23: average [s/it]: 6.533664, current metric: 0.323567, best metric: 0.323567:  14%|█▍        | 3565/25000 [6:04:21<10:04:26,  1.69s/it]
Epoch 23: average [s/it]: 6.533664, current metric: 0.323567, best metric: 0.323567:  14%|█▍        | 3566/25000 [6:04:22<9:26:48,  1.59s/it] 
Epoch 23: average [s/it]: 6.533664, current metric: 0.323567, best metric: 0.323567:  14%|█▍        | 3567/25000 [6:04:24<9:00:19,  1.51s/it]
Epoch 23: average [s/it]: 6.533664, current metric: 0.323567, best metric: 0.323567:  14%|█▍        | 3568/25000 [6:04:37<29:24:56,  4.94s/it]
Epoch 23: average [s/it]: 6.533664, current metric: 0.323567, best metric: 0.323567:  14%|█▍        | 3569/25000 [6:04:38<22:59:04,  3.86s/it]
Epoch 23: average [s/it]: 6.533664, current metric: 0.323567, best metric: 0.323567:  14%|█▍        | 3570/25000 [6:04:56<47:28:22,  7.97s/it]
Epoch 23: average [s/it]: 6.533664, current metric: 0.323567, best metric: 0.323567:  14%|█▍        | 3571/25000 [6:05:20<77:32:39, 13.03s/it]
Epoch 23: average [s/it]: 6.533664, current metric: 0.323567, best metric: 0.323567:  14%|█▍        | 3572/25000 [6:05:22<56:40:55,  9.52s/it]
Epoch 23: average [s/it]: 6.533664, current metric: 0.323567, best metric: 0.323567:  14%|█▍        | 3573/25000 [6:05:23<42:04:11,  7.07s/it]
Epoch 23: average [s/it]: 6.533664, current metric: 0.323567, best metric: 0.323567:  14%|█▍        | 3574/25000 [6:05:24<31:50:22,  5.35s/it]
Epoch 23: average [s/it]: 6.533664, current metric: 0.323567, best metric: 0.323567:  14%|█▍        | 3575/25000 [6:05:26<24:40:48,  4.15s/it]
Epoch 23: average [s/it]: 6.533664, current metric: 0.323567, best metric: 0.323567:  14%|█▍        | 3576/25000 [6:05:27<19:40:03,  3.30s/it]
Epoch 23: average [s/it]: 6.533664, current metric: 0.323567, best metric: 0.323567:  14%|█▍        | 3577/25000 [6:05:28<16:09:35,  2.72s/it]
Epoch 23: average [s/it]: 6.533664, current metric: 0.323567, best metric: 0.323567:  14%|█▍        | 3578/25000 [6:05:30<13:42:15,  2.30s/it]
Epoch 23: average [s/it]: 6.533664, current metric: 0.323567, best metric: 0.323567:  14%|█▍        | 3579/25000 [6:06:03<69:06:39, 11.61s/it]
Epoch 23: average [s/it]: 6.533664, current metric: 0.323567, best metric: 0.323567:  14%|█▍        | 3580/25000 [6:06:05<50:46:08,  8.53s/it]
Epoch 23: average [s/it]: 6.533664, current metric: 0.323567, best metric: 0.323567:  14%|█▍        | 3581/25000 [6:06:06<37:56:18,  6.38s/it]
Epoch 23: average [s/it]: 6.533664, current metric: 0.323567, best metric: 0.323567:  14%|█▍        | 3582/25000 [6:06:07<28:57:09,  4.87s/it]
Epoch 23: average [s/it]: 6.533664, current metric: 0.323567, best metric: 0.323567:  14%|█▍        | 3583/25000 [6:06:09<22:40:03,  3.81s/it]
Epoch 23: average [s/it]: 6.533664, current metric: 0.323567, best metric: 0.323567:  14%|█▍        | 3584/25000 [6:06:57<102:14:20, 17.19s/it]
Epoch 23: average [s/it]: 6.533664, current metric: 0.323567, best metric: 0.323567:  14%|█▍        | 3585/25000 [6:06:58<73:57:52, 12.43s/it] 
Epoch 23: average [s/it]: 6.533664, current metric: 0.323567, best metric: 0.323567:  14%|█▍        | 3586/25000 [6:07:00<54:10:27,  9.11s/it]
Epoch 23: average [s/it]: 6.533664, current metric: 0.323567, best metric: 0.323567:  14%|█▍        | 3587/25000 [6:07:01<40:19:09,  6.78s/it]
Epoch 23: average [s/it]: 6.533664, current metric: 0.323567, best metric: 0.323567:  14%|█▍        | 3588/25000 [6:07:02<30:37:19,  5.15s/it]
Epoch 23: average [s/it]: 6.533664, current metric: 0.323567, best metric: 0.323567:  14%|█▍        | 3589/25000 [6:07:04<24:30:57,  4.12s/it]
Epoch 23: average [s/it]: 6.533664, current metric: 0.323567, best metric: 0.323567:  14%|█▍        | 3590/25000 [6:07:23<51:19:23,  8.63s/it]
Epoch 23: average [s/it]: 6.533664, current metric: 0.323567, best metric: 0.323567:  14%|█▍        | 3591/25000 [6:07:25<38:19:21,  6.44s/it]
Epoch 23: average [s/it]: 6.533664, current metric: 0.323567, best metric: 0.323567:  14%|█▍        | 3592/25000 [6:07:26<29:13:24,  4.91s/it]
Epoch 23: average [s/it]: 6.533664, current metric: 0.323567, best metric: 0.323567:  14%|█▍        | 3593/25000 [6:07:27<22:59:40,  3.87s/it]
Epoch 23: average [s/it]: 6.533664, current metric: 0.323567, best metric: 0.323567:  14%|█▍        | 3594/25000 [6:07:29<19:02:05,  3.20s/it]
Epoch 23: average [s/it]: 6.533664, current metric: 0.323567, best metric: 0.323567:  14%|█▍        | 3595/25000 [6:07:30<15:43:17,  2.64s/it]
Epoch 23: average [s/it]: 6.533664, current metric: 0.323567, best metric: 0.323567:  14%|█▍        | 3596/25000 [6:07:32<13:24:13,  2.25s/it]
Epoch 23: average [s/it]: 6.533664, current metric: 0.323567, best metric: 0.323567:  14%|█▍        | 3597/25000 [6:07:33<11:46:52,  1.98s/it]
Epoch 23: average [s/it]: 6.533664, current metric: 0.323567, best metric: 0.323567:  14%|█▍        | 3598/25000 [6:07:34<10:38:44,  1.79s/it]
Epoch 23: average [s/it]: 6.533664, current metric: 0.323567, best metric: 0.323567:  14%|█▍        | 3599/25000 [6:07:36<9:51:00,  1.66s/it] 
Epoch 23: average [s/it]: 6.533664, current metric: 0.323567, best metric: 0.323567:  14%|█▍        | 3600/25000 [6:07:37<9:17:34,  1.56s/it]
Epoch 23: average [s/it]: 6.533664, current metric: 0.323567, best metric: 0.323567:  14%|█▍        | 3601/25000 [6:07:39<10:31:00,  1.77s/it]
Epoch 23: average [s/it]: 6.533664, current metric: 0.323567, best metric: 0.323567:  14%|█▍        | 3602/25000 [6:07:41<10:19:44,  1.74s/it]
Epoch 23: average [s/it]: 6.533664, current metric: 0.323567, best metric: 0.323567:  14%|█▍        | 3603/25000 [6:07:42<9:37:25,  1.62s/it] 
Epoch 23: average [s/it]: 6.533664, current metric: 0.323567, best metric: 0.323567:  14%|█▍        | 3604/25000 [6:07:44<9:07:58,  1.54s/it]
Epoch 23: average [s/it]: 6.533664, current metric: 0.323567, best metric: 0.323567:  14%|█▍        | 3605/25000 [6:07:45<8:47:14,  1.48s/it]
Epoch 23: average [s/it]: 6.533664, current metric: 0.323567, best metric: 0.323567:  14%|█▍        | 3606/25000 [6:08:53<128:06:00, 21.56s/it]
Epoch 23: average [s/it]: 6.533664, current metric: 0.323567, best metric: 0.323567:  14%|█▍        | 3607/25000 [6:08:55<92:03:24, 15.49s/it] 
Epoch 23: average [s/it]: 6.533664, current metric: 0.323567, best metric: 0.323567:  14%|█▍        | 3608/25000 [6:08:56<66:49:36, 11.25s/it]
Epoch 23: average [s/it]: 6.533664, current metric: 0.323567, best metric: 0.323567:  14%|█▍        | 3609/25000 [6:08:57<49:09:54,  8.27s/it]
Epoch 23: average [s/it]: 6.533664, current metric: 0.323567, best metric: 0.323567:  14%|█▍        | 3610/25000 [6:08:59<36:48:12,  6.19s/it]
Epoch 23: average [s/it]: 6.533664, current metric: 0.323567, best metric: 0.323567:  14%|█▍        | 3611/25000 [6:09:00<28:08:54,  4.74s/it]
Epoch 23: average [s/it]: 6.533664, current metric: 0.323567, best metric: 0.323567:  14%|█▍        | 3612/25000 [6:09:01<22:05:33,  3.72s/it]
Epoch 23: average [s/it]: 6.533664, current metric: 0.323567, best metric: 0.323567:  14%|█▍        | 3613/25000 [6:09:03<17:51:11,  3.01s/it]
Epoch 23: average [s/it]: 6.533664, current metric: 0.323567, best metric: 0.323567:  14%|█▍        | 3614/25000 [6:09:04<14:53:01,  2.51s/it]
Epoch 23: average [s/it]: 6.533664, current metric: 0.323567, best metric: 0.323567:  14%|█▍        | 3615/25000 [6:09:05<12:48:24,  2.16s/it]
Epoch 23: average [s/it]: 6.533664, current metric: 0.323567, best metric: 0.323567:  14%|█▍        | 3616/25000 [6:09:07<11:21:08,  1.91s/it]
Epoch 23: average [s/it]: 6.533664, current metric: 0.323567, best metric: 0.323567:  14%|█▍        | 3617/25000 [6:09:08<10:20:01,  1.74s/it]
Epoch 23: average [s/it]: 6.533664, current metric: 0.323567, best metric: 0.323567:  14%|█▍        | 3618/25000 [6:09:09<9:37:19,  1.62s/it] 
Epoch 23: average [s/it]: 6.533664, current metric: 0.323567, best metric: 0.323567:  14%|█▍        | 3619/25000 [6:09:11<9:07:22,  1.54s/it]
Epoch 23: average [s/it]: 6.533664, current metric: 0.323567, best metric: 0.323567:  14%|█▍        | 3620/25000 [6:09:12<8:46:26,  1.48s/it]
Epoch 23: average [s/it]: 6.533664, current metric: 0.323567, best metric: 0.323567:  14%|█▍        | 3621/25000 [6:09:13<8:31:49,  1.44s/it]
Epoch 23: average [s/it]: 6.533664, current metric: 0.323567, best metric: 0.323567:  14%|█▍        | 3622/25000 [6:09:59<86:26:32, 14.56s/it]
Epoch 23: average [s/it]: 6.533664, current metric: 0.323567, best metric: 0.323567:  14%|█▍        | 3623/25000 [6:10:00<62:53:46, 10.59s/it]
Epoch 23: average [s/it]: 6.533664, current metric: 0.323567, best metric: 0.323567:  14%|█▍        | 3624/25000 [6:10:01<46:24:48,  7.82s/it]
Epoch 23: average [s/it]: 6.533664, current metric: 0.323567, best metric: 0.323567:  14%|█▍        | 3625/25000 [6:10:03<34:52:33,  5.87s/it]
Epoch 23: average [s/it]: 6.533664, current metric: 0.323567, best metric: 0.323567:  15%|█▍        | 3626/25000 [6:10:04<26:47:52,  4.51s/it]
Epoch 23: average [s/it]: 6.533664, current metric: 0.323567, best metric: 0.323567:  15%|█▍        | 3627/25000 [6:10:05<21:08:37,  3.56s/it]
Epoch 23: average [s/it]: 6.533664, current metric: 0.323567, best metric: 0.323567:  15%|█▍        | 3628/25000 [6:10:07<17:11:17,  2.90s/it]
Epoch 23: average [s/it]: 6.533664, current metric: 0.323567, best metric: 0.323567:  15%|█▍        | 3629/25000 [6:10:08<14:25:09,  2.43s/it]
Epoch 23: average [s/it]: 6.533664, current metric: 0.323567, best metric: 0.323567:  15%|█▍        | 3630/25000 [6:10:09<12:28:42,  2.10s/it]
Epoch 23: average [s/it]: 6.533664, current metric: 0.323567, best metric: 0.323567:  15%|█▍        | 3631/25000 [6:10:11<11:07:13,  1.87s/it]
Epoch 23: average [s/it]: 6.533664, current metric: 0.323567, best metric: 0.323567:  15%|█▍        | 3632/25000 [6:10:12<10:10:19,  1.71s/it]
Epoch 23: average [s/it]: 6.533664, current metric: 0.323567, best metric: 0.323567:  15%|█▍        | 3633/25000 [6:10:13<9:30:21,  1.60s/it] 
Epoch 23: average [s/it]: 6.533664, current metric: 0.323567, best metric: 0.323567:  15%|█▍        | 3634/25000 [6:10:15<9:02:26,  1.52s/it]
Epoch 23: average [s/it]: 6.533664, current metric: 0.323567, best metric: 0.323567:  15%|█▍        | 3635/25000 [6:10:16<8:42:51,  1.47s/it]
Epoch 23: average [s/it]: 6.533664, current metric: 0.323567, best metric: 0.323567:  15%|█▍        | 3636/25000 [6:10:17<8:29:54,  1.43s/it]
Epoch 23: average [s/it]: 6.533664, current metric: 0.323567, best metric: 0.323567:  15%|█▍        | 3637/25000 [6:10:29<27:15:41,  4.59s/it]
Epoch 23: average [s/it]: 6.533664, current metric: 0.323567, best metric: 0.323567:  15%|█▍        | 3638/25000 [6:12:39<250:27:31, 42.21s/it]
Epoch 23: average [s/it]: 6.533664, current metric: 0.323567, best metric: 0.323567:  15%|█▍        | 3639/25000 [6:12:41<177:43:06, 29.95s/it]
Epoch 23: average [s/it]: 6.533664, current metric: 0.323567, best metric: 0.323567:  15%|█▍        | 3640/25000 [6:12:42<126:46:59, 21.37s/it]
Epoch 23: average [s/it]: 6.533664, current metric: 0.323567, best metric: 0.323567:  15%|█▍        | 3641/25000 [6:12:43<91:07:50, 15.36s/it] 
Epoch 23: average [s/it]: 6.533664, current metric: 0.323567, best metric: 0.323567:  15%|█▍        | 3642/25000 [6:12:45<66:10:22, 11.15s/it]
Epoch 23: average [s/it]: 6.533664, current metric: 0.323567, best metric: 0.323567:  15%|█▍        | 3643/25000 [6:12:46<48:42:23,  8.21s/it]
Epoch 23: average [s/it]: 6.533664, current metric: 0.323567, best metric: 0.323567:  15%|█▍        | 3644/25000 [6:12:47<36:28:35,  6.15s/it]
Epoch 23: average [s/it]: 6.533664, current metric: 0.323567, best metric: 0.323567:  15%|█▍        | 3645/25000 [6:12:49<27:54:58,  4.71s/it]
Epoch 23: average [s/it]: 6.533664, current metric: 0.323567, best metric: 0.323567:  15%|█▍        | 3646/25000 [6:12:50<21:55:19,  3.70s/it]
Epoch 23: average [s/it]: 6.533664, current metric: 0.323567, best metric: 0.323567:  15%|█▍        | 3647/25000 [6:12:51<17:43:41,  2.99s/it]
Epoch 23: average [s/it]: 6.533664, current metric: 0.323567, best metric: 0.323567:  15%|█▍        | 3648/25000 [6:12:53<14:47:45,  2.49s/it]
Epoch 23: average [s/it]: 6.533664, current metric: 0.323567, best metric: 0.323567:  15%|█▍        | 3649/25000 [6:12:54<12:44:25,  2.15s/it]
Epoch 23: average [s/it]: 6.533664, current metric: 0.323567, best metric: 0.323567:  15%|█▍        | 3650/25000 [6:12:55<11:18:05,  1.91s/it]
Epoch 23: average [s/it]: 6.533664, current metric: 0.323567, best metric: 0.323567:  15%|█▍        | 3651/25000 [6:12:57<10:17:35,  1.74s/it]
Epoch 23: average [s/it]: 6.533664, current metric: 0.323567, best metric: 0.323567:  15%|█▍        | 3652/25000 [6:12:58<9:35:13,  1.62s/it] 
Epoch 23: average [s/it]: 6.533664, current metric: 0.323567, best metric: 0.323567:  15%|█▍        | 3653/25000 [6:13:24<53:12:51,  8.97s/it]
Epoch 23: average [s/it]: 6.533664, current metric: 0.323567, best metric: 0.323567:  15%|█▍        | 3654/25000 [6:13:55<91:13:29, 15.39s/it]
Epoch 23: average [s/it]: 6.533664, current metric: 0.323567, best metric: 0.323567:  15%|█▍        | 3655/25000 [6:13:56<66:14:25, 11.17s/it]
Epoch 23: average [s/it]: 6.533664, current metric: 0.323567, best metric: 0.323567:  15%|█▍        | 3656/25000 [6:13:57<48:44:55,  8.22s/it]
Epoch 23: average [s/it]: 6.533664, current metric: 0.323567, best metric: 0.323567:  15%|█▍        | 3657/25000 [6:13:59<36:30:16,  6.16s/it]
Epoch 23: average [s/it]: 6.533664, current metric: 0.323567, best metric: 0.323567:  15%|█▍        | 3658/25000 [6:14:00<27:55:56,  4.71s/it]
Epoch 23: average [s/it]: 6.533664, current metric: 0.323567, best metric: 0.323567:  15%|█▍        | 3659/25000 [6:14:01<21:55:57,  3.70s/it]
Epoch 23: average [s/it]: 6.533664, current metric: 0.323567, best metric: 0.323567:  15%|█▍        | 3660/25000 [6:14:03<17:44:00,  2.99s/it]
Epoch 23: average [s/it]: 6.533664, current metric: 0.323567, best metric: 0.323567:  15%|█▍        | 3661/25000 [6:14:04<14:47:43,  2.50s/it]
Epoch 23: average [s/it]: 6.533664, current metric: 0.323567, best metric: 0.323567:  15%|█▍        | 3662/25000 [6:14:05<12:44:11,  2.15s/it]
Epoch 23: average [s/it]: 6.533664, current metric: 0.323567, best metric: 0.323567:  15%|█▍        | 3663/25000 [6:14:07<11:17:52,  1.91s/it]
Epoch 23: average [s/it]: 6.533664, current metric: 0.323567, best metric: 0.323567:  15%|█▍        | 3664/25000 [6:14:08<10:17:20,  1.74s/it]
Epoch 23: average [s/it]: 6.533664, current metric: 0.323567, best metric: 0.323567:  15%|█▍        | 3665/25000 [6:14:09<9:35:10,  1.62s/it] 
Epoch 23: average [s/it]: 6.533664, current metric: 0.323567, best metric: 0.323567:  15%|█▍        | 3666/25000 [6:14:11<9:05:33,  1.53s/it]
Epoch 23: average [s/it]: 6.533664, current metric: 0.323567, best metric: 0.323567:  15%|█▍        | 3667/25000 [6:14:12<8:44:47,  1.48s/it]
Epoch 23: average [s/it]: 6.533664, current metric: 0.323567, best metric: 0.323567:  15%|█▍        | 3668/25000 [6:14:13<8:30:12,  1.44s/it]
Epoch 23: average [s/it]: 6.533664, current metric: 0.323567, best metric: 0.323567:  15%|█▍        | 3669/25000 [6:14:15<8:19:53,  1.41s/it]
Epoch 23: average [s/it]: 6.533664, current metric: 0.323567, best metric: 0.323567:  15%|█▍        | 3670/25000 [6:14:42<53:59:52,  9.11s/it]
Epoch 23: average [s/it]: 6.533664, current metric: 0.323567, best metric: 0.323567:  15%|█▍        | 3671/25000 [6:14:43<40:10:41,  6.78s/it]
Epoch 23: average [s/it]: 6.533664, current metric: 0.323567, best metric: 0.323567:  15%|█▍        | 3672/25000 [6:14:44<30:30:07,  5.15s/it]Epoch 24: average [s/it]: 6.339477, current metric: 0.337038, best metric: 0.323567:  15%|█▍        | 3672/25000 [6:19:39<30:30:07,  5.15s/it]Epoch 24: average [s/it]: 6.339477, current metric: 0.337038, best metric: 0.323567:  15%|█▍        | 3673/25000 [6:20:41<654:11:24, 110.43s/it]Epoch 24: average [s/it]: 6.339477, current metric: 0.337038, best metric: 0.323567:  15%|█▍        | 3674/25000 [6:20:42<460:18:10, 77.70s/it] Epoch 24: average [s/it]: 6.339477, current metric: 0.337038, best metric: 0.323567:  15%|█▍        | 3675/25000 [6:21:00<353:49:44, 59.73s/it]Epoch 24: average [s/it]: 6.339477, current metric: 0.337038, best metric: 0.323567:  15%|█▍        | 3676/25000 [6:21:01<250:03:14, 42.22s/it]Epoch 24: average [s/it]: 6.339477, current metric: 0.337038, best metric: 0.323567:  15%|█▍        | 3677/25000 [6:21:02<177:25:08, 29.95s/it]Epoch 24: average [s/it]: 6.339477, current metric: 0.337038, best metric: 0.323567:  15%|█▍        | 3678/25000 [6:21:04<126:34:26, 21.37s/it]Epoch 24: average [s/it]: 6.339477, current metric: 0.337038, best metric: 0.323567:  15%|█▍        | 3679/25000 [6:21:05<90:58:54, 15.36s/it] Epoch 24: average [s/it]: 6.339477, current metric: 0.337038, best metric: 0.323567:  15%|█▍        | 3680/25000 [6:21:06<66:04:34, 11.16s/it]Epoch 24: average [s/it]: 6.339477, current metric: 0.337038, best metric: 0.323567:  15%|█▍        | 3681/25000 [6:22:00<141:44:39, 23.94s/it]Epoch 24: average [s/it]: 6.339477, current metric: 0.337038, best metric: 0.323567:  15%|█▍        | 3682/25000 [6:22:02<101:36:07, 17.16s/it]Epoch 24: average [s/it]: 6.339477, current metric: 0.337038, best metric: 0.323567:  15%|█▍        | 3683/25000 [6:22:03<73:29:47, 12.41s/it] Epoch 24: average [s/it]: 6.339477, current metric: 0.337038, best metric: 0.323567:  15%|█▍        | 3684/25000 [6:22:04<53:49:24,  9.09s/it]Epoch 24: average [s/it]: 6.339477, current metric: 0.337038, best metric: 0.323567:  15%|█▍        | 3685/25000 [6:22:06<40:03:09,  6.76s/it]Epoch 24: average [s/it]: 6.339477, current metric: 0.337038, best metric: 0.323567:  15%|█▍        | 3686/25000 [6:22:07<30:24:55,  5.14s/it]Epoch 24: average [s/it]: 6.339477, current metric: 0.337038, best metric: 0.323567:  15%|█▍        | 3687/25000 [6:22:08<23:40:07,  4.00s/it]Epoch 24: average [s/it]: 6.339477, current metric: 0.337038, best metric: 0.323567:  15%|█▍        | 3688/25000 [6:22:10<18:56:52,  3.20s/it]Epoch 24: average [s/it]: 6.339477, current metric: 0.337038, best metric: 0.323567:  15%|█▍        | 3689/25000 [6:22:22<35:27:58,  5.99s/it]Epoch 24: average [s/it]: 6.339477, current metric: 0.337038, best metric: 0.323567:  15%|█▍        | 3690/25000 [6:22:23<27:12:31,  4.60s/it]Epoch 24: average [s/it]: 6.339477, current metric: 0.337038, best metric: 0.323567:  15%|█▍        | 3691/25000 [6:22:25<21:25:26,  3.62s/it]Epoch 24: average [s/it]: 6.339477, current metric: 0.337038, best metric: 0.323567:  15%|█▍        | 3692/25000 [6:22:26<17:22:37,  2.94s/it]Epoch 24: average [s/it]: 6.339477, current metric: 0.337038, best metric: 0.323567:  15%|█▍        | 3693/25000 [6:22:27<14:32:35,  2.46s/it]Epoch 24: average [s/it]: 6.339477, current metric: 0.337038, best metric: 0.323567:  15%|█▍        | 3694/25000 [6:22:29<12:33:37,  2.12s/it]Epoch 24: average [s/it]: 6.339477, current metric: 0.337038, best metric: 0.323567:  15%|█▍        | 3695/25000 [6:22:30<11:10:19,  1.89s/it]Epoch 24: average [s/it]: 6.339477, current metric: 0.337038, best metric: 0.323567:  15%|█▍        | 3696/25000 [6:22:48<39:49:06,  6.73s/it]Epoch 24: average [s/it]: 6.339477, current metric: 0.337038, best metric: 0.323567:  15%|█▍        | 3697/25000 [6:22:53<36:44:15,  6.21s/it]Epoch 24: average [s/it]: 6.339477, current metric: 0.337038, best metric: 0.323567:  15%|█▍        | 3698/25000 [6:22:54<28:05:42,  4.75s/it]Epoch 24: average [s/it]: 6.339477, current metric: 0.337038, best metric: 0.323567:  15%|█▍        | 3699/25000 [6:22:56<22:02:43,  3.73s/it]Epoch 24: average [s/it]: 6.339477, current metric: 0.337038, best metric: 0.323567:  15%|█▍        | 3700/25000 [6:22:57<17:49:10,  3.01s/it]Epoch 24: average [s/it]: 6.339477, current metric: 0.337038, best metric: 0.323567:  15%|█▍        | 3701/25000 [6:22:59<15:33:17,  2.63s/it]Epoch 24: average [s/it]: 6.339477, current metric: 0.337038, best metric: 0.323567:  15%|█▍        | 3702/25000 [6:23:00<13:36:39,  2.30s/it]Epoch 24: average [s/it]: 6.339477, current metric: 0.337038, best metric: 0.323567:  15%|█▍        | 3703/25000 [6:23:02<11:54:29,  2.01s/it]Epoch 24: average [s/it]: 6.339477, current metric: 0.337038, best metric: 0.323567:  15%|█▍        | 3704/25000 [6:23:03<10:42:50,  1.81s/it]Epoch 24: average [s/it]: 6.339477, current metric: 0.337038, best metric: 0.323567:  15%|█▍        | 3705/25000 [6:24:16<136:24:34, 23.06s/it]Epoch 24: average [s/it]: 6.339477, current metric: 0.337038, best metric: 0.323567:  15%|█▍        | 3706/25000 [6:24:17<97:51:49, 16.54s/it] Epoch 24: average [s/it]: 6.339477, current metric: 0.337038, best metric: 0.323567:  15%|█▍        | 3707/25000 [6:24:18<70:52:46, 11.98s/it]Epoch 24: average [s/it]: 6.339477, current metric: 0.337038, best metric: 0.323567:  15%|█▍        | 3708/25000 [6:24:20<51:59:31,  8.79s/it]Epoch 24: average [s/it]: 6.339477, current metric: 0.337038, best metric: 0.323567:  15%|█▍        | 3709/25000 [6:24:21<38:46:09,  6.56s/it]Epoch 24: average [s/it]: 6.339477, current metric: 0.337038, best metric: 0.323567:  15%|█▍        | 3710/25000 [6:24:22<29:30:47,  4.99s/it]Epoch 24: average [s/it]: 6.339477, current metric: 0.337038, best metric: 0.323567:  15%|█▍        | 3711/25000 [6:24:24<23:02:08,  3.90s/it]Epoch 24: average [s/it]: 6.339477, current metric: 0.337038, best metric: 0.323567:  15%|█▍        | 3712/25000 [6:24:25<18:30:05,  3.13s/it]Epoch 24: average [s/it]: 6.339477, current metric: 0.337038, best metric: 0.323567:  15%|█▍        | 3713/25000 [6:24:26<15:19:36,  2.59s/it]Epoch 24: average [s/it]: 6.339477, current metric: 0.337038, best metric: 0.323567:  15%|█▍        | 3714/25000 [6:24:28<13:06:19,  2.22s/it]Epoch 24: average [s/it]: 6.339477, current metric: 0.337038, best metric: 0.323567:  15%|█▍        | 3715/25000 [6:24:29<11:33:01,  1.95s/it]Epoch 24: average [s/it]: 6.339477, current metric: 0.337038, best metric: 0.323567:  15%|█▍        | 3716/25000 [6:24:31<10:42:30,  1.81s/it]Epoch 24: average [s/it]: 6.339477, current metric: 0.337038, best metric: 0.323567:  15%|█▍        | 3717/25000 [6:24:32<9:52:24,  1.67s/it] Epoch 24: average [s/it]: 6.339477, current metric: 0.337038, best metric: 0.323567:  15%|█▍        | 3718/25000 [6:24:33<9:17:22,  1.57s/it]Epoch 24: average [s/it]: 6.339477, current metric: 0.337038, best metric: 0.323567:  15%|█▍        | 3719/25000 [6:24:35<8:52:44,  1.50s/it]Epoch 24: average [s/it]: 6.339477, current metric: 0.337038, best metric: 0.323567:  15%|█▍        | 3720/25000 [6:24:36<8:35:30,  1.45s/it]Epoch 24: average [s/it]: 6.339477, current metric: 0.337038, best metric: 0.323567:  15%|█▍        | 3721/25000 [6:25:44<126:18:08, 21.37s/it]Epoch 24: average [s/it]: 6.339477, current metric: 0.337038, best metric: 0.323567:  15%|█▍        | 3722/25000 [6:25:45<90:48:18, 15.36s/it] Epoch 24: average [s/it]: 6.339477, current metric: 0.337038, best metric: 0.323567:  15%|█▍        | 3723/25000 [6:25:47<65:56:06, 11.16s/it]Epoch 24: average [s/it]: 6.339477, current metric: 0.337038, best metric: 0.323567:  15%|█▍        | 3724/25000 [6:25:48<48:31:39,  8.21s/it]Epoch 24: average [s/it]: 6.339477, current metric: 0.337038, best metric: 0.323567:  15%|█▍        | 3725/25000 [6:25:49<36:20:29,  6.15s/it]Epoch 24: average [s/it]: 6.339477, current metric: 0.337038, best metric: 0.323567:  15%|█▍        | 3726/25000 [6:25:51<27:48:56,  4.71s/it]Epoch 24: average [s/it]: 6.339477, current metric: 0.337038, best metric: 0.323567:  15%|█▍        | 3727/25000 [6:25:52<21:50:43,  3.70s/it]Epoch 24: average [s/it]: 6.339477, current metric: 0.337038, best metric: 0.323567:  15%|█▍        | 3728/25000 [6:25:53<17:40:00,  2.99s/it]Epoch 24: average [s/it]: 6.339477, current metric: 0.337038, best metric: 0.323567:  15%|█▍        | 3729/25000 [6:25:55<14:45:14,  2.50s/it]Epoch 24: average [s/it]: 6.339477, current metric: 0.337038, best metric: 0.323567:  15%|█▍        | 3730/25000 [6:25:56<12:42:12,  2.15s/it]Epoch 24: average [s/it]: 6.339477, current metric: 0.337038, best metric: 0.323567:  15%|█▍        | 3731/25000 [6:25:57<11:15:57,  1.91s/it]Epoch 24: average [s/it]: 6.339477, current metric: 0.337038, best metric: 0.323567:  15%|█▍        | 3732/25000 [6:25:59<10:28:52,  1.77s/it]Epoch 24: average [s/it]: 6.339477, current metric: 0.337038, best metric: 0.323567:  15%|█▍        | 3733/25000 [6:26:00<9:42:41,  1.64s/it] Epoch 24: average [s/it]: 6.339477, current metric: 0.337038, best metric: 0.323567:  15%|█▍        | 3734/25000 [6:26:02<9:24:03,  1.59s/it]Epoch 24: average [s/it]: 6.339477, current metric: 0.337038, best metric: 0.323567:  15%|█▍        | 3735/25000 [6:26:03<8:57:15,  1.52s/it]Epoch 24: average [s/it]: 6.339477, current metric: 0.337038, best metric: 0.323567:  15%|█▍        | 3736/25000 [6:26:04<8:38:34,  1.46s/it]Epoch 24: average [s/it]: 6.339477, current metric: 0.337038, best metric: 0.323567:  15%|█▍        | 3737/25000 [6:26:34<59:33:44, 10.08s/it]Epoch 24: average [s/it]: 6.339477, current metric: 0.337038, best metric: 0.323567:  15%|█▍        | 3738/25000 [6:26:36<44:03:52,  7.46s/it]Epoch 24: average [s/it]: 6.339477, current metric: 0.337038, best metric: 0.323567:  15%|█▍        | 3739/25000 [6:26:37<33:13:00,  5.62s/it]Epoch 24: average [s/it]: 6.339477, current metric: 0.337038, best metric: 0.323567:  15%|█▍        | 3740/25000 [6:26:38<25:37:28,  4.34s/it]Epoch 24: average [s/it]: 6.339477, current metric: 0.337038, best metric: 0.323567:  15%|█▍        | 3741/25000 [6:26:40<20:18:38,  3.44s/it]Epoch 24: average [s/it]: 6.339477, current metric: 0.337038, best metric: 0.323567:  15%|█▍        | 3742/25000 [6:26:41<16:35:22,  2.81s/it]Epoch 24: average [s/it]: 6.339477, current metric: 0.337038, best metric: 0.323567:  15%|█▍        | 3743/25000 [6:26:42<13:59:08,  2.37s/it]Epoch 24: average [s/it]: 6.339477, current metric: 0.337038, best metric: 0.323567:  15%|█▍        | 3744/25000 [6:26:44<12:09:43,  2.06s/it]Epoch 24: average [s/it]: 6.339477, current metric: 0.337038, best metric: 0.323567:  15%|█▍        | 3745/25000 [6:26:45<10:53:14,  1.84s/it]Epoch 24: average [s/it]: 6.339477, current metric: 0.337038, best metric: 0.323567:  15%|█▍        | 3746/25000 [6:26:46<9:59:37,  1.69s/it] Epoch 24: average [s/it]: 6.339477, current metric: 0.337038, best metric: 0.323567:  15%|█▍        | 3747/25000 [6:26:48<9:31:51,  1.61s/it]Epoch 24: average [s/it]: 6.339477, current metric: 0.337038, best metric: 0.323567:  15%|█▍        | 3748/25000 [6:26:49<9:02:38,  1.53s/it]Epoch 24: average [s/it]: 6.339477, current metric: 0.337038, best metric: 0.323567:  15%|█▍        | 3749/25000 [6:26:51<8:42:16,  1.47s/it]Epoch 24: average [s/it]: 6.339477, current metric: 0.337038, best metric: 0.323567:  15%|█▌        | 3750/25000 [6:26:52<8:28:03,  1.43s/it]Epoch 24: average [s/it]: 6.339477, current metric: 0.337038, best metric: 0.323567:  15%|█▌        | 3751/25000 [6:26:53<8:17:59,  1.41s/it]Epoch 24: average [s/it]: 6.339477, current metric: 0.337038, best metric: 0.323567:  15%|█▌        | 3752/25000 [6:28:14<148:24:55, 25.15s/it]Epoch 24: average [s/it]: 6.339477, current metric: 0.337038, best metric: 0.323567:  15%|█▌        | 3753/25000 [6:28:15<106:15:40, 18.00s/it]Epoch 24: average [s/it]: 6.339477, current metric: 0.337038, best metric: 0.323567:  15%|█▌        | 3754/25000 [6:28:16<76:45:21, 13.01s/it] Epoch 24: average [s/it]: 6.339477, current metric: 0.337038, best metric: 0.323567:  15%|█▌        | 3755/25000 [6:28:18<56:05:54,  9.51s/it]Epoch 24: average [s/it]: 6.339477, current metric: 0.337038, best metric: 0.323567:  15%|█▌        | 3756/25000 [6:28:19<41:38:21,  7.06s/it]Epoch 24: average [s/it]: 6.339477, current metric: 0.337038, best metric: 0.323567:  15%|█▌        | 3757/25000 [6:28:20<31:31:06,  5.34s/it]Epoch 24: average [s/it]: 6.339477, current metric: 0.337038, best metric: 0.323567:  15%|█▌        | 3758/25000 [6:28:22<24:26:03,  4.14s/it]Epoch 24: average [s/it]: 6.339477, current metric: 0.337038, best metric: 0.323567:  15%|█▌        | 3759/25000 [6:28:23<19:28:35,  3.30s/it]Epoch 24: average [s/it]: 6.339477, current metric: 0.337038, best metric: 0.323567:  15%|█▌        | 3760/25000 [6:28:25<16:00:19,  2.71s/it]Epoch 24: average [s/it]: 6.339477, current metric: 0.337038, best metric: 0.323567:  15%|█▌        | 3761/25000 [6:28:26<13:48:42,  2.34s/it]Epoch 24: average [s/it]: 6.339477, current metric: 0.337038, best metric: 0.323567:  15%|█▌        | 3762/25000 [6:28:27<12:02:26,  2.04s/it]Epoch 24: average [s/it]: 6.339477, current metric: 0.337038, best metric: 0.323567:  15%|█▌        | 3763/25000 [6:28:29<10:48:06,  1.83s/it]Epoch 24: average [s/it]: 6.339477, current metric: 0.337038, best metric: 0.323567:  15%|█▌        | 3764/25000 [6:28:30<9:56:01,  1.68s/it] Epoch 24: average [s/it]: 6.339477, current metric: 0.337038, best metric: 0.323567:  15%|█▌        | 3765/25000 [6:28:31<9:19:28,  1.58s/it]Epoch 24: average [s/it]: 6.339477, current metric: 0.337038, best metric: 0.323567:  15%|█▌        | 3766/25000 [6:28:33<8:53:54,  1.51s/it]Epoch 24: average [s/it]: 6.339477, current metric: 0.337038, best metric: 0.323567:  15%|█▌        | 3767/25000 [6:28:34<8:35:54,  1.46s/it]Epoch 24: average [s/it]: 6.339477, current metric: 0.337038, best metric: 0.323567:  15%|█▌        | 3768/25000 [6:29:06<63:13:15, 10.72s/it]Epoch 24: average [s/it]: 6.339477, current metric: 0.337038, best metric: 0.323567:  15%|█▌        | 3769/25000 [6:29:08<46:37:32,  7.91s/it]Epoch 24: average [s/it]: 6.339477, current metric: 0.337038, best metric: 0.323567:  15%|█▌        | 3770/25000 [6:29:09<35:00:26,  5.94s/it]Epoch 24: average [s/it]: 6.339477, current metric: 0.337038, best metric: 0.323567:  15%|█▌        | 3771/25000 [6:29:10<26:52:26,  4.56s/it]Epoch 24: average [s/it]: 6.339477, current metric: 0.337038, best metric: 0.323567:  15%|█▌        | 3772/25000 [6:29:28<49:52:12,  8.46s/it]Epoch 24: average [s/it]: 6.339477, current metric: 0.337038, best metric: 0.323567:  15%|█▌        | 3773/25000 [6:29:29<37:16:40,  6.32s/it]Epoch 24: average [s/it]: 6.339477, current metric: 0.337038, best metric: 0.323567:  15%|█▌        | 3774/25000 [6:29:56<72:46:52, 12.34s/it]Epoch 24: average [s/it]: 6.339477, current metric: 0.337038, best metric: 0.323567:  15%|█▌        | 3775/25000 [6:29:57<53:28:38,  9.07s/it]Epoch 24: average [s/it]: 6.339477, current metric: 0.337038, best metric: 0.323567:  15%|█▌        | 3776/25000 [6:29:58<39:48:13,  6.75s/it]Epoch 24: average [s/it]: 6.339477, current metric: 0.337038, best metric: 0.323567:  15%|█▌        | 3777/25000 [6:30:00<30:13:52,  5.13s/it]Epoch 24: average [s/it]: 6.339477, current metric: 0.337038, best metric: 0.323567:  15%|█▌        | 3778/25000 [6:30:01<23:31:54,  3.99s/it]Epoch 24: average [s/it]: 6.339477, current metric: 0.337038, best metric: 0.323567:  15%|█▌        | 3779/25000 [6:30:02<18:50:34,  3.20s/it]Epoch 24: average [s/it]: 6.339477, current metric: 0.337038, best metric: 0.323567:  15%|█▌        | 3780/25000 [6:30:04<15:33:33,  2.64s/it]Epoch 24: average [s/it]: 6.339477, current metric: 0.337038, best metric: 0.323567:  15%|█▌        | 3781/25000 [6:30:05<13:15:55,  2.25s/it]Epoch 24: average [s/it]: 6.339477, current metric: 0.337038, best metric: 0.323567:  15%|█▌        | 3782/25000 [6:30:06<11:39:18,  1.98s/it]Epoch 24: average [s/it]: 6.339477, current metric: 0.337038, best metric: 0.323567:  15%|█▌        | 3783/25000 [6:30:08<10:31:38,  1.79s/it]Epoch 24: average [s/it]: 6.339477, current metric: 0.337038, best metric: 0.323567:  15%|█▌        | 3784/25000 [6:30:29<44:56:25,  7.63s/it]Epoch 24: average [s/it]: 6.339477, current metric: 0.337038, best metric: 0.323567:  15%|█▌        | 3785/25000 [6:30:30<33:49:38,  5.74s/it]Epoch 24: average [s/it]: 6.339477, current metric: 0.337038, best metric: 0.323567:  15%|█▌        | 3786/25000 [6:30:32<26:02:55,  4.42s/it]Epoch 24: average [s/it]: 6.339477, current metric: 0.337038, best metric: 0.323567:  15%|█▌        | 3787/25000 [6:30:33<20:36:04,  3.50s/it]Epoch 24: average [s/it]: 6.339477, current metric: 0.337038, best metric: 0.323567:  15%|█▌        | 3788/25000 [6:30:34<16:47:13,  2.85s/it]Epoch 24: average [s/it]: 6.339477, current metric: 0.337038, best metric: 0.323567:  15%|█▌        | 3789/25000 [6:30:36<14:07:10,  2.40s/it]Epoch 24: average [s/it]: 6.339477, current metric: 0.337038, best metric: 0.323567:  15%|█▌        | 3790/25000 [6:32:49<245:27:16, 41.66s/it]Epoch 24: average [s/it]: 6.339477, current metric: 0.337038, best metric: 0.323567:  15%|█▌        | 3791/25000 [6:32:50<174:12:20, 29.57s/it]Epoch 24: average [s/it]: 6.339477, current metric: 0.337038, best metric: 0.323567:  15%|█▌        | 3792/25000 [6:32:52<124:18:47, 21.10s/it]Epoch 24: average [s/it]: 6.339477, current metric: 0.337038, best metric: 0.323567:  15%|█▌        | 3793/25000 [6:32:53<89:23:21, 15.17s/it] Epoch 24: average [s/it]: 6.339477, current metric: 0.337038, best metric: 0.323567:  15%|█▌        | 3794/25000 [6:32:54<64:56:40, 11.03s/it]Epoch 24: average [s/it]: 6.339477, current metric: 0.337038, best metric: 0.323567:  15%|█▌        | 3795/25000 [6:32:56<47:49:49,  8.12s/it]Epoch 24: average [s/it]: 6.339477, current metric: 0.337038, best metric: 0.323567:  15%|█▌        | 3796/25000 [6:32:57<35:51:01,  6.09s/it]Epoch 24: average [s/it]: 6.339477, current metric: 0.337038, best metric: 0.323567:  15%|█▌        | 3797/25000 [6:32:58<27:27:51,  4.66s/it]Epoch 24: average [s/it]: 6.339477, current metric: 0.337038, best metric: 0.323567:  15%|█▌        | 3798/25000 [6:33:00<21:35:44,  3.67s/it]Epoch 24: average [s/it]: 6.339477, current metric: 0.337038, best metric: 0.323567:  15%|█▌        | 3799/25000 [6:33:01<17:29:18,  2.97s/it]Epoch 24: average [s/it]: 6.339477, current metric: 0.337038, best metric: 0.323567:  15%|█▌        | 3800/25000 [6:33:02<14:36:47,  2.48s/it]Epoch 24: average [s/it]: 6.339477, current metric: 0.337038, best metric: 0.323567:  15%|█▌        | 3801/25000 [6:33:04<13:20:22,  2.27s/it]Epoch 24: average [s/it]: 6.339477, current metric: 0.337038, best metric: 0.323567:  15%|█▌        | 3802/25000 [6:33:06<12:01:25,  2.04s/it]Epoch 24: average [s/it]: 6.339477, current metric: 0.337038, best metric: 0.323567:  15%|█▌        | 3803/25000 [6:33:07<10:47:06,  1.83s/it]Epoch 24: average [s/it]: 6.339477, current metric: 0.337038, best metric: 0.323567:  15%|█▌        | 3804/25000 [6:33:08<9:55:13,  1.68s/it] Epoch 24: average [s/it]: 6.339477, current metric: 0.337038, best metric: 0.323567:  15%|█▌        | 3805/25000 [6:33:10<9:19:16,  1.58s/it]Epoch 24: average [s/it]: 6.339477, current metric: 0.337038, best metric: 0.323567:  15%|█▌        | 3806/25000 [6:34:55<192:09:36, 32.64s/it]Epoch 24: average [s/it]: 6.339477, current metric: 0.337038, best metric: 0.323567:  15%|█▌        | 3807/25000 [6:34:56<136:53:21, 23.25s/it]Epoch 24: average [s/it]: 6.339477, current metric: 0.337038, best metric: 0.323567:  15%|█▌        | 3808/25000 [6:34:58<98:10:59, 16.68s/it] Epoch 24: average [s/it]: 6.339477, current metric: 0.337038, best metric: 0.323567:  15%|█▌        | 3809/25000 [6:34:59<71:05:24, 12.08s/it]Epoch 24: average [s/it]: 6.339477, current metric: 0.337038, best metric: 0.323567:  15%|█▌        | 3810/25000 [6:35:00<52:07:29,  8.86s/it]Epoch 24: average [s/it]: 6.339477, current metric: 0.337038, best metric: 0.323567:  15%|█▌        | 3811/25000 [6:35:02<38:51:00,  6.60s/it]Epoch 24: average [s/it]: 6.339477, current metric: 0.337038, best metric: 0.323567:  15%|█▌        | 3812/25000 [6:35:03<29:33:27,  5.02s/it]Epoch 24: average [s/it]: 6.339477, current metric: 0.337038, best metric: 0.323567:  15%|█▌        | 3813/25000 [6:35:04<23:03:13,  3.92s/it]Epoch 24: average [s/it]: 6.339477, current metric: 0.337038, best metric: 0.323567:  15%|█▌        | 3814/25000 [6:35:06<18:30:00,  3.14s/it]Epoch 24: average [s/it]: 6.339477, current metric: 0.337038, best metric: 0.323567:  15%|█▌        | 3815/25000 [6:35:07<15:18:44,  2.60s/it]Epoch 24: average [s/it]: 6.339477, current metric: 0.337038, best metric: 0.323567:  15%|█▌        | 3816/25000 [6:35:08<13:04:52,  2.22s/it]Epoch 24: average [s/it]: 6.339477, current metric: 0.337038, best metric: 0.323567:  15%|█▌        | 3817/25000 [6:35:10<11:31:11,  1.96s/it]Epoch 24: average [s/it]: 6.339477, current metric: 0.337038, best metric: 0.323567:  15%|█▌        | 3818/25000 [6:35:11<10:25:37,  1.77s/it]Epoch 24: average [s/it]: 6.339477, current metric: 0.337038, best metric: 0.323567:  15%|█▌        | 3819/25000 [6:35:12<9:39:41,  1.64s/it] Epoch 24: average [s/it]: 6.339477, current metric: 0.337038, best metric: 0.323567:  15%|█▌        | 3820/25000 [6:35:14<9:07:33,  1.55s/it]Epoch 24: average [s/it]: 6.339477, current metric: 0.337038, best metric: 0.323567:  15%|█▌        | 3821/25000 [6:35:15<8:45:03,  1.49s/it]Epoch 24: average [s/it]: 6.339477, current metric: 0.337038, best metric: 0.323567:  15%|█▌        | 3822/25000 [6:36:58<188:42:24, 32.08s/it]Epoch 24: average [s/it]: 6.339477, current metric: 0.337038, best metric: 0.323567:  15%|█▌        | 3823/25000 [6:37:00<134:28:14, 22.86s/it]Epoch 24: average [s/it]: 6.339477, current metric: 0.337038, best metric: 0.323567:  15%|█▌        | 3824/25000 [6:37:01<96:29:20, 16.40s/it] Epoch 24: average [s/it]: 6.339477, current metric: 0.337038, best metric: 0.323567:  15%|█▌        | 3825/25000 [6:37:02<69:54:10, 11.88s/it]Epoch 25: average [s/it]: 6.821410, current metric: 0.328368, best metric: 0.323567:  15%|█▌        | 3825/25000 [6:41:15<69:54:10, 11.88s/it]Epoch 25: average [s/it]: 6.821410, current metric: 0.328368, best metric: 0.323567:  15%|█▌        | 3826/25000 [6:42:01<576:29:15, 98.01s/it]Epoch 25: average [s/it]: 6.821410, current metric: 0.328368, best metric: 0.323567:  15%|█▌        | 3827/25000 [6:42:03<405:53:19, 69.01s/it]Epoch 25: average [s/it]: 6.821410, current metric: 0.328368, best metric: 0.323567:  15%|█▌        | 3828/25000 [6:42:57<379:28:49, 64.53s/it]Epoch 25: average [s/it]: 6.821410, current metric: 0.328368, best metric: 0.323567:  15%|█▌        | 3829/25000 [6:42:58<267:59:14, 45.57s/it]Epoch 25: average [s/it]: 6.821410, current metric: 0.328368, best metric: 0.323567:  15%|█▌        | 3830/25000 [6:43:00<189:56:38, 32.30s/it]Epoch 25: average [s/it]: 6.821410, current metric: 0.328368, best metric: 0.323567:  15%|█▌        | 3831/25000 [6:43:01<135:19:01, 23.01s/it]Epoch 25: average [s/it]: 6.821410, current metric: 0.328368, best metric: 0.323567:  15%|█▌        | 3832/25000 [6:43:02<97:04:48, 16.51s/it] Epoch 25: average [s/it]: 6.821410, current metric: 0.328368, best metric: 0.323567:  15%|█▌        | 3833/25000 [6:43:04<70:18:56, 11.96s/it]Epoch 25: average [s/it]: 6.821410, current metric: 0.328368, best metric: 0.323567:  15%|█▌        | 3834/25000 [6:43:05<51:34:50,  8.77s/it]Epoch 25: average [s/it]: 6.821410, current metric: 0.328368, best metric: 0.323567:  15%|█▌        | 3835/25000 [6:43:43<102:59:20, 17.52s/it]Epoch 25: average [s/it]: 6.821410, current metric: 0.328368, best metric: 0.323567:  15%|█▌        | 3836/25000 [6:43:44<74:27:06, 12.66s/it] Epoch 25: average [s/it]: 6.821410, current metric: 0.328368, best metric: 0.323567:  15%|█▌        | 3837/25000 [6:43:46<54:28:33,  9.27s/it]Epoch 25: average [s/it]: 6.821410, current metric: 0.328368, best metric: 0.323567:  15%|█▌        | 3838/25000 [6:43:47<40:29:36,  6.89s/it]Epoch 25: average [s/it]: 6.821410, current metric: 0.328368, best metric: 0.323567:  15%|█▌        | 3839/25000 [6:43:48<30:42:22,  5.22s/it]Epoch 25: average [s/it]: 6.821410, current metric: 0.328368, best metric: 0.323567:  15%|█▌        | 3840/25000 [6:43:50<23:51:22,  4.06s/it]Epoch 25: average [s/it]: 6.821410, current metric: 0.328368, best metric: 0.323567:  15%|█▌        | 3841/25000 [6:43:51<19:03:35,  3.24s/it]Epoch 25: average [s/it]: 6.821410, current metric: 0.328368, best metric: 0.323567:  15%|█▌        | 3842/25000 [6:43:52<15:42:13,  2.67s/it]Epoch 25: average [s/it]: 6.821410, current metric: 0.328368, best metric: 0.323567:  15%|█▌        | 3843/25000 [6:43:54<13:21:22,  2.27s/it]Epoch 25: average [s/it]: 6.821410, current metric: 0.328368, best metric: 0.323567:  15%|█▌        | 3844/25000 [6:43:55<11:42:38,  1.99s/it]Epoch 25: average [s/it]: 6.821410, current metric: 0.328368, best metric: 0.323567:  15%|█▌        | 3845/25000 [6:44:42<91:10:06, 15.51s/it]Epoch 25: average [s/it]: 6.821410, current metric: 0.328368, best metric: 0.323567:  15%|█▌        | 3846/25000 [6:44:43<66:11:54, 11.27s/it]Epoch 25: average [s/it]: 6.821410, current metric: 0.328368, best metric: 0.323567:  15%|█▌        | 3847/25000 [6:44:45<48:42:22,  8.29s/it]Epoch 25: average [s/it]: 6.821410, current metric: 0.328368, best metric: 0.323567:  15%|█▌        | 3848/25000 [6:44:46<36:27:31,  6.21s/it]Epoch 25: average [s/it]: 6.821410, current metric: 0.328368, best metric: 0.323567:  15%|█▌        | 3849/25000 [6:44:47<27:53:31,  4.75s/it]Epoch 25: average [s/it]: 6.821410, current metric: 0.328368, best metric: 0.323567:  15%|█▌        | 3850/25000 [6:44:49<21:53:37,  3.73s/it]Epoch 25: average [s/it]: 6.821410, current metric: 0.328368, best metric: 0.323567:  15%|█▌        | 3851/25000 [6:44:50<17:41:23,  3.01s/it]Epoch 25: average [s/it]: 6.821410, current metric: 0.328368, best metric: 0.323567:  15%|█▌        | 3852/25000 [6:44:51<14:44:38,  2.51s/it]Epoch 25: average [s/it]: 6.821410, current metric: 0.328368, best metric: 0.323567:  15%|█▌        | 3853/25000 [6:44:53<12:41:15,  2.16s/it]Epoch 25: average [s/it]: 6.821410, current metric: 0.328368, best metric: 0.323567:  15%|█▌        | 3854/25000 [6:44:54<11:41:41,  1.99s/it]Epoch 25: average [s/it]: 6.821410, current metric: 0.328368, best metric: 0.323567:  15%|█▌        | 3855/25000 [6:44:56<10:33:08,  1.80s/it]Epoch 25: average [s/it]: 6.821410, current metric: 0.328368, best metric: 0.323567:  15%|█▌        | 3856/25000 [6:44:57<9:45:01,  1.66s/it] Epoch 25: average [s/it]: 6.821410, current metric: 0.328368, best metric: 0.323567:  15%|█▌        | 3857/25000 [6:44:58<9:11:27,  1.56s/it]Epoch 25: average [s/it]: 6.821410, current metric: 0.328368, best metric: 0.323567:  15%|█▌        | 3858/25000 [6:45:00<9:04:38,  1.55s/it]Epoch 25: average [s/it]: 6.821410, current metric: 0.328368, best metric: 0.323567:  15%|█▌        | 3859/25000 [6:45:01<8:43:16,  1.49s/it]Epoch 25: average [s/it]: 6.821410, current metric: 0.328368, best metric: 0.323567:  15%|█▌        | 3860/25000 [6:45:03<8:28:26,  1.44s/it]Epoch 25: average [s/it]: 6.821410, current metric: 0.328368, best metric: 0.323567:  15%|█▌        | 3861/25000 [6:45:04<8:25:00,  1.43s/it]Epoch 25: average [s/it]: 6.821410, current metric: 0.328368, best metric: 0.323567:  15%|█▌        | 3862/25000 [6:45:12<20:41:17,  3.52s/it]Epoch 25: average [s/it]: 6.821410, current metric: 0.328368, best metric: 0.323567:  15%|█▌        | 3863/25000 [6:45:14<16:51:03,  2.87s/it]Epoch 25: average [s/it]: 6.821410, current metric: 0.328368, best metric: 0.323567:  15%|█▌        | 3864/25000 [6:45:15<14:09:46,  2.41s/it]Epoch 25: average [s/it]: 6.821410, current metric: 0.328368, best metric: 0.323567:  15%|█▌        | 3865/25000 [6:45:16<12:16:48,  2.09s/it]Epoch 25: average [s/it]: 6.821410, current metric: 0.328368, best metric: 0.323567:  15%|█▌        | 3866/25000 [6:45:18<10:57:57,  1.87s/it]Epoch 25: average [s/it]: 6.821410, current metric: 0.328368, best metric: 0.323567:  15%|█▌        | 3867/25000 [6:47:27<234:40:41, 39.98s/it]Epoch 25: average [s/it]: 6.821410, current metric: 0.328368, best metric: 0.323567:  15%|█▌        | 3868/25000 [6:47:28<166:37:39, 28.39s/it]Epoch 25: average [s/it]: 6.821410, current metric: 0.328368, best metric: 0.323567:  15%|█▌        | 3869/25000 [6:47:29<118:59:29, 20.27s/it]Epoch 25: average [s/it]: 6.821410, current metric: 0.328368, best metric: 0.323567:  15%|█▌        | 3870/25000 [6:47:31<85:39:06, 14.59s/it] Epoch 25: average [s/it]: 6.821410, current metric: 0.328368, best metric: 0.323567:  15%|█▌        | 3871/25000 [6:47:32<62:18:46, 10.62s/it]Epoch 25: average [s/it]: 6.821410, current metric: 0.328368, best metric: 0.323567:  15%|█▌        | 3872/25000 [6:47:33<45:58:35,  7.83s/it]Epoch 25: average [s/it]: 6.821410, current metric: 0.328368, best metric: 0.323567:  15%|█▌        | 3873/25000 [6:47:35<34:32:38,  5.89s/it]Epoch 25: average [s/it]: 6.821410, current metric: 0.328368, best metric: 0.323567:  15%|█▌        | 3874/25000 [6:47:36<26:32:25,  4.52s/it]Epoch 25: average [s/it]: 6.821410, current metric: 0.328368, best metric: 0.323567:  16%|█▌        | 3875/25000 [6:47:37<20:56:23,  3.57s/it]Epoch 25: average [s/it]: 6.821410, current metric: 0.328368, best metric: 0.323567:  16%|█▌        | 3876/25000 [6:47:39<17:01:15,  2.90s/it]Epoch 25: average [s/it]: 6.821410, current metric: 0.328368, best metric: 0.323567:  16%|█▌        | 3877/25000 [6:47:40<14:16:27,  2.43s/it]Epoch 25: average [s/it]: 6.821410, current metric: 0.328368, best metric: 0.323567:  16%|█▌        | 3878/25000 [6:47:41<12:20:59,  2.10s/it]Epoch 25: average [s/it]: 6.821410, current metric: 0.328368, best metric: 0.323567:  16%|█▌        | 3879/25000 [6:47:43<11:00:17,  1.88s/it]Epoch 25: average [s/it]: 6.821410, current metric: 0.328368, best metric: 0.323567:  16%|█▌        | 3880/25000 [6:47:44<10:03:49,  1.72s/it]Epoch 25: average [s/it]: 6.821410, current metric: 0.328368, best metric: 0.323567:  16%|█▌        | 3881/25000 [6:47:45<9:24:03,  1.60s/it] Epoch 25: average [s/it]: 6.821410, current metric: 0.328368, best metric: 0.323567:  16%|█▌        | 3882/25000 [6:47:47<8:56:22,  1.52s/it]Epoch 25: average [s/it]: 6.821410, current metric: 0.328368, best metric: 0.323567:  16%|█▌        | 3883/25000 [6:48:25<73:40:11, 12.56s/it]Epoch 25: average [s/it]: 6.821410, current metric: 0.328368, best metric: 0.323567:  16%|█▌        | 3884/25000 [6:48:26<53:55:33,  9.19s/it]Epoch 25: average [s/it]: 6.821410, current metric: 0.328368, best metric: 0.323567:  16%|█▌        | 3885/25000 [6:48:28<40:06:06,  6.84s/it]Epoch 25: average [s/it]: 6.821410, current metric: 0.328368, best metric: 0.323567:  16%|█▌        | 3886/25000 [6:48:29<30:25:31,  5.19s/it]Epoch 25: average [s/it]: 6.821410, current metric: 0.328368, best metric: 0.323567:  16%|█▌        | 3887/25000 [6:48:30<23:39:12,  4.03s/it]Epoch 25: average [s/it]: 6.821410, current metric: 0.328368, best metric: 0.323567:  16%|█▌        | 3888/25000 [6:48:32<18:54:41,  3.22s/it]Epoch 25: average [s/it]: 6.821410, current metric: 0.328368, best metric: 0.323567:  16%|█▌        | 3889/25000 [6:48:33<15:35:34,  2.66s/it]Epoch 25: average [s/it]: 6.821410, current metric: 0.328368, best metric: 0.323567:  16%|█▌        | 3890/25000 [6:48:34<13:16:15,  2.26s/it]Epoch 25: average [s/it]: 6.821410, current metric: 0.328368, best metric: 0.323567:  16%|█▌        | 3891/25000 [6:48:36<11:38:42,  1.99s/it]Epoch 25: average [s/it]: 6.821410, current metric: 0.328368, best metric: 0.323567:  16%|█▌        | 3892/25000 [6:48:37<10:30:34,  1.79s/it]Epoch 25: average [s/it]: 6.821410, current metric: 0.328368, best metric: 0.323567:  16%|█▌        | 3893/25000 [6:48:38<9:42:49,  1.66s/it] Epoch 25: average [s/it]: 6.821410, current metric: 0.328368, best metric: 0.323567:  16%|█▌        | 3894/25000 [6:48:40<9:09:19,  1.56s/it]Epoch 25: average [s/it]: 6.821410, current metric: 0.328368, best metric: 0.323567:  16%|█▌        | 3895/25000 [6:48:41<8:45:43,  1.49s/it]Epoch 25: average [s/it]: 6.821410, current metric: 0.328368, best metric: 0.323567:  16%|█▌        | 3896/25000 [6:48:42<8:29:17,  1.45s/it]Epoch 25: average [s/it]: 6.821410, current metric: 0.328368, best metric: 0.323567:  16%|█▌        | 3897/25000 [6:48:44<8:17:49,  1.42s/it]Epoch 25: average [s/it]: 6.821410, current metric: 0.328368, best metric: 0.323567:  16%|█▌        | 3898/25000 [6:48:45<8:09:48,  1.39s/it]Epoch 25: average [s/it]: 6.821410, current metric: 0.328368, best metric: 0.323567:  16%|█▌        | 3899/25000 [6:49:09<47:30:43,  8.11s/it]Epoch 25: average [s/it]: 6.821410, current metric: 0.328368, best metric: 0.323567:  16%|█▌        | 3900/25000 [6:49:10<35:36:53,  6.08s/it]Epoch 25: average [s/it]: 6.821410, current metric: 0.328368, best metric: 0.323567:  16%|█▌        | 3901/25000 [6:49:12<27:53:46,  4.76s/it]Epoch 25: average [s/it]: 6.821410, current metric: 0.328368, best metric: 0.323567:  16%|█▌        | 3902/25000 [6:49:13<22:02:11,  3.76s/it]Epoch 25: average [s/it]: 6.821410, current metric: 0.328368, best metric: 0.323567:  16%|█▌        | 3903/25000 [6:49:15<17:47:05,  3.03s/it]Epoch 25: average [s/it]: 6.821410, current metric: 0.328368, best metric: 0.323567:  16%|█▌        | 3904/25000 [6:49:20<21:04:38,  3.60s/it]Epoch 25: average [s/it]: 6.821410, current metric: 0.328368, best metric: 0.323567:  16%|█▌        | 3905/25000 [6:49:21<17:06:35,  2.92s/it]Epoch 25: average [s/it]: 6.821410, current metric: 0.328368, best metric: 0.323567:  16%|█▌        | 3906/25000 [6:50:01<82:44:35, 14.12s/it]Epoch 25: average [s/it]: 6.821410, current metric: 0.328368, best metric: 0.323567:  16%|█▌        | 3907/25000 [6:50:03<60:16:21, 10.29s/it]Epoch 25: average [s/it]: 6.821410, current metric: 0.328368, best metric: 0.323567:  16%|█▌        | 3908/25000 [6:50:04<44:32:37,  7.60s/it]Epoch 25: average [s/it]: 6.821410, current metric: 0.328368, best metric: 0.323567:  16%|█▌        | 3909/25000 [6:50:05<33:32:04,  5.72s/it]Epoch 25: average [s/it]: 6.821410, current metric: 0.328368, best metric: 0.323567:  16%|█▌        | 3910/25000 [6:50:07<25:49:46,  4.41s/it]Epoch 25: average [s/it]: 6.821410, current metric: 0.328368, best metric: 0.323567:  16%|█▌        | 3911/25000 [6:50:08<20:26:03,  3.49s/it]Epoch 25: average [s/it]: 6.821410, current metric: 0.328368, best metric: 0.323567:  16%|█▌        | 3912/25000 [6:50:09<16:39:27,  2.84s/it]Epoch 25: average [s/it]: 6.821410, current metric: 0.328368, best metric: 0.323567:  16%|█▌        | 3913/25000 [6:50:11<14:00:50,  2.39s/it]Epoch 25: average [s/it]: 6.821410, current metric: 0.328368, best metric: 0.323567:  16%|█▌        | 3914/25000 [6:50:12<12:09:52,  2.08s/it]Epoch 25: average [s/it]: 6.821410, current metric: 0.328368, best metric: 0.323567:  16%|█▌        | 3915/25000 [6:50:18<19:04:19,  3.26s/it]Epoch 25: average [s/it]: 6.821410, current metric: 0.328368, best metric: 0.323567:  16%|█▌        | 3916/25000 [6:50:19<15:42:14,  2.68s/it]Epoch 25: average [s/it]: 6.821410, current metric: 0.328368, best metric: 0.323567:  16%|█▌        | 3917/25000 [6:50:28<27:06:13,  4.63s/it]Epoch 25: average [s/it]: 6.821410, current metric: 0.328368, best metric: 0.323567:  16%|█▌        | 3918/25000 [6:50:30<21:23:34,  3.65s/it]Epoch 25: average [s/it]: 6.821410, current metric: 0.328368, best metric: 0.323567:  16%|█▌        | 3919/25000 [6:50:31<17:19:35,  2.96s/it]Epoch 25: average [s/it]: 6.821410, current metric: 0.328368, best metric: 0.323567:  16%|█▌        | 3920/25000 [6:50:56<55:46:03,  9.52s/it]Epoch 25: average [s/it]: 6.821410, current metric: 0.328368, best metric: 0.323567:  16%|█▌        | 3921/25000 [6:50:57<41:23:30,  7.07s/it]Epoch 25: average [s/it]: 6.821410, current metric: 0.328368, best metric: 0.323567:  16%|█▌        | 3922/25000 [6:50:59<31:19:41,  5.35s/it]Epoch 25: average [s/it]: 6.821410, current metric: 0.328368, best metric: 0.323567:  16%|█▌        | 3923/25000 [6:51:00<24:17:00,  4.15s/it]Epoch 25: average [s/it]: 6.821410, current metric: 0.328368, best metric: 0.323567:  16%|█▌        | 3924/25000 [6:52:05<131:52:28, 22.53s/it]Epoch 25: average [s/it]: 6.821410, current metric: 0.328368, best metric: 0.323567:  16%|█▌        | 3925/25000 [6:52:07<94:39:44, 16.17s/it] Epoch 25: average [s/it]: 6.821410, current metric: 0.328368, best metric: 0.323567:  16%|█▌        | 3926/25000 [6:52:08<68:36:48, 11.72s/it]Epoch 25: average [s/it]: 6.821410, current metric: 0.328368, best metric: 0.323567:  16%|█▌        | 3927/25000 [6:52:09<50:22:52,  8.61s/it]Epoch 25: average [s/it]: 6.821410, current metric: 0.328368, best metric: 0.323567:  16%|█▌        | 3928/25000 [6:52:11<37:37:03,  6.43s/it]Epoch 25: average [s/it]: 6.821410, current metric: 0.328368, best metric: 0.323567:  16%|█▌        | 3929/25000 [6:52:12<28:41:45,  4.90s/it]Epoch 25: average [s/it]: 6.821410, current metric: 0.328368, best metric: 0.323567:  16%|█▌        | 3930/25000 [6:52:13<22:26:17,  3.83s/it]Epoch 25: average [s/it]: 6.821410, current metric: 0.328368, best metric: 0.323567:  16%|█▌        | 3931/25000 [6:52:15<18:03:32,  3.09s/it]Epoch 25: average [s/it]: 6.821410, current metric: 0.328368, best metric: 0.323567:  16%|█▌        | 3932/25000 [6:52:16<15:00:05,  2.56s/it]Epoch 25: average [s/it]: 6.821410, current metric: 0.328368, best metric: 0.323567:  16%|█▌        | 3933/25000 [6:52:17<12:51:08,  2.20s/it]Epoch 25: average [s/it]: 6.821410, current metric: 0.328368, best metric: 0.323567:  16%|█▌        | 3934/25000 [6:52:19<11:20:59,  1.94s/it]Epoch 25: average [s/it]: 6.821410, current metric: 0.328368, best metric: 0.323567:  16%|█▌        | 3935/25000 [6:52:20<10:17:54,  1.76s/it]Epoch 25: average [s/it]: 6.821410, current metric: 0.328368, best metric: 0.323567:  16%|█▌        | 3936/25000 [6:52:22<9:33:34,  1.63s/it] Epoch 25: average [s/it]: 6.821410, current metric: 0.328368, best metric: 0.323567:  16%|█▌        | 3937/25000 [6:52:23<9:02:37,  1.55s/it]Epoch 25: average [s/it]: 6.821410, current metric: 0.328368, best metric: 0.323567:  16%|█▌        | 3938/25000 [6:52:24<8:40:42,  1.48s/it]Epoch 25: average [s/it]: 6.821410, current metric: 0.328368, best metric: 0.323567:  16%|█▌        | 3939/25000 [6:52:26<8:25:37,  1.44s/it]Epoch 25: average [s/it]: 6.821410, current metric: 0.328368, best metric: 0.323567:  16%|█▌        | 3940/25000 [6:53:08<81:03:35, 13.86s/it]Epoch 25: average [s/it]: 6.821410, current metric: 0.328368, best metric: 0.323567:  16%|█▌        | 3941/25000 [6:53:10<59:05:28, 10.10s/it]Epoch 25: average [s/it]: 6.821410, current metric: 0.328368, best metric: 0.323567:  16%|█▌        | 3942/25000 [6:53:11<43:49:32,  7.49s/it]Epoch 25: average [s/it]: 6.821410, current metric: 0.328368, best metric: 0.323567:  16%|█▌        | 3943/25000 [6:53:12<33:01:33,  5.65s/it]Epoch 25: average [s/it]: 6.821410, current metric: 0.328368, best metric: 0.323567:  16%|█▌        | 3944/25000 [6:53:14<25:28:13,  4.35s/it]Epoch 25: average [s/it]: 6.821410, current metric: 0.328368, best metric: 0.323567:  16%|█▌        | 3945/25000 [6:53:15<20:10:57,  3.45s/it]Epoch 25: average [s/it]: 6.821410, current metric: 0.328368, best metric: 0.323567:  16%|█▌        | 3946/25000 [6:53:16<16:28:46,  2.82s/it]Epoch 25: average [s/it]: 6.821410, current metric: 0.328368, best metric: 0.323567:  16%|█▌        | 3947/25000 [6:53:18<13:53:07,  2.37s/it]Epoch 25: average [s/it]: 6.821410, current metric: 0.328368, best metric: 0.323567:  16%|█▌        | 3948/25000 [6:53:19<12:03:58,  2.06s/it]Epoch 25: average [s/it]: 6.821410, current metric: 0.328368, best metric: 0.323567:  16%|█▌        | 3949/25000 [6:53:20<10:47:42,  1.85s/it]Epoch 25: average [s/it]: 6.821410, current metric: 0.328368, best metric: 0.323567:  16%|█▌        | 3950/25000 [6:53:22<9:54:17,  1.69s/it] Epoch 25: average [s/it]: 6.821410, current metric: 0.328368, best metric: 0.323567:  16%|█▌        | 3951/25000 [6:53:23<9:25:41,  1.61s/it]Epoch 25: average [s/it]: 6.821410, current metric: 0.328368, best metric: 0.323567:  16%|█▌        | 3952/25000 [6:53:25<8:56:55,  1.53s/it]Epoch 25: average [s/it]: 6.821410, current metric: 0.328368, best metric: 0.323567:  16%|█▌        | 3953/25000 [6:53:26<8:36:42,  1.47s/it]Epoch 25: average [s/it]: 6.821410, current metric: 0.328368, best metric: 0.323567:  16%|█▌        | 3954/25000 [6:53:27<8:22:38,  1.43s/it]Epoch 25: average [s/it]: 6.821410, current metric: 0.328368, best metric: 0.323567:  16%|█▌        | 3955/25000 [6:53:29<8:12:41,  1.40s/it]Epoch 25: average [s/it]: 6.821410, current metric: 0.328368, best metric: 0.323567:  16%|█▌        | 3956/25000 [6:54:18<91:43:20, 15.69s/it]Epoch 25: average [s/it]: 6.821410, current metric: 0.328368, best metric: 0.323567:  16%|█▌        | 3957/25000 [6:54:19<66:33:14, 11.39s/it]Epoch 25: average [s/it]: 6.821410, current metric: 0.328368, best metric: 0.323567:  16%|█▌        | 3958/25000 [6:54:20<48:55:52,  8.37s/it]Epoch 25: average [s/it]: 6.821410, current metric: 0.328368, best metric: 0.323567:  16%|█▌        | 3959/25000 [6:55:10<121:49:48, 20.84s/it]Epoch 25: average [s/it]: 6.821410, current metric: 0.328368, best metric: 0.323567:  16%|█▌        | 3960/25000 [6:55:12<87:37:32, 14.99s/it] Epoch 25: average [s/it]: 6.821410, current metric: 0.328368, best metric: 0.323567:  16%|█▌        | 3961/25000 [6:55:13<63:41:00, 10.90s/it]Epoch 25: average [s/it]: 6.821410, current metric: 0.328368, best metric: 0.323567:  16%|█▌        | 3962/25000 [6:55:14<46:55:24,  8.03s/it]Epoch 25: average [s/it]: 6.821410, current metric: 0.328368, best metric: 0.323567:  16%|█▌        | 3963/25000 [6:55:16<35:11:36,  6.02s/it]Epoch 25: average [s/it]: 6.821410, current metric: 0.328368, best metric: 0.323567:  16%|█▌        | 3964/25000 [6:55:17<26:58:58,  4.62s/it]Epoch 25: average [s/it]: 6.821410, current metric: 0.328368, best metric: 0.323567:  16%|█▌        | 3965/25000 [6:55:18<21:14:10,  3.63s/it]Epoch 25: average [s/it]: 6.821410, current metric: 0.328368, best metric: 0.323567:  16%|█▌        | 3966/25000 [6:55:20<17:12:42,  2.95s/it]Epoch 25: average [s/it]: 6.821410, current metric: 0.328368, best metric: 0.323567:  16%|█▌        | 3967/25000 [6:55:21<14:23:39,  2.46s/it]Epoch 25: average [s/it]: 6.821410, current metric: 0.328368, best metric: 0.323567:  16%|█▌        | 3968/25000 [6:55:22<12:25:27,  2.13s/it]Epoch 25: average [s/it]: 6.821410, current metric: 0.328368, best metric: 0.323567:  16%|█▌        | 3969/25000 [6:55:24<11:02:40,  1.89s/it]Epoch 25: average [s/it]: 6.821410, current metric: 0.328368, best metric: 0.323567:  16%|█▌        | 3970/25000 [6:55:25<10:04:36,  1.72s/it]Epoch 25: average [s/it]: 6.821410, current metric: 0.328368, best metric: 0.323567:  16%|█▌        | 3971/25000 [6:55:26<9:24:11,  1.61s/it] Epoch 25: average [s/it]: 6.821410, current metric: 0.328368, best metric: 0.323567:  16%|█▌        | 3972/25000 [6:56:05<74:33:43, 12.77s/it]Epoch 25: average [s/it]: 6.821410, current metric: 0.328368, best metric: 0.323567:  16%|█▌        | 3973/25000 [6:56:06<54:32:14,  9.34s/it]Epoch 25: average [s/it]: 6.821410, current metric: 0.328368, best metric: 0.323567:  16%|█▌        | 3974/25000 [6:56:08<40:31:14,  6.94s/it]Epoch 25: average [s/it]: 6.821410, current metric: 0.328368, best metric: 0.323567:  16%|█▌        | 3975/25000 [6:56:09<30:42:26,  5.26s/it]Epoch 25: average [s/it]: 6.821410, current metric: 0.328368, best metric: 0.323567:  16%|█▌        | 3976/25000 [6:56:10<23:50:17,  4.08s/it]Epoch 25: average [s/it]: 6.821410, current metric: 0.328368, best metric: 0.323567:  16%|█▌        | 3977/25000 [6:56:12<19:01:50,  3.26s/it]Epoch 25: average [s/it]: 6.821410, current metric: 0.328368, best metric: 0.323567:  16%|█▌        | 3978/25000 [6:56:13<15:39:58,  2.68s/it]Epoch 26: average [s/it]: 5.873494, current metric: 0.322985, best metric: 0.322985:  16%|█▌        | 3978/25000 [7:01:11<15:39:58,  2.68s/it]Epoch 26: average [s/it]: 5.873494, current metric: 0.322985, best metric: 0.322985:  16%|█▌        | 3979/25000 [7:01:57<614:03:29, 105.16s/it]Epoch 26: average [s/it]: 5.873494, current metric: 0.322985, best metric: 0.322985:  16%|█▌        | 3980/25000 [7:01:59<432:09:54, 74.01s/it] Epoch 26: average [s/it]: 5.873494, current metric: 0.322985, best metric: 0.322985:  16%|█▌        | 3981/25000 [7:02:00<304:50:45, 52.21s/it]Epoch 26: average [s/it]: 5.873494, current metric: 0.322985, best metric: 0.322985:  16%|█▌        | 3982/25000 [7:02:01<215:43:42, 36.95s/it]Epoch 26: average [s/it]: 5.873494, current metric: 0.322985, best metric: 0.322985:  16%|█▌        | 3983/25000 [7:02:03<153:20:52, 26.27s/it]Epoch 26: average [s/it]: 5.873494, current metric: 0.322985, best metric: 0.322985:  16%|█▌        | 3984/25000 [7:02:04<109:41:14, 18.79s/it]Epoch 26: average [s/it]: 5.873494, current metric: 0.322985, best metric: 0.322985:  16%|█▌        | 3985/25000 [7:02:05<79:07:20, 13.55s/it] Epoch 26: average [s/it]: 5.873494, current metric: 0.322985, best metric: 0.322985:  16%|█▌        | 3986/25000 [7:02:07<57:43:46,  9.89s/it]Epoch 26: average [s/it]: 5.873494, current metric: 0.322985, best metric: 0.322985:  16%|█▌        | 3987/25000 [7:02:08<42:45:09,  7.32s/it]Epoch 26: average [s/it]: 5.873494, current metric: 0.322985, best metric: 0.322985:  16%|█▌        | 3988/25000 [7:02:09<32:16:15,  5.53s/it]Epoch 26: average [s/it]: 5.873494, current metric: 0.322985, best metric: 0.322985:  16%|█▌        | 3989/25000 [7:02:11<24:56:04,  4.27s/it]Epoch 26: average [s/it]: 5.873494, current metric: 0.322985, best metric: 0.322985:  16%|█▌        | 3990/25000 [7:02:15<24:50:02,  4.26s/it]Epoch 26: average [s/it]: 5.873494, current metric: 0.322985, best metric: 0.322985:  16%|█▌        | 3991/25000 [7:02:16<19:43:39,  3.38s/it]Epoch 26: average [s/it]: 5.873494, current metric: 0.322985, best metric: 0.322985:  16%|█▌        | 3992/25000 [7:02:18<16:09:34,  2.77s/it]Epoch 26: average [s/it]: 5.873494, current metric: 0.322985, best metric: 0.322985:  16%|█▌        | 3993/25000 [7:02:19<13:39:24,  2.34s/it]Epoch 26: average [s/it]: 5.873494, current metric: 0.322985, best metric: 0.322985:  16%|█▌        | 3994/25000 [7:02:24<18:46:14,  3.22s/it]Epoch 26: average [s/it]: 5.873494, current metric: 0.322985, best metric: 0.322985:  16%|█▌        | 3995/25000 [7:02:26<15:29:14,  2.65s/it]Epoch 26: average [s/it]: 5.873494, current metric: 0.322985, best metric: 0.322985:  16%|█▌        | 3996/25000 [7:02:27<13:11:30,  2.26s/it]Epoch 26: average [s/it]: 5.873494, current metric: 0.322985, best metric: 0.322985:  16%|█▌        | 3997/25000 [7:02:28<11:34:52,  1.99s/it]Epoch 26: average [s/it]: 5.873494, current metric: 0.322985, best metric: 0.322985:  16%|█▌        | 3998/25000 [7:02:30<10:27:05,  1.79s/it]Epoch 26: average [s/it]: 5.873494, current metric: 0.322985, best metric: 0.322985:  16%|█▌        | 3999/25000 [7:02:31<9:39:36,  1.66s/it] Epoch 26: average [s/it]: 5.873494, current metric: 0.322985, best metric: 0.322985:  16%|█▌        | 4000/25000 [7:02:32<9:06:26,  1.56s/it]Epoch 26: average [s/it]: 5.873494, current metric: 0.322985, best metric: 0.322985:  16%|█▌        | 4001/25000 [7:02:34<8:59:11,  1.54s/it]Epoch 26: average [s/it]: 5.873494, current metric: 0.322985, best metric: 0.322985:  16%|█▌        | 4002/25000 [7:02:35<8:43:05,  1.49s/it]Epoch 26: average [s/it]: 5.873494, current metric: 0.322985, best metric: 0.322985:  16%|█▌        | 4003/25000 [7:02:37<8:26:37,  1.45s/it]Epoch 26: average [s/it]: 5.873494, current metric: 0.322985, best metric: 0.322985:  16%|█▌        | 4004/25000 [7:02:38<8:15:20,  1.42s/it]Epoch 26: average [s/it]: 5.873494, current metric: 0.322985, best metric: 0.322985:  16%|█▌        | 4005/25000 [7:02:39<8:07:13,  1.39s/it]Epoch 26: average [s/it]: 5.873494, current metric: 0.322985, best metric: 0.322985:  16%|█▌        | 4006/25000 [7:02:41<8:20:58,  1.43s/it]Epoch 26: average [s/it]: 5.873494, current metric: 0.322985, best metric: 0.322985:  16%|█▌        | 4007/25000 [7:02:42<8:11:13,  1.40s/it]Epoch 26: average [s/it]: 5.873494, current metric: 0.322985, best metric: 0.322985:  16%|█▌        | 4008/25000 [7:02:57<31:45:46,  5.45s/it]Epoch 26: average [s/it]: 5.873494, current metric: 0.322985, best metric: 0.322985:  16%|█▌        | 4009/25000 [7:02:58<24:34:25,  4.21s/it]Epoch 26: average [s/it]: 5.873494, current metric: 0.322985, best metric: 0.322985:  16%|█▌        | 4010/25000 [7:03:08<34:17:56,  5.88s/it]Epoch 26: average [s/it]: 5.873494, current metric: 0.322985, best metric: 0.322985:  16%|█▌        | 4011/25000 [7:03:09<26:21:02,  4.52s/it]Epoch 26: average [s/it]: 5.873494, current metric: 0.322985, best metric: 0.322985:  16%|█▌        | 4012/25000 [7:03:11<20:47:11,  3.57s/it]Epoch 26: average [s/it]: 5.873494, current metric: 0.322985, best metric: 0.322985:  16%|█▌        | 4013/25000 [7:03:12<16:53:23,  2.90s/it]Epoch 26: average [s/it]: 5.873494, current metric: 0.322985, best metric: 0.322985:  16%|█▌        | 4014/25000 [7:03:13<14:09:43,  2.43s/it]Epoch 26: average [s/it]: 5.873494, current metric: 0.322985, best metric: 0.322985:  16%|█▌        | 4015/25000 [7:03:15<12:15:13,  2.10s/it]Epoch 26: average [s/it]: 5.873494, current metric: 0.322985, best metric: 0.322985:  16%|█▌        | 4016/25000 [7:03:16<10:55:01,  1.87s/it]Epoch 26: average [s/it]: 5.873494, current metric: 0.322985, best metric: 0.322985:  16%|█▌        | 4017/25000 [7:03:17<9:58:49,  1.71s/it] Epoch 26: average [s/it]: 5.873494, current metric: 0.322985, best metric: 0.322985:  16%|█▌        | 4018/25000 [7:03:19<9:19:55,  1.60s/it]Epoch 26: average [s/it]: 5.873494, current metric: 0.322985, best metric: 0.322985:  16%|█▌        | 4019/25000 [7:03:20<8:52:15,  1.52s/it]Epoch 26: average [s/it]: 5.873494, current metric: 0.322985, best metric: 0.322985:  16%|█▌        | 4020/25000 [7:03:22<8:43:49,  1.50s/it]Epoch 26: average [s/it]: 5.873494, current metric: 0.322985, best metric: 0.322985:  16%|█▌        | 4021/25000 [7:03:23<8:27:00,  1.45s/it]Epoch 26: average [s/it]: 5.873494, current metric: 0.322985, best metric: 0.322985:  16%|█▌        | 4022/25000 [7:03:25<9:26:31,  1.62s/it]Epoch 26: average [s/it]: 5.873494, current metric: 0.322985, best metric: 0.322985:  16%|█▌        | 4023/25000 [7:03:26<9:04:07,  1.56s/it]Epoch 26: average [s/it]: 5.873494, current metric: 0.322985, best metric: 0.322985:  16%|█▌        | 4024/25000 [7:03:43<34:48:06,  5.97s/it]Epoch 26: average [s/it]: 5.873494, current metric: 0.322985, best metric: 0.322985:  16%|█▌        | 4025/25000 [7:03:44<26:41:54,  4.58s/it]Epoch 26: average [s/it]: 5.873494, current metric: 0.322985, best metric: 0.322985:  16%|█▌        | 4026/25000 [7:03:45<21:01:34,  3.61s/it]Epoch 26: average [s/it]: 5.873494, current metric: 0.322985, best metric: 0.322985:  16%|█▌        | 4027/25000 [7:03:47<17:03:18,  2.93s/it]Epoch 26: average [s/it]: 5.873494, current metric: 0.322985, best metric: 0.322985:  16%|█▌        | 4028/25000 [7:03:48<14:16:29,  2.45s/it]Epoch 26: average [s/it]: 5.873494, current metric: 0.322985, best metric: 0.322985:  16%|█▌        | 4029/25000 [7:03:49<12:19:49,  2.12s/it]Epoch 26: average [s/it]: 5.873494, current metric: 0.322985, best metric: 0.322985:  16%|█▌        | 4030/25000 [7:03:51<10:58:14,  1.88s/it]Epoch 26: average [s/it]: 5.873494, current metric: 0.322985, best metric: 0.322985:  16%|█▌        | 4031/25000 [7:03:52<10:01:03,  1.72s/it]Epoch 26: average [s/it]: 5.873494, current metric: 0.322985, best metric: 0.322985:  16%|█▌        | 4032/25000 [7:03:53<9:20:55,  1.61s/it] Epoch 26: average [s/it]: 5.873494, current metric: 0.322985, best metric: 0.322985:  16%|█▌        | 4033/25000 [7:03:55<8:52:52,  1.52s/it]Epoch 26: average [s/it]: 5.873494, current metric: 0.322985, best metric: 0.322985:  16%|█▌        | 4034/25000 [7:03:56<8:33:11,  1.47s/it]Epoch 26: average [s/it]: 5.873494, current metric: 0.322985, best metric: 0.322985:  16%|█▌        | 4035/25000 [7:03:57<8:19:29,  1.43s/it]Epoch 26: average [s/it]: 5.873494, current metric: 0.322985, best metric: 0.322985:  16%|█▌        | 4036/25000 [7:03:59<8:09:55,  1.40s/it]Epoch 26: average [s/it]: 5.873494, current metric: 0.322985, best metric: 0.322985:  16%|█▌        | 4037/25000 [7:04:00<8:03:14,  1.38s/it]Epoch 26: average [s/it]: 5.873494, current metric: 0.322985, best metric: 0.322985:  16%|█▌        | 4038/25000 [7:04:01<7:58:31,  1.37s/it]Epoch 26: average [s/it]: 5.873494, current metric: 0.322985, best metric: 0.322985:  16%|█▌        | 4039/25000 [7:04:03<7:55:11,  1.36s/it]Epoch 26: average [s/it]: 5.873494, current metric: 0.322985, best metric: 0.322985:  16%|█▌        | 4040/25000 [7:04:06<11:36:05,  1.99s/it]Epoch 26: average [s/it]: 5.873494, current metric: 0.322985, best metric: 0.322985:  16%|█▌        | 4041/25000 [7:04:08<10:27:26,  1.80s/it]Epoch 26: average [s/it]: 5.873494, current metric: 0.322985, best metric: 0.322985:  16%|█▌        | 4042/25000 [7:04:09<9:39:24,  1.66s/it] Epoch 26: average [s/it]: 5.873494, current metric: 0.322985, best metric: 0.322985:  16%|█▌        | 4043/25000 [7:04:10<9:05:45,  1.56s/it]Epoch 26: average [s/it]: 5.873494, current metric: 0.322985, best metric: 0.322985:  16%|█▌        | 4044/25000 [7:04:12<8:42:12,  1.50s/it]Epoch 26: average [s/it]: 5.873494, current metric: 0.322985, best metric: 0.322985:  16%|█▌        | 4045/25000 [7:04:13<8:25:41,  1.45s/it]Epoch 26: average [s/it]: 5.873494, current metric: 0.322985, best metric: 0.322985:  16%|█▌        | 4046/25000 [7:04:14<8:14:10,  1.42s/it]Epoch 26: average [s/it]: 5.873494, current metric: 0.322985, best metric: 0.322985:  16%|█▌        | 4047/25000 [7:04:16<8:06:02,  1.39s/it]Epoch 26: average [s/it]: 5.873494, current metric: 0.322985, best metric: 0.322985:  16%|█▌        | 4048/25000 [7:04:17<8:00:24,  1.38s/it]Epoch 26: average [s/it]: 5.873494, current metric: 0.322985, best metric: 0.322985:  16%|█▌        | 4049/25000 [7:04:18<7:56:25,  1.36s/it]Epoch 26: average [s/it]: 5.873494, current metric: 0.322985, best metric: 0.322985:  16%|█▌        | 4050/25000 [7:04:20<7:53:42,  1.36s/it]Epoch 26: average [s/it]: 5.873494, current metric: 0.322985, best metric: 0.322985:  16%|█▌        | 4051/25000 [7:04:21<7:51:44,  1.35s/it]Epoch 26: average [s/it]: 5.873494, current metric: 0.322985, best metric: 0.322985:  16%|█▌        | 4052/25000 [7:04:22<7:50:23,  1.35s/it]Epoch 26: average [s/it]: 5.873494, current metric: 0.322985, best metric: 0.322985:  16%|█▌        | 4053/25000 [7:04:39<35:15:55,  6.06s/it]Epoch 26: average [s/it]: 5.873494, current metric: 0.322985, best metric: 0.322985:  16%|█▌        | 4054/25000 [7:04:41<27:01:12,  4.64s/it]Epoch 26: average [s/it]: 5.873494, current metric: 0.322985, best metric: 0.322985:  16%|█▌        | 4055/25000 [7:04:42<21:14:53,  3.65s/it]Epoch 26: average [s/it]: 5.873494, current metric: 0.322985, best metric: 0.322985:  16%|█▌        | 4056/25000 [7:04:43<17:12:28,  2.96s/it]Epoch 26: average [s/it]: 5.873494, current metric: 0.322985, best metric: 0.322985:  16%|█▌        | 4057/25000 [7:04:45<14:22:49,  2.47s/it]Epoch 26: average [s/it]: 5.873494, current metric: 0.322985, best metric: 0.322985:  16%|█▌        | 4058/25000 [7:04:46<12:24:01,  2.13s/it]Epoch 26: average [s/it]: 5.873494, current metric: 0.322985, best metric: 0.322985:  16%|█▌        | 4059/25000 [7:04:47<11:00:50,  1.89s/it]Epoch 26: average [s/it]: 5.873494, current metric: 0.322985, best metric: 0.322985:  16%|█▌        | 4060/25000 [7:04:49<10:02:40,  1.73s/it]Epoch 26: average [s/it]: 5.873494, current metric: 0.322985, best metric: 0.322985:  16%|█▌        | 4061/25000 [7:04:50<9:21:54,  1.61s/it] Epoch 26: average [s/it]: 5.873494, current metric: 0.322985, best metric: 0.322985:  16%|█▌        | 4062/25000 [7:04:51<8:53:26,  1.53s/it]Epoch 26: average [s/it]: 5.873494, current metric: 0.322985, best metric: 0.322985:  16%|█▋        | 4063/25000 [7:04:53<8:53:48,  1.53s/it]Epoch 26: average [s/it]: 5.873494, current metric: 0.322985, best metric: 0.322985:  16%|█▋        | 4064/25000 [7:04:54<8:33:41,  1.47s/it]Epoch 26: average [s/it]: 5.873494, current metric: 0.322985, best metric: 0.322985:  16%|█▋        | 4065/25000 [7:04:56<8:21:25,  1.44s/it]Epoch 26: average [s/it]: 5.873494, current metric: 0.322985, best metric: 0.322985:  16%|█▋        | 4066/25000 [7:04:57<8:10:58,  1.41s/it]Epoch 26: average [s/it]: 5.873494, current metric: 0.322985, best metric: 0.322985:  16%|█▋        | 4067/25000 [7:04:58<8:03:41,  1.39s/it]Epoch 26: average [s/it]: 5.873494, current metric: 0.322985, best metric: 0.322985:  16%|█▋        | 4068/25000 [7:05:00<7:58:39,  1.37s/it]Epoch 26: average [s/it]: 5.873494, current metric: 0.322985, best metric: 0.322985:  16%|█▋        | 4069/25000 [7:05:01<7:55:07,  1.36s/it]Epoch 26: average [s/it]: 5.873494, current metric: 0.322985, best metric: 0.322985:  16%|█▋        | 4070/25000 [7:05:23<44:12:57,  7.61s/it]Epoch 26: average [s/it]: 5.873494, current metric: 0.322985, best metric: 0.322985:  16%|█▋        | 4071/25000 [7:05:24<33:18:42,  5.73s/it]Epoch 26: average [s/it]: 5.873494, current metric: 0.322985, best metric: 0.322985:  16%|█▋        | 4072/25000 [7:05:26<25:39:03,  4.41s/it]Epoch 26: average [s/it]: 5.873494, current metric: 0.322985, best metric: 0.322985:  16%|█▋        | 4073/25000 [7:05:27<20:17:25,  3.49s/it]Epoch 26: average [s/it]: 5.873494, current metric: 0.322985, best metric: 0.322985:  16%|█▋        | 4074/25000 [7:05:28<16:32:14,  2.84s/it]Epoch 26: average [s/it]: 5.873494, current metric: 0.322985, best metric: 0.322985:  16%|█▋        | 4075/25000 [7:05:30<13:54:35,  2.39s/it]Epoch 26: average [s/it]: 5.873494, current metric: 0.322985, best metric: 0.322985:  16%|█▋        | 4076/25000 [7:05:31<12:04:12,  2.08s/it]Epoch 26: average [s/it]: 5.873494, current metric: 0.322985, best metric: 0.322985:  16%|█▋        | 4077/25000 [7:05:32<10:46:52,  1.86s/it]Epoch 26: average [s/it]: 5.873494, current metric: 0.322985, best metric: 0.322985:  16%|█▋        | 4078/25000 [7:05:34<9:52:50,  1.70s/it] Epoch 26: average [s/it]: 5.873494, current metric: 0.322985, best metric: 0.322985:  16%|█▋        | 4079/25000 [7:05:35<9:14:57,  1.59s/it]Epoch 26: average [s/it]: 5.873494, current metric: 0.322985, best metric: 0.322985:  16%|█▋        | 4080/25000 [7:05:37<8:48:24,  1.52s/it]Epoch 26: average [s/it]: 5.873494, current metric: 0.322985, best metric: 0.322985:  16%|█▋        | 4081/25000 [7:05:38<8:29:47,  1.46s/it]Epoch 26: average [s/it]: 5.873494, current metric: 0.322985, best metric: 0.322985:  16%|█▋        | 4082/25000 [7:05:39<8:16:47,  1.42s/it]Epoch 26: average [s/it]: 5.873494, current metric: 0.322985, best metric: 0.322985:  16%|█▋        | 4083/25000 [7:05:41<8:07:42,  1.40s/it]Epoch 26: average [s/it]: 5.873494, current metric: 0.322985, best metric: 0.322985:  16%|█▋        | 4084/25000 [7:05:42<8:01:27,  1.38s/it]Epoch 26: average [s/it]: 5.873494, current metric: 0.322985, best metric: 0.322985:  16%|█▋        | 4085/25000 [7:05:43<7:56:54,  1.37s/it]Epoch 26: average [s/it]: 5.873494, current metric: 0.322985, best metric: 0.322985:  16%|█▋        | 4086/25000 [7:06:11<54:28:09,  9.38s/it]Epoch 26: average [s/it]: 5.873494, current metric: 0.322985, best metric: 0.322985:  16%|█▋        | 4087/25000 [7:06:13<40:27:35,  6.96s/it]Epoch 26: average [s/it]: 5.873494, current metric: 0.322985, best metric: 0.322985:  16%|█▋        | 4088/25000 [7:06:14<30:39:11,  5.28s/it]Epoch 26: average [s/it]: 5.873494, current metric: 0.322985, best metric: 0.322985:  16%|█▋        | 4089/25000 [7:06:15<23:47:11,  4.10s/it]Epoch 26: average [s/it]: 5.873494, current metric: 0.322985, best metric: 0.322985:  16%|█▋        | 4090/25000 [7:06:17<18:58:59,  3.27s/it]Epoch 26: average [s/it]: 5.873494, current metric: 0.322985, best metric: 0.322985:  16%|█▋        | 4091/25000 [7:06:18<15:37:05,  2.69s/it]Epoch 26: average [s/it]: 5.873494, current metric: 0.322985, best metric: 0.322985:  16%|█▋        | 4092/25000 [7:06:19<13:15:49,  2.28s/it]Epoch 26: average [s/it]: 5.873494, current metric: 0.322985, best metric: 0.322985:  16%|█▋        | 4093/25000 [7:06:21<11:36:54,  2.00s/it]Epoch 26: average [s/it]: 5.873494, current metric: 0.322985, best metric: 0.322985:  16%|█▋        | 4094/25000 [7:06:22<10:27:41,  1.80s/it]Epoch 26: average [s/it]: 5.873494, current metric: 0.322985, best metric: 0.322985:  16%|█▋        | 4095/25000 [7:06:23<9:39:15,  1.66s/it] Epoch 26: average [s/it]: 5.873494, current metric: 0.322985, best metric: 0.322985:  16%|█▋        | 4096/25000 [7:06:25<9:05:21,  1.57s/it]Epoch 26: average [s/it]: 5.873494, current metric: 0.322985, best metric: 0.322985:  16%|█▋        | 4097/25000 [7:06:26<8:41:37,  1.50s/it]Epoch 26: average [s/it]: 5.873494, current metric: 0.322985, best metric: 0.322985:  16%|█▋        | 4098/25000 [7:06:27<8:24:59,  1.45s/it]Epoch 26: average [s/it]: 5.873494, current metric: 0.322985, best metric: 0.322985:  16%|█▋        | 4099/25000 [7:06:29<8:13:21,  1.42s/it]Epoch 26: average [s/it]: 5.873494, current metric: 0.322985, best metric: 0.322985:  16%|█▋        | 4100/25000 [7:06:30<8:05:08,  1.39s/it]Epoch 26: average [s/it]: 5.873494, current metric: 0.322985, best metric: 0.322985:  16%|█▋        | 4101/25000 [7:06:31<8:15:18,  1.42s/it]Epoch 26: average [s/it]: 5.873494, current metric: 0.322985, best metric: 0.322985:  16%|█▋        | 4102/25000 [7:06:33<9:07:03,  1.57s/it]Epoch 26: average [s/it]: 5.873494, current metric: 0.322985, best metric: 0.322985:  16%|█▋        | 4103/25000 [7:06:35<8:42:40,  1.50s/it]Epoch 26: average [s/it]: 5.873494, current metric: 0.322985, best metric: 0.322985:  16%|█▋        | 4104/25000 [7:06:36<8:25:37,  1.45s/it]Epoch 26: average [s/it]: 5.873494, current metric: 0.322985, best metric: 0.322985:  16%|█▋        | 4105/25000 [7:06:37<8:13:40,  1.42s/it]Epoch 26: average [s/it]: 5.873494, current metric: 0.322985, best metric: 0.322985:  16%|█▋        | 4106/25000 [7:06:39<8:05:17,  1.39s/it]Epoch 26: average [s/it]: 5.873494, current metric: 0.322985, best metric: 0.322985:  16%|█▋        | 4107/25000 [7:06:40<7:59:30,  1.38s/it]Epoch 26: average [s/it]: 5.873494, current metric: 0.322985, best metric: 0.322985:  16%|█▋        | 4108/25000 [7:06:42<8:07:13,  1.40s/it]Epoch 26: average [s/it]: 5.873494, current metric: 0.322985, best metric: 0.322985:  16%|█▋        | 4109/25000 [7:06:43<8:00:47,  1.38s/it]Epoch 26: average [s/it]: 5.873494, current metric: 0.322985, best metric: 0.322985:  16%|█▋        | 4110/25000 [7:06:44<7:56:17,  1.37s/it]Epoch 26: average [s/it]: 5.873494, current metric: 0.322985, best metric: 0.322985:  16%|█▋        | 4111/25000 [7:06:57<27:37:32,  4.76s/it]Epoch 26: average [s/it]: 5.873494, current metric: 0.322985, best metric: 0.322985:  16%|█▋        | 4112/25000 [7:06:58<21:39:57,  3.73s/it]Epoch 26: average [s/it]: 5.873494, current metric: 0.322985, best metric: 0.322985:  16%|█▋        | 4113/25000 [7:07:00<17:29:36,  3.02s/it]Epoch 26: average [s/it]: 5.873494, current metric: 0.322985, best metric: 0.322985:  16%|█▋        | 4114/25000 [7:07:01<14:34:20,  2.51s/it]Epoch 26: average [s/it]: 5.873494, current metric: 0.322985, best metric: 0.322985:  16%|█▋        | 4115/25000 [7:07:02<12:31:49,  2.16s/it]Epoch 26: average [s/it]: 5.873494, current metric: 0.322985, best metric: 0.322985:  16%|█▋        | 4116/25000 [7:07:04<11:05:54,  1.91s/it]Epoch 26: average [s/it]: 5.873494, current metric: 0.322985, best metric: 0.322985:  16%|█▋        | 4117/25000 [7:07:05<10:05:49,  1.74s/it]Epoch 26: average [s/it]: 5.873494, current metric: 0.322985, best metric: 0.322985:  16%|█▋        | 4118/25000 [7:07:06<9:23:44,  1.62s/it] Epoch 26: average [s/it]: 5.873494, current metric: 0.322985, best metric: 0.322985:  16%|█▋        | 4119/25000 [7:07:08<8:54:09,  1.53s/it]Epoch 26: average [s/it]: 5.873494, current metric: 0.322985, best metric: 0.322985:  16%|█▋        | 4120/25000 [7:07:09<8:33:37,  1.48s/it]Epoch 26: average [s/it]: 5.873494, current metric: 0.322985, best metric: 0.322985:  16%|█▋        | 4121/25000 [7:07:10<8:19:07,  1.43s/it]Epoch 26: average [s/it]: 5.873494, current metric: 0.322985, best metric: 0.322985:  16%|█▋        | 4122/25000 [7:07:12<8:09:08,  1.41s/it]Epoch 26: average [s/it]: 5.873494, current metric: 0.322985, best metric: 0.322985:  16%|█▋        | 4123/25000 [7:07:13<8:02:00,  1.39s/it]Epoch 26: average [s/it]: 5.873494, current metric: 0.322985, best metric: 0.322985:  16%|█▋        | 4124/25000 [7:07:14<7:57:03,  1.37s/it]Epoch 26: average [s/it]: 5.873494, current metric: 0.322985, best metric: 0.322985:  16%|█▋        | 4125/25000 [7:07:16<7:53:30,  1.36s/it]Epoch 26: average [s/it]: 5.873494, current metric: 0.322985, best metric: 0.322985:  17%|█▋        | 4126/25000 [7:07:21<15:36:26,  2.69s/it]Epoch 26: average [s/it]: 5.873494, current metric: 0.322985, best metric: 0.322985:  17%|█▋        | 4127/25000 [7:07:23<13:15:03,  2.29s/it]Epoch 26: average [s/it]: 5.873494, current metric: 0.322985, best metric: 0.322985:  17%|█▋        | 4128/25000 [7:07:24<11:36:07,  2.00s/it]Epoch 26: average [s/it]: 5.873494, current metric: 0.322985, best metric: 0.322985:  17%|█▋        | 4129/25000 [7:07:25<10:26:49,  1.80s/it]Epoch 26: average [s/it]: 5.873494, current metric: 0.322985, best metric: 0.322985:  17%|█▋        | 4130/25000 [7:07:28<11:31:46,  1.99s/it]Epoch 26: average [s/it]: 5.873494, current metric: 0.322985, best metric: 0.322985:  17%|█▋        | 4131/25000 [7:07:37<24:33:53,  4.24s/it]Epoch 27: average [s/it]: 2.525065, current metric: 0.330734, best metric: 0.322985:  17%|█▋        | 4131/25000 [7:09:23<24:33:53,  4.24s/it]Epoch 27: average [s/it]: 2.525065, current metric: 0.330734, best metric: 0.322985:  17%|█▋        | 4132/25000 [7:11:18<401:31:13, 69.27s/it]Epoch 27: average [s/it]: 2.525065, current metric: 0.330734, best metric: 0.322985:  17%|█▋        | 4133/25000 [7:11:20<283:23:18, 48.89s/it]Epoch 27: average [s/it]: 2.525065, current metric: 0.330734, best metric: 0.322985:  17%|█▋        | 4134/25000 [7:11:21<200:41:47, 34.63s/it]Epoch 27: average [s/it]: 2.525065, current metric: 0.330734, best metric: 0.322985:  17%|█▋        | 4135/25000 [7:11:22<142:48:59, 24.64s/it]Epoch 27: average [s/it]: 2.525065, current metric: 0.330734, best metric: 0.322985:  17%|█▋        | 4136/25000 [7:11:24<102:17:57, 17.65s/it]Epoch 27: average [s/it]: 2.525065, current metric: 0.330734, best metric: 0.322985:  17%|█▋        | 4137/25000 [7:11:25<73:56:30, 12.76s/it] Epoch 27: average [s/it]: 2.525065, current metric: 0.330734, best metric: 0.322985:  17%|█▋        | 4138/25000 [7:11:26<54:05:39,  9.33s/it]Epoch 27: average [s/it]: 2.525065, current metric: 0.330734, best metric: 0.322985:  17%|█▋        | 4139/25000 [7:11:28<40:12:02,  6.94s/it]Epoch 27: average [s/it]: 2.525065, current metric: 0.330734, best metric: 0.322985:  17%|█▋        | 4140/25000 [7:11:29<30:28:29,  5.26s/it]Epoch 27: average [s/it]: 2.525065, current metric: 0.330734, best metric: 0.322985:  17%|█▋        | 4141/25000 [7:11:30<23:40:29,  4.09s/it]Epoch 27: average [s/it]: 2.525065, current metric: 0.330734, best metric: 0.322985:  17%|█▋        | 4142/25000 [7:11:32<18:54:04,  3.26s/it]Epoch 27: average [s/it]: 2.525065, current metric: 0.330734, best metric: 0.322985:  17%|█▋        | 4143/25000 [7:11:33<15:33:51,  2.69s/it]Epoch 27: average [s/it]: 2.525065, current metric: 0.330734, best metric: 0.322985:  17%|█▋        | 4144/25000 [7:11:34<13:13:42,  2.28s/it]Epoch 27: average [s/it]: 2.525065, current metric: 0.330734, best metric: 0.322985:  17%|█▋        | 4145/25000 [7:11:36<11:35:41,  2.00s/it]Epoch 27: average [s/it]: 2.525065, current metric: 0.330734, best metric: 0.322985:  17%|█▋        | 4146/25000 [7:11:37<10:27:00,  1.80s/it]Epoch 27: average [s/it]: 2.525065, current metric: 0.330734, best metric: 0.322985:  17%|█▋        | 4147/25000 [7:11:38<9:38:49,  1.67s/it] Epoch 27: average [s/it]: 2.525065, current metric: 0.330734, best metric: 0.322985:  17%|█▋        | 4148/25000 [7:13:17<177:21:20, 30.62s/it]Epoch 27: average [s/it]: 2.525065, current metric: 0.330734, best metric: 0.322985:  17%|█▋        | 4149/25000 [7:13:18<126:28:12, 21.84s/it]Epoch 27: average [s/it]: 2.525065, current metric: 0.330734, best metric: 0.322985:  17%|█▋        | 4150/25000 [7:13:19<90:51:13, 15.69s/it] Epoch 27: average [s/it]: 2.525065, current metric: 0.330734, best metric: 0.322985:  17%|█▋        | 4151/25000 [7:13:21<65:55:21, 11.38s/it]Epoch 27: average [s/it]: 2.525065, current metric: 0.330734, best metric: 0.322985:  17%|█▋        | 4152/25000 [7:13:22<48:28:17,  8.37s/it]Epoch 27: average [s/it]: 2.525065, current metric: 0.330734, best metric: 0.322985:  17%|█▋        | 4153/25000 [7:13:23<36:15:19,  6.26s/it]Epoch 27: average [s/it]: 2.525065, current metric: 0.330734, best metric: 0.322985:  17%|█▋        | 4154/25000 [7:13:25<27:42:22,  4.78s/it]Epoch 27: average [s/it]: 2.525065, current metric: 0.330734, best metric: 0.322985:  17%|█▋        | 4155/25000 [7:13:26<21:43:12,  3.75s/it]Epoch 27: average [s/it]: 2.525065, current metric: 0.330734, best metric: 0.322985:  17%|█▋        | 4156/25000 [7:13:27<17:31:46,  3.03s/it]Epoch 27: average [s/it]: 2.525065, current metric: 0.330734, best metric: 0.322985:  17%|█▋        | 4157/25000 [7:13:29<14:35:57,  2.52s/it]Epoch 27: average [s/it]: 2.525065, current metric: 0.330734, best metric: 0.322985:  17%|█▋        | 4158/25000 [7:13:30<12:32:45,  2.17s/it]Epoch 27: average [s/it]: 2.525065, current metric: 0.330734, best metric: 0.322985:  17%|█▋        | 4159/25000 [7:13:31<11:06:30,  1.92s/it]Epoch 27: average [s/it]: 2.525065, current metric: 0.330734, best metric: 0.322985:  17%|█▋        | 4160/25000 [7:13:33<10:06:08,  1.75s/it]Epoch 27: average [s/it]: 2.525065, current metric: 0.330734, best metric: 0.322985:  17%|█▋        | 4161/25000 [7:13:34<9:23:45,  1.62s/it] Epoch 27: average [s/it]: 2.525065, current metric: 0.330734, best metric: 0.322985:  17%|█▋        | 4162/25000 [7:13:35<8:54:09,  1.54s/it]Epoch 27: average [s/it]: 2.525065, current metric: 0.330734, best metric: 0.322985:  17%|█▋        | 4163/25000 [7:13:37<8:33:27,  1.48s/it]Epoch 27: average [s/it]: 2.525065, current metric: 0.330734, best metric: 0.322985:  17%|█▋        | 4164/25000 [7:14:28<94:32:12, 16.33s/it]Epoch 27: average [s/it]: 2.525065, current metric: 0.330734, best metric: 0.322985:  17%|█▋        | 4165/25000 [7:14:29<68:29:56, 11.84s/it]Epoch 27: average [s/it]: 2.525065, current metric: 0.330734, best metric: 0.322985:  17%|█▋        | 4166/25000 [7:14:30<50:16:24,  8.69s/it]Epoch 27: average [s/it]: 2.525065, current metric: 0.330734, best metric: 0.322985:  17%|█▋        | 4167/25000 [7:14:32<37:30:59,  6.48s/it]Epoch 27: average [s/it]: 2.525065, current metric: 0.330734, best metric: 0.322985:  17%|█▋        | 4168/25000 [7:14:33<28:35:14,  4.94s/it]Epoch 27: average [s/it]: 2.525065, current metric: 0.330734, best metric: 0.322985:  17%|█▋        | 4169/25000 [7:14:34<22:20:10,  3.86s/it]Epoch 27: average [s/it]: 2.525065, current metric: 0.330734, best metric: 0.322985:  17%|█▋        | 4170/25000 [7:14:36<17:57:44,  3.10s/it]Epoch 27: average [s/it]: 2.525065, current metric: 0.330734, best metric: 0.322985:  17%|█▋        | 4171/25000 [7:14:37<14:54:01,  2.58s/it]Epoch 27: average [s/it]: 2.525065, current metric: 0.330734, best metric: 0.322985:  17%|█▋        | 4172/25000 [7:14:38<12:45:20,  2.20s/it]Epoch 27: average [s/it]: 2.525065, current metric: 0.330734, best metric: 0.322985:  17%|█▋        | 4173/25000 [7:14:40<11:15:28,  1.95s/it]Epoch 27: average [s/it]: 2.525065, current metric: 0.330734, best metric: 0.322985:  17%|█▋        | 4174/25000 [7:14:41<10:12:26,  1.76s/it]Epoch 27: average [s/it]: 2.525065, current metric: 0.330734, best metric: 0.322985:  17%|█▋        | 4175/25000 [7:14:43<9:28:13,  1.64s/it] Epoch 27: average [s/it]: 2.525065, current metric: 0.330734, best metric: 0.322985:  17%|█▋        | 4176/25000 [7:15:19<70:11:30, 12.13s/it]Epoch 27: average [s/it]: 2.525065, current metric: 0.330734, best metric: 0.322985:  17%|█▋        | 4177/25000 [7:15:20<51:27:22,  8.90s/it]Epoch 27: average [s/it]: 2.525065, current metric: 0.330734, best metric: 0.322985:  17%|█▋        | 4178/25000 [7:15:22<38:20:28,  6.63s/it]Epoch 27: average [s/it]: 2.525065, current metric: 0.330734, best metric: 0.322985:  17%|█▋        | 4179/25000 [7:15:23<29:09:47,  5.04s/it]Epoch 27: average [s/it]: 2.525065, current metric: 0.330734, best metric: 0.322985:  17%|█▋        | 4180/25000 [7:16:06<94:54:25, 16.41s/it]Epoch 27: average [s/it]: 2.525065, current metric: 0.330734, best metric: 0.322985:  17%|█▋        | 4181/25000 [7:16:07<68:45:24, 11.89s/it]Epoch 27: average [s/it]: 2.525065, current metric: 0.330734, best metric: 0.322985:  17%|█▋        | 4182/25000 [7:16:09<50:27:03,  8.72s/it]Epoch 27: average [s/it]: 2.525065, current metric: 0.330734, best metric: 0.322985:  17%|█▋        | 4183/25000 [7:16:10<37:38:14,  6.51s/it]Epoch 27: average [s/it]: 2.525065, current metric: 0.330734, best metric: 0.322985:  17%|█▋        | 4184/25000 [7:16:12<28:54:48,  5.00s/it]Epoch 27: average [s/it]: 2.525065, current metric: 0.330734, best metric: 0.322985:  17%|█▋        | 4185/25000 [7:16:13<22:33:47,  3.90s/it]Epoch 27: average [s/it]: 2.525065, current metric: 0.330734, best metric: 0.322985:  17%|█▋        | 4186/25000 [7:16:14<18:07:02,  3.13s/it]Epoch 27: average [s/it]: 2.525065, current metric: 0.330734, best metric: 0.322985:  17%|█▋        | 4187/25000 [7:16:16<15:00:18,  2.60s/it]Epoch 27: average [s/it]: 2.525065, current metric: 0.330734, best metric: 0.322985:  17%|█▋        | 4188/25000 [7:16:17<12:49:35,  2.22s/it]Epoch 27: average [s/it]: 2.525065, current metric: 0.330734, best metric: 0.322985:  17%|█▋        | 4189/25000 [7:16:18<11:18:21,  1.96s/it]Epoch 27: average [s/it]: 2.525065, current metric: 0.330734, best metric: 0.322985:  17%|█▋        | 4190/25000 [7:16:20<10:14:33,  1.77s/it]Epoch 27: average [s/it]: 2.525065, current metric: 0.330734, best metric: 0.322985:  17%|█▋        | 4191/25000 [7:16:21<9:29:49,  1.64s/it] Epoch 27: average [s/it]: 2.525065, current metric: 0.330734, best metric: 0.322985:  17%|█▋        | 4192/25000 [7:17:11<92:33:05, 16.01s/it]Epoch 27: average [s/it]: 2.525065, current metric: 0.330734, best metric: 0.322985:  17%|█▋        | 4193/25000 [7:17:12<67:06:33, 11.61s/it]Epoch 27: average [s/it]: 2.525065, current metric: 0.330734, best metric: 0.322985:  17%|█▋        | 4194/25000 [7:17:13<49:17:50,  8.53s/it]Epoch 27: average [s/it]: 2.525065, current metric: 0.330734, best metric: 0.322985:  17%|█▋        | 4195/25000 [7:17:15<36:49:50,  6.37s/it]Epoch 27: average [s/it]: 2.525065, current metric: 0.330734, best metric: 0.322985:  17%|█▋        | 4196/25000 [7:17:16<28:06:07,  4.86s/it]Epoch 27: average [s/it]: 2.525065, current metric: 0.330734, best metric: 0.322985:  17%|█▋        | 4197/25000 [7:17:17<21:59:39,  3.81s/it]Epoch 27: average [s/it]: 2.525065, current metric: 0.330734, best metric: 0.322985:  17%|█▋        | 4198/25000 [7:17:19<17:43:10,  3.07s/it]Epoch 27: average [s/it]: 2.525065, current metric: 0.330734, best metric: 0.322985:  17%|█▋        | 4199/25000 [7:17:20<14:43:37,  2.55s/it]Epoch 27: average [s/it]: 2.525065, current metric: 0.330734, best metric: 0.322985:  17%|█▋        | 4200/25000 [7:17:21<12:37:58,  2.19s/it]Epoch 27: average [s/it]: 2.525065, current metric: 0.330734, best metric: 0.322985:  17%|█▋        | 4201/25000 [7:17:23<11:46:38,  2.04s/it]Epoch 27: average [s/it]: 2.525065, current metric: 0.330734, best metric: 0.322985:  17%|█▋        | 4202/25000 [7:17:24<10:50:52,  1.88s/it]Epoch 27: average [s/it]: 2.525065, current metric: 0.330734, best metric: 0.322985:  17%|█▋        | 4203/25000 [7:17:26<9:54:50,  1.72s/it] Epoch 27: average [s/it]: 2.525065, current metric: 0.330734, best metric: 0.322985:  17%|█▋        | 4204/25000 [7:17:27<9:15:42,  1.60s/it]Epoch 27: average [s/it]: 2.525065, current metric: 0.330734, best metric: 0.322985:  17%|█▋        | 4205/25000 [7:17:28<8:48:18,  1.52s/it]Epoch 27: average [s/it]: 2.525065, current metric: 0.330734, best metric: 0.322985:  17%|█▋        | 4206/25000 [7:17:30<8:29:13,  1.47s/it]Epoch 27: average [s/it]: 2.525065, current metric: 0.330734, best metric: 0.322985:  17%|█▋        | 4207/25000 [7:17:31<8:15:44,  1.43s/it]Epoch 27: average [s/it]: 2.525065, current metric: 0.330734, best metric: 0.322985:  17%|█▋        | 4208/25000 [7:18:04<62:44:31, 10.86s/it]Epoch 27: average [s/it]: 2.525065, current metric: 0.330734, best metric: 0.322985:  17%|█▋        | 4209/25000 [7:18:05<46:14:33,  8.01s/it]Epoch 27: average [s/it]: 2.525065, current metric: 0.330734, best metric: 0.322985:  17%|█▋        | 4210/25000 [7:18:07<34:41:30,  6.01s/it]Epoch 27: average [s/it]: 2.525065, current metric: 0.330734, best metric: 0.322985:  17%|█▋        | 4211/25000 [7:18:08<26:36:16,  4.61s/it]Epoch 27: average [s/it]: 2.525065, current metric: 0.330734, best metric: 0.322985:  17%|█▋        | 4212/25000 [7:18:09<20:56:46,  3.63s/it]Epoch 27: average [s/it]: 2.525065, current metric: 0.330734, best metric: 0.322985:  17%|█▋        | 4213/25000 [7:18:11<16:58:54,  2.94s/it]Epoch 27: average [s/it]: 2.525065, current metric: 0.330734, best metric: 0.322985:  17%|█▋        | 4214/25000 [7:19:07<109:02:30, 18.89s/it]Epoch 27: average [s/it]: 2.525065, current metric: 0.330734, best metric: 0.322985:  17%|█▋        | 4215/25000 [7:19:08<78:38:36, 13.62s/it] Epoch 27: average [s/it]: 2.525065, current metric: 0.330734, best metric: 0.322985:  17%|█▋        | 4216/25000 [7:19:09<57:21:56,  9.94s/it]Epoch 27: average [s/it]: 2.525065, current metric: 0.330734, best metric: 0.322985:  17%|█▋        | 4217/25000 [7:19:11<42:28:15,  7.36s/it]Epoch 27: average [s/it]: 2.525065, current metric: 0.330734, best metric: 0.322985:  17%|█▋        | 4218/25000 [7:19:12<32:02:46,  5.55s/it]Epoch 27: average [s/it]: 2.525065, current metric: 0.330734, best metric: 0.322985:  17%|█▋        | 4219/25000 [7:19:14<24:44:56,  4.29s/it]Epoch 27: average [s/it]: 2.525065, current metric: 0.330734, best metric: 0.322985:  17%|█▋        | 4220/25000 [7:19:15<19:38:30,  3.40s/it]Epoch 27: average [s/it]: 2.525065, current metric: 0.330734, best metric: 0.322985:  17%|█▋        | 4221/25000 [7:19:16<16:03:53,  2.78s/it]Epoch 27: average [s/it]: 2.525065, current metric: 0.330734, best metric: 0.322985:  17%|█▋        | 4222/25000 [7:19:18<13:33:47,  2.35s/it]Epoch 27: average [s/it]: 2.525065, current metric: 0.330734, best metric: 0.322985:  17%|█▋        | 4223/25000 [7:19:19<11:48:35,  2.05s/it]Epoch 27: average [s/it]: 2.525065, current metric: 0.330734, best metric: 0.322985:  17%|█▋        | 4224/25000 [7:19:20<10:35:03,  1.83s/it]Epoch 27: average [s/it]: 2.525065, current metric: 0.330734, best metric: 0.322985:  17%|█▋        | 4225/25000 [7:19:22<9:43:38,  1.69s/it] Epoch 27: average [s/it]: 2.525065, current metric: 0.330734, best metric: 0.322985:  17%|█▋        | 4226/25000 [7:19:23<9:07:36,  1.58s/it]Epoch 27: average [s/it]: 2.525065, current metric: 0.330734, best metric: 0.322985:  17%|█▋        | 4227/25000 [7:19:24<8:51:40,  1.54s/it]Epoch 27: average [s/it]: 2.525065, current metric: 0.330734, best metric: 0.322985:  17%|█▋        | 4228/25000 [7:19:26<8:31:06,  1.48s/it]Epoch 27: average [s/it]: 2.525065, current metric: 0.330734, best metric: 0.322985:  17%|█▋        | 4229/25000 [7:19:27<8:16:48,  1.44s/it]Epoch 27: average [s/it]: 2.525065, current metric: 0.330734, best metric: 0.322985:  17%|█▋        | 4230/25000 [7:19:28<8:06:43,  1.41s/it]Epoch 27: average [s/it]: 2.525065, current metric: 0.330734, best metric: 0.322985:  17%|█▋        | 4231/25000 [7:19:30<7:59:45,  1.39s/it]Epoch 27: average [s/it]: 2.525065, current metric: 0.330734, best metric: 0.322985:  17%|█▋        | 4232/25000 [7:19:31<7:54:46,  1.37s/it]Epoch 27: average [s/it]: 2.525065, current metric: 0.330734, best metric: 0.322985:  17%|█▋        | 4233/25000 [7:19:32<7:51:18,  1.36s/it]Epoch 27: average [s/it]: 2.525065, current metric: 0.330734, best metric: 0.322985:  17%|█▋        | 4234/25000 [7:19:34<7:48:55,  1.35s/it]Epoch 27: average [s/it]: 2.525065, current metric: 0.330734, best metric: 0.322985:  17%|█▋        | 4235/25000 [7:19:35<7:47:10,  1.35s/it]Epoch 27: average [s/it]: 2.525065, current metric: 0.330734, best metric: 0.322985:  17%|█▋        | 4236/25000 [7:19:36<7:45:52,  1.35s/it]Epoch 27: average [s/it]: 2.525065, current metric: 0.330734, best metric: 0.322985:  17%|█▋        | 4237/25000 [7:19:38<7:45:01,  1.34s/it]Epoch 27: average [s/it]: 2.525065, current metric: 0.330734, best metric: 0.322985:  17%|█▋        | 4238/25000 [7:19:39<7:44:20,  1.34s/it]Epoch 27: average [s/it]: 2.525065, current metric: 0.330734, best metric: 0.322985:  17%|█▋        | 4239/25000 [7:19:40<7:43:54,  1.34s/it]Epoch 27: average [s/it]: 2.525065, current metric: 0.330734, best metric: 0.322985:  17%|█▋        | 4240/25000 [7:19:42<7:43:32,  1.34s/it]Epoch 27: average [s/it]: 2.525065, current metric: 0.330734, best metric: 0.322985:  17%|█▋        | 4241/25000 [7:19:43<7:43:21,  1.34s/it]Epoch 27: average [s/it]: 2.525065, current metric: 0.330734, best metric: 0.322985:  17%|█▋        | 4242/25000 [7:19:44<7:43:14,  1.34s/it]Epoch 27: average [s/it]: 2.525065, current metric: 0.330734, best metric: 0.322985:  17%|█▋        | 4243/25000 [7:19:46<7:43:08,  1.34s/it]Epoch 27: average [s/it]: 2.525065, current metric: 0.330734, best metric: 0.322985:  17%|█▋        | 4244/25000 [7:19:47<7:43:05,  1.34s/it]Epoch 27: average [s/it]: 2.525065, current metric: 0.330734, best metric: 0.322985:  17%|█▋        | 4245/25000 [7:19:48<7:43:06,  1.34s/it]Epoch 27: average [s/it]: 2.525065, current metric: 0.330734, best metric: 0.322985:  17%|█▋        | 4246/25000 [7:19:58<21:10:11,  3.67s/it]Epoch 27: average [s/it]: 2.525065, current metric: 0.330734, best metric: 0.322985:  17%|█▋        | 4247/25000 [7:19:59<17:07:59,  2.97s/it]Epoch 27: average [s/it]: 2.525065, current metric: 0.330734, best metric: 0.322985:  17%|█▋        | 4248/25000 [7:20:00<14:18:32,  2.48s/it]Epoch 27: average [s/it]: 2.525065, current metric: 0.330734, best metric: 0.322985:  17%|█▋        | 4249/25000 [7:20:02<12:19:49,  2.14s/it]Epoch 27: average [s/it]: 2.525065, current metric: 0.330734, best metric: 0.322985:  17%|█▋        | 4250/25000 [7:20:16<32:59:21,  5.72s/it]Epoch 27: average [s/it]: 2.525065, current metric: 0.330734, best metric: 0.322985:  17%|█▋        | 4251/25000 [7:20:17<25:24:20,  4.41s/it]Epoch 27: average [s/it]: 2.525065, current metric: 0.330734, best metric: 0.322985:  17%|█▋        | 4252/25000 [7:20:18<20:05:44,  3.49s/it]Epoch 27: average [s/it]: 2.525065, current metric: 0.330734, best metric: 0.322985:  17%|█▋        | 4253/25000 [7:20:20<16:24:30,  2.85s/it]Epoch 27: average [s/it]: 2.525065, current metric: 0.330734, best metric: 0.322985:  17%|█▋        | 4254/25000 [7:20:21<13:47:52,  2.39s/it]Epoch 27: average [s/it]: 2.525065, current metric: 0.330734, best metric: 0.322985:  17%|█▋        | 4255/25000 [7:20:22<11:58:16,  2.08s/it]Epoch 27: average [s/it]: 2.525065, current metric: 0.330734, best metric: 0.322985:  17%|█▋        | 4256/25000 [7:20:24<10:41:32,  1.86s/it]Epoch 27: average [s/it]: 2.525065, current metric: 0.330734, best metric: 0.322985:  17%|█▋        | 4257/25000 [7:20:37<29:50:41,  5.18s/it]Epoch 27: average [s/it]: 2.525065, current metric: 0.330734, best metric: 0.322985:  17%|█▋        | 4258/25000 [7:20:38<23:12:19,  4.03s/it]Epoch 27: average [s/it]: 2.525065, current metric: 0.330734, best metric: 0.322985:  17%|█▋        | 4259/25000 [7:20:39<18:40:54,  3.24s/it]Epoch 27: average [s/it]: 2.525065, current metric: 0.330734, best metric: 0.322985:  17%|█▋        | 4260/25000 [7:20:41<15:23:24,  2.67s/it]Epoch 27: average [s/it]: 2.525065, current metric: 0.330734, best metric: 0.322985:  17%|█▋        | 4261/25000 [7:20:42<13:05:17,  2.27s/it]Epoch 27: average [s/it]: 2.525065, current metric: 0.330734, best metric: 0.322985:  17%|█▋        | 4262/25000 [7:20:43<11:28:30,  1.99s/it]Epoch 27: average [s/it]: 2.525065, current metric: 0.330734, best metric: 0.322985:  17%|█▋        | 4263/25000 [7:20:45<10:20:39,  1.80s/it]Epoch 27: average [s/it]: 2.525065, current metric: 0.330734, best metric: 0.322985:  17%|█▋        | 4264/25000 [7:20:46<9:33:11,  1.66s/it] Epoch 27: average [s/it]: 2.525065, current metric: 0.330734, best metric: 0.322985:  17%|█▋        | 4265/25000 [7:20:47<8:59:59,  1.56s/it]Epoch 27: average [s/it]: 2.525065, current metric: 0.330734, best metric: 0.322985:  17%|█▋        | 4266/25000 [7:20:49<8:36:46,  1.50s/it]Epoch 27: average [s/it]: 2.525065, current metric: 0.330734, best metric: 0.322985:  17%|█▋        | 4267/25000 [7:20:50<8:20:30,  1.45s/it]Epoch 27: average [s/it]: 2.525065, current metric: 0.330734, best metric: 0.322985:  17%|█▋        | 4268/25000 [7:20:51<8:08:58,  1.42s/it]Epoch 27: average [s/it]: 2.525065, current metric: 0.330734, best metric: 0.322985:  17%|█▋        | 4269/25000 [7:20:53<8:00:55,  1.39s/it]Epoch 27: average [s/it]: 2.525065, current metric: 0.330734, best metric: 0.322985:  17%|█▋        | 4270/25000 [7:20:54<7:55:17,  1.38s/it]Epoch 27: average [s/it]: 2.525065, current metric: 0.330734, best metric: 0.322985:  17%|█▋        | 4271/25000 [7:20:55<7:51:23,  1.36s/it]Epoch 27: average [s/it]: 2.525065, current metric: 0.330734, best metric: 0.322985:  17%|█▋        | 4272/25000 [7:20:57<7:48:36,  1.36s/it]Epoch 27: average [s/it]: 2.525065, current metric: 0.330734, best metric: 0.322985:  17%|█▋        | 4273/25000 [7:20:58<7:46:43,  1.35s/it]Epoch 27: average [s/it]: 2.525065, current metric: 0.330734, best metric: 0.322985:  17%|█▋        | 4274/25000 [7:20:59<7:45:23,  1.35s/it]Epoch 27: average [s/it]: 2.525065, current metric: 0.330734, best metric: 0.322985:  17%|█▋        | 4275/25000 [7:21:21<41:50:53,  7.27s/it]Epoch 27: average [s/it]: 2.525065, current metric: 0.330734, best metric: 0.322985:  17%|█▋        | 4276/25000 [7:21:22<31:36:18,  5.49s/it]Epoch 27: average [s/it]: 2.525065, current metric: 0.330734, best metric: 0.322985:  17%|█▋        | 4277/25000 [7:21:23<24:25:56,  4.24s/it]Epoch 27: average [s/it]: 2.525065, current metric: 0.330734, best metric: 0.322985:  17%|█▋        | 4278/25000 [7:21:25<19:24:45,  3.37s/it]Epoch 27: average [s/it]: 2.525065, current metric: 0.330734, best metric: 0.322985:  17%|█▋        | 4279/25000 [7:21:26<15:53:54,  2.76s/it]Epoch 27: average [s/it]: 2.525065, current metric: 0.330734, best metric: 0.322985:  17%|█▋        | 4280/25000 [7:21:27<13:27:23,  2.34s/it]Epoch 27: average [s/it]: 2.525065, current metric: 0.330734, best metric: 0.322985:  17%|█▋        | 4281/25000 [7:21:29<11:43:44,  2.04s/it]Epoch 27: average [s/it]: 2.525065, current metric: 0.330734, best metric: 0.322985:  17%|█▋        | 4282/25000 [7:21:30<10:31:11,  1.83s/it]Epoch 27: average [s/it]: 2.525065, current metric: 0.330734, best metric: 0.322985:  17%|█▋        | 4283/25000 [7:21:31<9:40:19,  1.68s/it] Epoch 27: average [s/it]: 2.525065, current metric: 0.330734, best metric: 0.322985:  17%|█▋        | 4284/25000 [7:21:33<9:04:50,  1.58s/it]Epoch 28: average [s/it]: 4.766499, current metric: 0.333536, best metric: 0.322985:  17%|█▋        | 4284/25000 [7:24:05<9:04:50,  1.58s/it]Epoch 28: average [s/it]: 4.766499, current metric: 0.333536, best metric: 0.322985:  17%|█▋        | 4285/25000 [7:26:05<476:54:47, 82.88s/it]Epoch 28: average [s/it]: 4.766499, current metric: 0.333536, best metric: 0.322985:  17%|█▋        | 4286/25000 [7:26:06<336:08:17, 58.42s/it]Epoch 28: average [s/it]: 4.766499, current metric: 0.333536, best metric: 0.322985:  17%|█▋        | 4287/25000 [7:26:08<237:35:55, 41.30s/it]Epoch 28: average [s/it]: 4.766499, current metric: 0.333536, best metric: 0.322985:  17%|█▋        | 4288/25000 [7:26:09<168:37:26, 29.31s/it]Epoch 28: average [s/it]: 4.766499, current metric: 0.333536, best metric: 0.322985:  17%|█▋        | 4289/25000 [7:26:11<120:20:36, 20.92s/it]Epoch 28: average [s/it]: 4.766499, current metric: 0.333536, best metric: 0.322985:  17%|█▋        | 4290/25000 [7:26:12<86:33:07, 15.05s/it] Epoch 28: average [s/it]: 4.766499, current metric: 0.333536, best metric: 0.322985:  17%|█▋        | 4291/25000 [7:26:13<62:53:58, 10.93s/it]Epoch 28: average [s/it]: 4.766499, current metric: 0.333536, best metric: 0.322985:  17%|█▋        | 4292/25000 [7:26:15<46:20:34,  8.06s/it]Epoch 28: average [s/it]: 4.766499, current metric: 0.333536, best metric: 0.322985:  17%|█▋        | 4293/25000 [7:26:16<34:45:14,  6.04s/it]Epoch 28: average [s/it]: 4.766499, current metric: 0.333536, best metric: 0.322985:  17%|█▋        | 4294/25000 [7:26:17<26:38:29,  4.63s/it]Epoch 28: average [s/it]: 4.766499, current metric: 0.333536, best metric: 0.322985:  17%|█▋        | 4295/25000 [7:26:19<20:57:53,  3.65s/it]Epoch 28: average [s/it]: 4.766499, current metric: 0.333536, best metric: 0.322985:  17%|█▋        | 4296/25000 [7:26:20<16:59:21,  2.95s/it]Epoch 28: average [s/it]: 4.766499, current metric: 0.333536, best metric: 0.322985:  17%|█▋        | 4297/25000 [7:26:21<14:12:21,  2.47s/it]Epoch 28: average [s/it]: 4.766499, current metric: 0.333536, best metric: 0.322985:  17%|█▋        | 4298/25000 [7:26:31<27:25:16,  4.77s/it]Epoch 28: average [s/it]: 4.766499, current metric: 0.333536, best metric: 0.322985:  17%|█▋        | 4299/25000 [7:26:33<21:30:25,  3.74s/it]Epoch 28: average [s/it]: 4.766499, current metric: 0.333536, best metric: 0.322985:  17%|█▋        | 4300/25000 [7:26:34<17:27:22,  3.04s/it]Epoch 28: average [s/it]: 4.766499, current metric: 0.333536, best metric: 0.322985:  17%|█▋        | 4301/25000 [7:27:53<148:56:59, 25.91s/it]Epoch 28: average [s/it]: 4.766499, current metric: 0.333536, best metric: 0.322985:  17%|█▋        | 4302/25000 [7:27:55<106:44:04, 18.56s/it]Epoch 28: average [s/it]: 4.766499, current metric: 0.333536, best metric: 0.322985:  17%|█▋        | 4303/25000 [7:27:56<77:01:11, 13.40s/it] Epoch 28: average [s/it]: 4.766499, current metric: 0.333536, best metric: 0.322985:  17%|█▋        | 4304/25000 [7:27:57<56:13:18,  9.78s/it]Epoch 28: average [s/it]: 4.766499, current metric: 0.333536, best metric: 0.322985:  17%|█▋        | 4305/25000 [7:27:59<41:39:47,  7.25s/it]Epoch 28: average [s/it]: 4.766499, current metric: 0.333536, best metric: 0.322985:  17%|█▋        | 4306/25000 [7:28:00<31:28:26,  5.48s/it]Epoch 28: average [s/it]: 4.766499, current metric: 0.333536, best metric: 0.322985:  17%|█▋        | 4307/25000 [7:28:02<24:20:32,  4.23s/it]Epoch 28: average [s/it]: 4.766499, current metric: 0.333536, best metric: 0.322985:  17%|█▋        | 4308/25000 [7:28:03<19:20:56,  3.37s/it]Epoch 28: average [s/it]: 4.766499, current metric: 0.333536, best metric: 0.322985:  17%|█▋        | 4309/25000 [7:28:04<15:51:46,  2.76s/it]Epoch 28: average [s/it]: 4.766499, current metric: 0.333536, best metric: 0.322985:  17%|█▋        | 4310/25000 [7:28:06<13:24:51,  2.33s/it]Epoch 28: average [s/it]: 4.766499, current metric: 0.333536, best metric: 0.322985:  17%|█▋        | 4311/25000 [7:28:07<11:41:55,  2.04s/it]Epoch 28: average [s/it]: 4.766499, current metric: 0.333536, best metric: 0.322985:  17%|█▋        | 4312/25000 [7:28:08<10:29:58,  1.83s/it]Epoch 28: average [s/it]: 4.766499, current metric: 0.333536, best metric: 0.322985:  17%|█▋        | 4313/25000 [7:28:10<9:39:30,  1.68s/it] Epoch 28: average [s/it]: 4.766499, current metric: 0.333536, best metric: 0.322985:  17%|█▋        | 4314/25000 [7:28:11<9:04:14,  1.58s/it]Epoch 28: average [s/it]: 4.766499, current metric: 0.333536, best metric: 0.322985:  17%|█▋        | 4315/25000 [7:28:12<8:39:33,  1.51s/it]Epoch 28: average [s/it]: 4.766499, current metric: 0.333536, best metric: 0.322985:  17%|█▋        | 4316/25000 [7:28:14<8:22:14,  1.46s/it]Epoch 28: average [s/it]: 4.766499, current metric: 0.333536, best metric: 0.322985:  17%|█▋        | 4317/25000 [7:29:00<86:25:18, 15.04s/it]Epoch 28: average [s/it]: 4.766499, current metric: 0.333536, best metric: 0.322985:  17%|█▋        | 4318/25000 [7:29:02<62:48:15, 10.93s/it]Epoch 28: average [s/it]: 4.766499, current metric: 0.333536, best metric: 0.322985:  17%|█▋        | 4319/25000 [7:29:03<46:16:13,  8.05s/it]Epoch 28: average [s/it]: 4.766499, current metric: 0.333536, best metric: 0.322985:  17%|█▋        | 4320/25000 [7:29:04<34:41:46,  6.04s/it]Epoch 28: average [s/it]: 4.766499, current metric: 0.333536, best metric: 0.322985:  17%|█▋        | 4321/25000 [7:29:06<26:35:43,  4.63s/it]Epoch 28: average [s/it]: 4.766499, current metric: 0.333536, best metric: 0.322985:  17%|█▋        | 4322/25000 [7:29:07<20:55:28,  3.64s/it]Epoch 28: average [s/it]: 4.766499, current metric: 0.333536, best metric: 0.322985:  17%|█▋        | 4323/25000 [7:29:08<16:57:24,  2.95s/it]Epoch 28: average [s/it]: 4.766499, current metric: 0.333536, best metric: 0.322985:  17%|█▋        | 4324/25000 [7:29:10<14:10:42,  2.47s/it]Epoch 28: average [s/it]: 4.766499, current metric: 0.333536, best metric: 0.322985:  17%|█▋        | 4325/25000 [7:29:11<12:13:57,  2.13s/it]Epoch 28: average [s/it]: 4.766499, current metric: 0.333536, best metric: 0.322985:  17%|█▋        | 4326/25000 [7:29:12<10:52:20,  1.89s/it]Epoch 28: average [s/it]: 4.766499, current metric: 0.333536, best metric: 0.322985:  17%|█▋        | 4327/25000 [7:29:14<9:55:09,  1.73s/it] Epoch 28: average [s/it]: 4.766499, current metric: 0.333536, best metric: 0.322985:  17%|█▋        | 4328/25000 [7:29:15<9:22:29,  1.63s/it]Epoch 28: average [s/it]: 4.766499, current metric: 0.333536, best metric: 0.322985:  17%|█▋        | 4329/25000 [7:29:16<8:52:09,  1.54s/it]Epoch 28: average [s/it]: 4.766499, current metric: 0.333536, best metric: 0.322985:  17%|█▋        | 4330/25000 [7:29:18<8:31:05,  1.48s/it]Epoch 28: average [s/it]: 4.766499, current metric: 0.333536, best metric: 0.322985:  17%|█▋        | 4331/25000 [7:29:19<8:16:09,  1.44s/it]Epoch 28: average [s/it]: 4.766499, current metric: 0.333536, best metric: 0.322985:  17%|█▋        | 4332/25000 [7:29:20<8:05:43,  1.41s/it]Epoch 28: average [s/it]: 4.766499, current metric: 0.333536, best metric: 0.322985:  17%|█▋        | 4333/25000 [7:30:58<174:25:51, 30.38s/it]Epoch 28: average [s/it]: 4.766499, current metric: 0.333536, best metric: 0.322985:  17%|█▋        | 4334/25000 [7:31:00<124:24:26, 21.67s/it]Epoch 28: average [s/it]: 4.766499, current metric: 0.333536, best metric: 0.322985:  17%|█▋        | 4335/25000 [7:31:01<89:39:31, 15.62s/it] Epoch 28: average [s/it]: 4.766499, current metric: 0.333536, best metric: 0.322985:  17%|█▋        | 4336/25000 [7:31:03<65:03:54, 11.34s/it]Epoch 28: average [s/it]: 4.766499, current metric: 0.333536, best metric: 0.322985:  17%|█▋        | 4337/25000 [7:31:04<47:50:56,  8.34s/it]Epoch 28: average [s/it]: 4.766499, current metric: 0.333536, best metric: 0.322985:  17%|█▋        | 4338/25000 [7:31:05<35:47:50,  6.24s/it]Epoch 28: average [s/it]: 4.766499, current metric: 0.333536, best metric: 0.322985:  17%|█▋        | 4339/25000 [7:31:07<27:21:54,  4.77s/it]Epoch 28: average [s/it]: 4.766499, current metric: 0.333536, best metric: 0.322985:  17%|█▋        | 4340/25000 [7:31:08<21:27:40,  3.74s/it]Epoch 28: average [s/it]: 4.766499, current metric: 0.333536, best metric: 0.322985:  17%|█▋        | 4341/25000 [7:31:09<17:19:40,  3.02s/it]Epoch 28: average [s/it]: 4.766499, current metric: 0.333536, best metric: 0.322985:  17%|█▋        | 4342/25000 [7:31:11<14:26:07,  2.52s/it]Epoch 28: average [s/it]: 4.766499, current metric: 0.333536, best metric: 0.322985:  17%|█▋        | 4343/25000 [7:31:12<12:24:37,  2.16s/it]Epoch 28: average [s/it]: 4.766499, current metric: 0.333536, best metric: 0.322985:  17%|█▋        | 4344/25000 [7:31:13<11:00:54,  1.92s/it]Epoch 28: average [s/it]: 4.766499, current metric: 0.333536, best metric: 0.322985:  17%|█▋        | 4345/25000 [7:31:15<10:01:04,  1.75s/it]Epoch 28: average [s/it]: 4.766499, current metric: 0.333536, best metric: 0.322985:  17%|█▋        | 4346/25000 [7:31:16<9:19:09,  1.62s/it] Epoch 28: average [s/it]: 4.766499, current metric: 0.333536, best metric: 0.322985:  17%|█▋        | 4347/25000 [7:31:18<9:07:44,  1.59s/it]Epoch 28: average [s/it]: 4.766499, current metric: 0.333536, best metric: 0.322985:  17%|█▋        | 4348/25000 [7:31:19<8:41:44,  1.52s/it]Epoch 28: average [s/it]: 4.766499, current metric: 0.333536, best metric: 0.322985:  17%|█▋        | 4349/25000 [7:32:21<113:34:36, 19.80s/it]Epoch 28: average [s/it]: 4.766499, current metric: 0.333536, best metric: 0.322985:  17%|█▋        | 4350/25000 [7:32:23<81:48:15, 14.26s/it] Epoch 28: average [s/it]: 4.766499, current metric: 0.333536, best metric: 0.322985:  17%|█▋        | 4351/25000 [7:32:24<59:50:18, 10.43s/it]Epoch 28: average [s/it]: 4.766499, current metric: 0.333536, best metric: 0.322985:  17%|█▋        | 4352/25000 [7:32:26<44:11:29,  7.70s/it]Epoch 28: average [s/it]: 4.766499, current metric: 0.333536, best metric: 0.322985:  17%|█▋        | 4353/25000 [7:32:27<33:14:14,  5.80s/it]Epoch 28: average [s/it]: 4.766499, current metric: 0.333536, best metric: 0.322985:  17%|█▋        | 4354/25000 [7:32:28<25:34:11,  4.46s/it]Epoch 28: average [s/it]: 4.766499, current metric: 0.333536, best metric: 0.322985:  17%|█▋        | 4355/25000 [7:32:30<20:12:10,  3.52s/it]Epoch 28: average [s/it]: 4.766499, current metric: 0.333536, best metric: 0.322985:  17%|█▋        | 4356/25000 [7:32:31<16:26:40,  2.87s/it]Epoch 28: average [s/it]: 4.766499, current metric: 0.333536, best metric: 0.322985:  17%|█▋        | 4357/25000 [7:32:32<13:48:57,  2.41s/it]Epoch 28: average [s/it]: 4.766499, current metric: 0.333536, best metric: 0.322985:  17%|█▋        | 4358/25000 [7:32:34<11:58:36,  2.09s/it]Epoch 28: average [s/it]: 4.766499, current metric: 0.333536, best metric: 0.322985:  17%|█▋        | 4359/25000 [7:32:35<10:41:15,  1.86s/it]Epoch 28: average [s/it]: 4.766499, current metric: 0.333536, best metric: 0.322985:  17%|█▋        | 4360/25000 [7:32:36<9:47:07,  1.71s/it] Epoch 28: average [s/it]: 4.766499, current metric: 0.333536, best metric: 0.322985:  17%|█▋        | 4361/25000 [7:32:38<9:09:13,  1.60s/it]Epoch 28: average [s/it]: 4.766499, current metric: 0.333536, best metric: 0.322985:  17%|█▋        | 4362/25000 [7:32:39<8:42:41,  1.52s/it]Epoch 28: average [s/it]: 4.766499, current metric: 0.333536, best metric: 0.322985:  17%|█▋        | 4363/25000 [7:32:40<8:24:52,  1.47s/it]Epoch 28: average [s/it]: 4.766499, current metric: 0.333536, best metric: 0.322985:  17%|█▋        | 4364/25000 [7:32:42<8:11:40,  1.43s/it]Epoch 28: average [s/it]: 4.766499, current metric: 0.333536, best metric: 0.322985:  17%|█▋        | 4365/25000 [7:34:44<215:59:38, 37.68s/it]Epoch 28: average [s/it]: 4.766499, current metric: 0.333536, best metric: 0.322985:  17%|█▋        | 4366/25000 [7:34:45<153:29:35, 26.78s/it]Epoch 28: average [s/it]: 4.766499, current metric: 0.333536, best metric: 0.322985:  17%|█▋        | 4367/25000 [7:34:47<109:44:31, 19.15s/it]Epoch 28: average [s/it]: 4.766499, current metric: 0.333536, best metric: 0.322985:  17%|█▋        | 4368/25000 [7:34:48<79:06:54, 13.80s/it] Epoch 28: average [s/it]: 4.766499, current metric: 0.333536, best metric: 0.322985:  17%|█▋        | 4369/25000 [7:34:49<57:40:43, 10.06s/it]Epoch 28: average [s/it]: 4.766499, current metric: 0.333536, best metric: 0.322985:  17%|█▋        | 4370/25000 [7:34:51<42:40:20,  7.45s/it]Epoch 28: average [s/it]: 4.766499, current metric: 0.333536, best metric: 0.322985:  17%|█▋        | 4371/25000 [7:34:52<32:10:07,  5.61s/it]Epoch 28: average [s/it]: 4.766499, current metric: 0.333536, best metric: 0.322985:  17%|█▋        | 4372/25000 [7:34:53<24:49:05,  4.33s/it]Epoch 28: average [s/it]: 4.766499, current metric: 0.333536, best metric: 0.322985:  17%|█▋        | 4373/25000 [7:34:55<19:40:19,  3.43s/it]Epoch 28: average [s/it]: 4.766499, current metric: 0.333536, best metric: 0.322985:  17%|█▋        | 4374/25000 [7:34:56<16:04:13,  2.80s/it]Epoch 28: average [s/it]: 4.766499, current metric: 0.333536, best metric: 0.322985:  18%|█▊        | 4375/25000 [7:34:57<13:32:55,  2.36s/it]Epoch 28: average [s/it]: 4.766499, current metric: 0.333536, best metric: 0.322985:  18%|█▊        | 4376/25000 [7:34:59<11:47:01,  2.06s/it]Epoch 28: average [s/it]: 4.766499, current metric: 0.333536, best metric: 0.322985:  18%|█▊        | 4377/25000 [7:35:00<10:32:56,  1.84s/it]Epoch 28: average [s/it]: 4.766499, current metric: 0.333536, best metric: 0.322985:  18%|█▊        | 4378/25000 [7:35:01<9:41:02,  1.69s/it] Epoch 28: average [s/it]: 4.766499, current metric: 0.333536, best metric: 0.322985:  18%|█▊        | 4379/25000 [7:35:03<9:11:18,  1.60s/it]Epoch 28: average [s/it]: 4.766499, current metric: 0.333536, best metric: 0.322985:  18%|█▊        | 4380/25000 [7:35:04<8:43:53,  1.52s/it]Epoch 28: average [s/it]: 4.766499, current metric: 0.333536, best metric: 0.322985:  18%|█▊        | 4381/25000 [7:35:05<8:24:37,  1.47s/it]Epoch 28: average [s/it]: 4.766499, current metric: 0.333536, best metric: 0.322985:  18%|█▊        | 4382/25000 [7:35:07<8:11:13,  1.43s/it]Epoch 28: average [s/it]: 4.766499, current metric: 0.333536, best metric: 0.322985:  18%|█▊        | 4383/25000 [7:35:08<8:01:50,  1.40s/it]Epoch 28: average [s/it]: 4.766499, current metric: 0.333536, best metric: 0.322985:  18%|█▊        | 4384/25000 [7:35:09<7:57:44,  1.39s/it]Epoch 28: average [s/it]: 4.766499, current metric: 0.333536, best metric: 0.322985:  18%|█▊        | 4385/25000 [7:35:11<7:52:21,  1.37s/it]Epoch 28: average [s/it]: 4.766499, current metric: 0.333536, best metric: 0.322985:  18%|█▊        | 4386/25000 [7:35:12<7:48:32,  1.36s/it]Epoch 28: average [s/it]: 4.766499, current metric: 0.333536, best metric: 0.322985:  18%|█▊        | 4387/25000 [7:35:13<7:45:51,  1.36s/it]Epoch 28: average [s/it]: 4.766499, current metric: 0.333536, best metric: 0.322985:  18%|█▊        | 4388/25000 [7:35:15<7:43:56,  1.35s/it]Epoch 28: average [s/it]: 4.766499, current metric: 0.333536, best metric: 0.322985:  18%|█▊        | 4389/25000 [7:35:16<7:42:39,  1.35s/it]Epoch 28: average [s/it]: 4.766499, current metric: 0.333536, best metric: 0.322985:  18%|█▊        | 4390/25000 [7:35:17<7:41:45,  1.34s/it]Epoch 28: average [s/it]: 4.766499, current metric: 0.333536, best metric: 0.322985:  18%|█▊        | 4391/25000 [7:35:19<7:41:06,  1.34s/it]Epoch 28: average [s/it]: 4.766499, current metric: 0.333536, best metric: 0.322985:  18%|█▊        | 4392/25000 [7:35:20<7:40:41,  1.34s/it]Epoch 28: average [s/it]: 4.766499, current metric: 0.333536, best metric: 0.322985:  18%|█▊        | 4393/25000 [7:35:21<7:40:22,  1.34s/it]Epoch 28: average [s/it]: 4.766499, current metric: 0.333536, best metric: 0.322985:  18%|█▊        | 4394/25000 [7:35:23<7:40:12,  1.34s/it]Epoch 28: average [s/it]: 4.766499, current metric: 0.333536, best metric: 0.322985:  18%|█▊        | 4395/25000 [7:35:24<7:40:02,  1.34s/it]Epoch 28: average [s/it]: 4.766499, current metric: 0.333536, best metric: 0.322985:  18%|█▊        | 4396/25000 [7:35:25<7:39:51,  1.34s/it]Epoch 28: average [s/it]: 4.766499, current metric: 0.333536, best metric: 0.322985:  18%|█▊        | 4397/25000 [7:35:34<19:52:28,  3.47s/it]Epoch 28: average [s/it]: 4.766499, current metric: 0.333536, best metric: 0.322985:  18%|█▊        | 4398/25000 [7:35:45<33:41:41,  5.89s/it]Epoch 28: average [s/it]: 4.766499, current metric: 0.333536, best metric: 0.322985:  18%|█▊        | 4399/25000 [7:35:47<25:53:07,  4.52s/it]Epoch 28: average [s/it]: 4.766499, current metric: 0.333536, best metric: 0.322985:  18%|█▊        | 4400/25000 [7:35:48<20:25:06,  3.57s/it]Epoch 28: average [s/it]: 4.766499, current metric: 0.333536, best metric: 0.322985:  18%|█▊        | 4401/25000 [7:35:50<16:49:12,  2.94s/it]Epoch 28: average [s/it]: 4.766499, current metric: 0.333536, best metric: 0.322985:  18%|█▊        | 4402/25000 [7:35:51<14:08:42,  2.47s/it]Epoch 28: average [s/it]: 4.766499, current metric: 0.333536, best metric: 0.322985:  18%|█▊        | 4403/25000 [7:35:52<12:12:10,  2.13s/it]Epoch 28: average [s/it]: 4.766499, current metric: 0.333536, best metric: 0.322985:  18%|█▊        | 4404/25000 [7:35:54<10:50:43,  1.90s/it]Epoch 28: average [s/it]: 4.766499, current metric: 0.333536, best metric: 0.322985:  18%|█▊        | 4405/25000 [7:35:55<9:54:08,  1.73s/it] Epoch 28: average [s/it]: 4.766499, current metric: 0.333536, best metric: 0.322985:  18%|█▊        | 4406/25000 [7:36:35<76:04:31, 13.30s/it]Epoch 28: average [s/it]: 4.766499, current metric: 0.333536, best metric: 0.322985:  18%|█▊        | 4407/25000 [7:36:37<55:32:44,  9.71s/it]Epoch 28: average [s/it]: 4.766499, current metric: 0.333536, best metric: 0.322985:  18%|█▊        | 4408/25000 [7:36:38<41:10:29,  7.20s/it]Epoch 28: average [s/it]: 4.766499, current metric: 0.333536, best metric: 0.322985:  18%|█▊        | 4409/25000 [7:36:39<31:06:53,  5.44s/it]Epoch 28: average [s/it]: 4.766499, current metric: 0.333536, best metric: 0.322985:  18%|█▊        | 4410/25000 [7:36:41<24:04:29,  4.21s/it]Epoch 28: average [s/it]: 4.766499, current metric: 0.333536, best metric: 0.322985:  18%|█▊        | 4411/25000 [7:36:42<19:08:49,  3.35s/it]Epoch 28: average [s/it]: 4.766499, current metric: 0.333536, best metric: 0.322985:  18%|█▊        | 4412/25000 [7:36:43<15:41:51,  2.74s/it]Epoch 28: average [s/it]: 4.766499, current metric: 0.333536, best metric: 0.322985:  18%|█▊        | 4413/25000 [7:36:45<13:16:57,  2.32s/it]Epoch 28: average [s/it]: 4.766499, current metric: 0.333536, best metric: 0.322985:  18%|█▊        | 4414/25000 [7:36:46<11:35:35,  2.03s/it]Epoch 28: average [s/it]: 4.766499, current metric: 0.333536, best metric: 0.322985:  18%|█▊        | 4415/25000 [7:36:47<10:24:36,  1.82s/it]Epoch 28: average [s/it]: 4.766499, current metric: 0.333536, best metric: 0.322985:  18%|█▊        | 4416/25000 [7:36:49<9:34:56,  1.68s/it] Epoch 28: average [s/it]: 4.766499, current metric: 0.333536, best metric: 0.322985:  18%|█▊        | 4417/25000 [7:36:50<9:00:07,  1.57s/it]Epoch 28: average [s/it]: 4.766499, current metric: 0.333536, best metric: 0.322985:  18%|█▊        | 4418/25000 [7:36:51<8:35:47,  1.50s/it]Epoch 28: average [s/it]: 4.766499, current metric: 0.333536, best metric: 0.322985:  18%|█▊        | 4419/25000 [7:36:53<8:18:40,  1.45s/it]Epoch 28: average [s/it]: 4.766499, current metric: 0.333536, best metric: 0.322985:  18%|█▊        | 4420/25000 [7:36:54<8:06:39,  1.42s/it]Epoch 28: average [s/it]: 4.766499, current metric: 0.333536, best metric: 0.322985:  18%|█▊        | 4421/25000 [7:36:55<7:58:17,  1.39s/it]Epoch 28: average [s/it]: 4.766499, current metric: 0.333536, best metric: 0.322985:  18%|█▊        | 4422/25000 [7:36:57<7:52:18,  1.38s/it]Epoch 28: average [s/it]: 4.766499, current metric: 0.333536, best metric: 0.322985:  18%|█▊        | 4423/25000 [7:36:58<7:48:14,  1.37s/it]Epoch 28: average [s/it]: 4.766499, current metric: 0.333536, best metric: 0.322985:  18%|█▊        | 4424/25000 [7:36:59<7:45:18,  1.36s/it]Epoch 28: average [s/it]: 4.766499, current metric: 0.333536, best metric: 0.322985:  18%|█▊        | 4425/25000 [7:37:01<7:43:22,  1.35s/it]Epoch 28: average [s/it]: 4.766499, current metric: 0.333536, best metric: 0.322985:  18%|█▊        | 4426/25000 [7:37:02<7:41:55,  1.35s/it]Epoch 28: average [s/it]: 4.766499, current metric: 0.333536, best metric: 0.322985:  18%|█▊        | 4427/25000 [7:37:03<7:40:55,  1.34s/it]Epoch 28: average [s/it]: 4.766499, current metric: 0.333536, best metric: 0.322985:  18%|█▊        | 4428/25000 [7:37:05<7:40:13,  1.34s/it]Epoch 28: average [s/it]: 4.766499, current metric: 0.333536, best metric: 0.322985:  18%|█▊        | 4429/25000 [7:37:06<7:39:41,  1.34s/it]Epoch 28: average [s/it]: 4.766499, current metric: 0.333536, best metric: 0.322985:  18%|█▊        | 4430/25000 [7:37:07<7:39:22,  1.34s/it]Epoch 28: average [s/it]: 4.766499, current metric: 0.333536, best metric: 0.322985:  18%|█▊        | 4431/25000 [7:37:09<7:40:15,  1.34s/it]Epoch 28: average [s/it]: 4.766499, current metric: 0.333536, best metric: 0.322985:  18%|█▊        | 4432/25000 [7:37:10<7:39:42,  1.34s/it]Epoch 28: average [s/it]: 4.766499, current metric: 0.333536, best metric: 0.322985:  18%|█▊        | 4433/25000 [7:37:11<7:39:22,  1.34s/it]Epoch 28: average [s/it]: 4.766499, current metric: 0.333536, best metric: 0.322985:  18%|█▊        | 4434/25000 [7:37:13<7:39:09,  1.34s/it]Epoch 28: average [s/it]: 4.766499, current metric: 0.333536, best metric: 0.322985:  18%|█▊        | 4435/25000 [7:37:14<7:38:55,  1.34s/it]Epoch 28: average [s/it]: 4.766499, current metric: 0.333536, best metric: 0.322985:  18%|█▊        | 4436/25000 [7:37:15<7:38:47,  1.34s/it]Epoch 28: average [s/it]: 4.766499, current metric: 0.333536, best metric: 0.322985:  18%|█▊        | 4437/25000 [7:37:17<7:38:42,  1.34s/it]Epoch 29: average [s/it]: 5.173962, current metric: 0.324872, best metric: 0.322985:  18%|█▊        | 4437/25000 [7:38:46<7:38:42,  1.34s/it]Epoch 29: average [s/it]: 5.173962, current metric: 0.324872, best metric: 0.322985:  18%|█▊        | 4438/25000 [7:39:41<252:10:41, 44.15s/it]Epoch 29: average [s/it]: 5.173962, current metric: 0.324872, best metric: 0.322985:  18%|█▊        | 4439/25000 [7:39:42<178:48:40, 31.31s/it]Epoch 29: average [s/it]: 5.173962, current metric: 0.324872, best metric: 0.322985:  18%|█▊        | 4440/25000 [7:40:05<163:41:32, 28.66s/it]Epoch 29: average [s/it]: 5.173962, current metric: 0.324872, best metric: 0.322985:  18%|█▊        | 4441/25000 [7:40:06<116:52:19, 20.46s/it]Epoch 29: average [s/it]: 5.173962, current metric: 0.324872, best metric: 0.322985:  18%|█▊        | 4442/25000 [7:40:07<84:05:55, 14.73s/it] Epoch 29: average [s/it]: 5.173962, current metric: 0.324872, best metric: 0.322985:  18%|█▊        | 4443/25000 [7:40:09<61:09:27, 10.71s/it]Epoch 29: average [s/it]: 5.173962, current metric: 0.324872, best metric: 0.322985:  18%|█▊        | 4444/25000 [7:40:10<45:06:01,  7.90s/it]Epoch 29: average [s/it]: 5.173962, current metric: 0.324872, best metric: 0.322985:  18%|█▊        | 4445/25000 [7:40:11<33:51:37,  5.93s/it]Epoch 29: average [s/it]: 5.173962, current metric: 0.324872, best metric: 0.322985:  18%|█▊        | 4446/25000 [7:40:13<25:59:36,  4.55s/it]Epoch 29: average [s/it]: 5.173962, current metric: 0.324872, best metric: 0.322985:  18%|█▊        | 4447/25000 [7:40:14<20:29:11,  3.59s/it]Epoch 29: average [s/it]: 5.173962, current metric: 0.324872, best metric: 0.322985:  18%|█▊        | 4448/25000 [7:40:15<16:37:51,  2.91s/it]Epoch 29: average [s/it]: 5.173962, current metric: 0.324872, best metric: 0.322985:  18%|█▊        | 4449/25000 [7:40:17<13:55:57,  2.44s/it]Epoch 29: average [s/it]: 5.173962, current metric: 0.324872, best metric: 0.322985:  18%|█▊        | 4450/25000 [7:40:18<12:02:38,  2.11s/it]Epoch 29: average [s/it]: 5.173962, current metric: 0.324872, best metric: 0.322985:  18%|█▊        | 4451/25000 [7:40:19<10:43:17,  1.88s/it]Epoch 29: average [s/it]: 5.173962, current metric: 0.324872, best metric: 0.322985:  18%|█▊        | 4452/25000 [7:40:21<9:47:44,  1.72s/it] Epoch 29: average [s/it]: 5.173962, current metric: 0.324872, best metric: 0.322985:  18%|█▊        | 4453/25000 [7:40:22<9:08:51,  1.60s/it]Epoch 29: average [s/it]: 5.173962, current metric: 0.324872, best metric: 0.322985:  18%|█▊        | 4454/25000 [7:40:23<8:41:41,  1.52s/it]Epoch 29: average [s/it]: 5.173962, current metric: 0.324872, best metric: 0.322985:  18%|█▊        | 4455/25000 [7:40:25<8:22:37,  1.47s/it]Epoch 29: average [s/it]: 5.173962, current metric: 0.324872, best metric: 0.322985:  18%|█▊        | 4456/25000 [7:40:26<8:09:18,  1.43s/it]Epoch 29: average [s/it]: 5.173962, current metric: 0.324872, best metric: 0.322985:  18%|█▊        | 4457/25000 [7:40:27<8:00:00,  1.40s/it]Epoch 29: average [s/it]: 5.173962, current metric: 0.324872, best metric: 0.322985:  18%|█▊        | 4458/25000 [7:40:29<7:53:24,  1.38s/it]Epoch 29: average [s/it]: 5.173962, current metric: 0.324872, best metric: 0.322985:  18%|█▊        | 4459/25000 [7:40:30<7:48:49,  1.37s/it]Epoch 29: average [s/it]: 5.173962, current metric: 0.324872, best metric: 0.322985:  18%|█▊        | 4460/25000 [7:40:31<7:50:29,  1.37s/it]Epoch 29: average [s/it]: 5.173962, current metric: 0.324872, best metric: 0.322985:  18%|█▊        | 4461/25000 [7:40:33<7:46:47,  1.36s/it]Epoch 29: average [s/it]: 5.173962, current metric: 0.324872, best metric: 0.322985:  18%|█▊        | 4462/25000 [7:40:34<7:44:08,  1.36s/it]Epoch 29: average [s/it]: 5.173962, current metric: 0.324872, best metric: 0.322985:  18%|█▊        | 4463/25000 [7:40:36<7:42:21,  1.35s/it]Epoch 29: average [s/it]: 5.173962, current metric: 0.324872, best metric: 0.322985:  18%|█▊        | 4464/25000 [7:40:37<7:41:03,  1.35s/it]Epoch 29: average [s/it]: 5.173962, current metric: 0.324872, best metric: 0.322985:  18%|█▊        | 4465/25000 [7:40:38<7:40:11,  1.34s/it]Epoch 29: average [s/it]: 5.173962, current metric: 0.324872, best metric: 0.322985:  18%|█▊        | 4466/25000 [7:40:40<7:39:31,  1.34s/it]Epoch 29: average [s/it]: 5.173962, current metric: 0.324872, best metric: 0.322985:  18%|█▊        | 4467/25000 [7:40:41<7:39:04,  1.34s/it]Epoch 29: average [s/it]: 5.173962, current metric: 0.324872, best metric: 0.322985:  18%|█▊        | 4468/25000 [7:40:42<7:38:37,  1.34s/it]Epoch 29: average [s/it]: 5.173962, current metric: 0.324872, best metric: 0.322985:  18%|█▊        | 4469/25000 [7:40:44<7:38:24,  1.34s/it]Epoch 29: average [s/it]: 5.173962, current metric: 0.324872, best metric: 0.322985:  18%|█▊        | 4470/25000 [7:41:20<67:41:48, 11.87s/it]Epoch 29: average [s/it]: 5.173962, current metric: 0.324872, best metric: 0.322985:  18%|█▊        | 4471/25000 [7:41:21<49:40:34,  8.71s/it]Epoch 29: average [s/it]: 5.173962, current metric: 0.324872, best metric: 0.322985:  18%|█▊        | 4472/25000 [7:41:23<37:03:39,  6.50s/it]Epoch 29: average [s/it]: 5.173962, current metric: 0.324872, best metric: 0.322985:  18%|█▊        | 4473/25000 [7:41:24<28:13:47,  4.95s/it]Epoch 29: average [s/it]: 5.173962, current metric: 0.324872, best metric: 0.322985:  18%|█▊        | 4474/25000 [7:41:28<27:21:41,  4.80s/it]Epoch 29: average [s/it]: 5.173962, current metric: 0.324872, best metric: 0.322985:  18%|█▊        | 4475/25000 [7:41:30<21:26:35,  3.76s/it]Epoch 29: average [s/it]: 5.173962, current metric: 0.324872, best metric: 0.322985:  18%|█▊        | 4476/25000 [7:41:31<17:17:55,  3.03s/it]Epoch 29: average [s/it]: 5.173962, current metric: 0.324872, best metric: 0.322985:  18%|█▊        | 4477/25000 [7:41:47<40:05:34,  7.03s/it]Epoch 29: average [s/it]: 5.173962, current metric: 0.324872, best metric: 0.322985:  18%|█▊        | 4478/25000 [7:41:49<30:21:09,  5.32s/it]Epoch 29: average [s/it]: 5.173962, current metric: 0.324872, best metric: 0.322985:  18%|█▊        | 4479/25000 [7:41:50<23:32:04,  4.13s/it]Epoch 29: average [s/it]: 5.173962, current metric: 0.324872, best metric: 0.322985:  18%|█▊        | 4480/25000 [7:41:51<18:45:43,  3.29s/it]Epoch 29: average [s/it]: 5.173962, current metric: 0.324872, best metric: 0.322985:  18%|█▊        | 4481/25000 [7:41:53<15:25:11,  2.71s/it]Epoch 29: average [s/it]: 5.173962, current metric: 0.324872, best metric: 0.322985:  18%|█▊        | 4482/25000 [7:41:54<13:04:51,  2.30s/it]Epoch 29: average [s/it]: 5.173962, current metric: 0.324872, best metric: 0.322985:  18%|█▊        | 4483/25000 [7:41:56<11:26:36,  2.01s/it]Epoch 29: average [s/it]: 5.173962, current metric: 0.324872, best metric: 0.322985:  18%|█▊        | 4484/25000 [7:41:57<10:17:53,  1.81s/it]Epoch 29: average [s/it]: 5.173962, current metric: 0.324872, best metric: 0.322985:  18%|█▊        | 4485/25000 [7:41:58<9:29:43,  1.67s/it] Epoch 29: average [s/it]: 5.173962, current metric: 0.324872, best metric: 0.322985:  18%|█▊        | 4486/25000 [7:42:14<33:51:12,  5.94s/it]Epoch 29: average [s/it]: 5.173962, current metric: 0.324872, best metric: 0.322985:  18%|█▊        | 4487/25000 [7:42:15<25:59:03,  4.56s/it]Epoch 29: average [s/it]: 5.173962, current metric: 0.324872, best metric: 0.322985:  18%|█▊        | 4488/25000 [7:42:17<20:28:27,  3.59s/it]Epoch 29: average [s/it]: 5.173962, current metric: 0.324872, best metric: 0.322985:  18%|█▊        | 4489/25000 [7:42:18<16:37:06,  2.92s/it]Epoch 29: average [s/it]: 5.173962, current metric: 0.324872, best metric: 0.322985:  18%|█▊        | 4490/25000 [7:42:19<13:55:03,  2.44s/it]Epoch 29: average [s/it]: 5.173962, current metric: 0.324872, best metric: 0.322985:  18%|█▊        | 4491/25000 [7:42:21<12:01:43,  2.11s/it]Epoch 29: average [s/it]: 5.173962, current metric: 0.324872, best metric: 0.322985:  18%|█▊        | 4492/25000 [7:42:22<10:42:21,  1.88s/it]Epoch 29: average [s/it]: 5.173962, current metric: 0.324872, best metric: 0.322985:  18%|█▊        | 4493/25000 [7:42:40<38:26:58,  6.75s/it]Epoch 29: average [s/it]: 5.173962, current metric: 0.324872, best metric: 0.322985:  18%|█▊        | 4494/25000 [7:42:42<29:12:02,  5.13s/it]Epoch 29: average [s/it]: 5.173962, current metric: 0.324872, best metric: 0.322985:  18%|█▊        | 4495/25000 [7:42:43<22:43:39,  3.99s/it]Epoch 29: average [s/it]: 5.173962, current metric: 0.324872, best metric: 0.322985:  18%|█▊        | 4496/25000 [7:42:47<23:40:30,  4.16s/it]Epoch 29: average [s/it]: 5.173962, current metric: 0.324872, best metric: 0.322985:  18%|█▊        | 4497/25000 [7:42:49<18:51:26,  3.31s/it]Epoch 29: average [s/it]: 5.173962, current metric: 0.324872, best metric: 0.322985:  18%|█▊        | 4498/25000 [7:42:50<15:29:02,  2.72s/it]Epoch 29: average [s/it]: 5.173962, current metric: 0.324872, best metric: 0.322985:  18%|█▊        | 4499/25000 [7:42:51<13:07:36,  2.31s/it]Epoch 29: average [s/it]: 5.173962, current metric: 0.324872, best metric: 0.322985:  18%|█▊        | 4500/25000 [7:42:53<11:28:24,  2.01s/it]Epoch 29: average [s/it]: 5.173962, current metric: 0.324872, best metric: 0.322985:  18%|█▊        | 4501/25000 [7:42:54<10:36:33,  1.86s/it]Epoch 29: average [s/it]: 5.173962, current metric: 0.324872, best metric: 0.322985:  18%|█▊        | 4502/25000 [7:42:56<9:48:07,  1.72s/it] Epoch 29: average [s/it]: 5.173962, current metric: 0.324872, best metric: 0.322985:  18%|█▊        | 4503/25000 [7:42:57<9:08:50,  1.61s/it]Epoch 29: average [s/it]: 5.173962, current metric: 0.324872, best metric: 0.322985:  18%|█▊        | 4504/25000 [7:42:58<8:41:12,  1.53s/it]Epoch 29: average [s/it]: 5.173962, current metric: 0.324872, best metric: 0.322985:  18%|█▊        | 4505/25000 [7:43:00<8:21:57,  1.47s/it]Epoch 29: average [s/it]: 5.173962, current metric: 0.324872, best metric: 0.322985:  18%|█▊        | 4506/25000 [7:43:01<8:08:25,  1.43s/it]Epoch 29: average [s/it]: 5.173962, current metric: 0.324872, best metric: 0.322985:  18%|█▊        | 4507/25000 [7:43:02<7:59:02,  1.40s/it]Epoch 29: average [s/it]: 5.173962, current metric: 0.324872, best metric: 0.322985:  18%|█▊        | 4508/25000 [7:43:04<7:52:22,  1.38s/it]Epoch 29: average [s/it]: 5.173962, current metric: 0.324872, best metric: 0.322985:  18%|█▊        | 4509/25000 [7:43:05<7:47:45,  1.37s/it]Epoch 29: average [s/it]: 5.173962, current metric: 0.324872, best metric: 0.322985:  18%|█▊        | 4510/25000 [7:43:06<7:44:26,  1.36s/it]Epoch 29: average [s/it]: 5.173962, current metric: 0.324872, best metric: 0.322985:  18%|█▊        | 4511/25000 [7:43:08<7:42:10,  1.35s/it]Epoch 29: average [s/it]: 5.173962, current metric: 0.324872, best metric: 0.322985:  18%|█▊        | 4512/25000 [7:43:09<7:40:28,  1.35s/it]Epoch 29: average [s/it]: 5.173962, current metric: 0.324872, best metric: 0.322985:  18%|█▊        | 4513/25000 [7:43:10<7:39:24,  1.35s/it]Epoch 29: average [s/it]: 5.173962, current metric: 0.324872, best metric: 0.322985:  18%|█▊        | 4514/25000 [7:43:12<7:38:34,  1.34s/it]Epoch 29: average [s/it]: 5.173962, current metric: 0.324872, best metric: 0.322985:  18%|█▊        | 4515/25000 [7:43:13<7:38:04,  1.34s/it]Epoch 29: average [s/it]: 5.173962, current metric: 0.324872, best metric: 0.322985:  18%|█▊        | 4516/25000 [7:43:14<7:37:35,  1.34s/it]Epoch 29: average [s/it]: 5.173962, current metric: 0.324872, best metric: 0.322985:  18%|█▊        | 4517/25000 [7:43:16<7:37:19,  1.34s/it]Epoch 29: average [s/it]: 5.173962, current metric: 0.324872, best metric: 0.322985:  18%|█▊        | 4518/25000 [7:43:45<54:55:11,  9.65s/it]Epoch 29: average [s/it]: 5.173962, current metric: 0.324872, best metric: 0.322985:  18%|█▊        | 4519/25000 [7:43:46<40:43:36,  7.16s/it]Epoch 29: average [s/it]: 5.173962, current metric: 0.324872, best metric: 0.322985:  18%|█▊        | 4520/25000 [7:43:48<30:47:24,  5.41s/it]Epoch 29: average [s/it]: 5.173962, current metric: 0.324872, best metric: 0.322985:  18%|█▊        | 4521/25000 [7:43:49<23:50:09,  4.19s/it]Epoch 29: average [s/it]: 5.173962, current metric: 0.324872, best metric: 0.322985:  18%|█▊        | 4522/25000 [7:43:50<18:58:00,  3.33s/it]Epoch 29: average [s/it]: 5.173962, current metric: 0.324872, best metric: 0.322985:  18%|█▊        | 4523/25000 [7:43:52<15:33:29,  2.74s/it]Epoch 29: average [s/it]: 5.173962, current metric: 0.324872, best metric: 0.322985:  18%|█▊        | 4524/25000 [7:43:53<13:10:18,  2.32s/it]Epoch 29: average [s/it]: 5.173962, current metric: 0.324872, best metric: 0.322985:  18%|█▊        | 4525/25000 [7:44:07<33:11:44,  5.84s/it]Epoch 29: average [s/it]: 5.173962, current metric: 0.324872, best metric: 0.322985:  18%|█▊        | 4526/25000 [7:44:08<25:31:07,  4.49s/it]Epoch 29: average [s/it]: 5.173962, current metric: 0.324872, best metric: 0.322985:  18%|█▊        | 4527/25000 [7:44:10<20:08:52,  3.54s/it]Epoch 29: average [s/it]: 5.173962, current metric: 0.324872, best metric: 0.322985:  18%|█▊        | 4528/25000 [7:44:11<16:23:06,  2.88s/it]Epoch 29: average [s/it]: 5.173962, current metric: 0.324872, best metric: 0.322985:  18%|█▊        | 4529/25000 [7:44:12<13:45:05,  2.42s/it]Epoch 29: average [s/it]: 5.173962, current metric: 0.324872, best metric: 0.322985:  18%|█▊        | 4530/25000 [7:44:14<11:54:25,  2.09s/it]Epoch 29: average [s/it]: 5.173962, current metric: 0.324872, best metric: 0.322985:  18%|█▊        | 4531/25000 [7:44:27<31:50:52,  5.60s/it]Epoch 29: average [s/it]: 5.173962, current metric: 0.324872, best metric: 0.322985:  18%|█▊        | 4532/25000 [7:44:29<24:34:34,  4.32s/it]Epoch 29: average [s/it]: 5.173962, current metric: 0.324872, best metric: 0.322985:  18%|█▊        | 4533/25000 [7:44:30<19:29:11,  3.43s/it]Epoch 29: average [s/it]: 5.173962, current metric: 0.324872, best metric: 0.322985:  18%|█▊        | 4534/25000 [7:44:31<15:55:18,  2.80s/it]Epoch 29: average [s/it]: 5.173962, current metric: 0.324872, best metric: 0.322985:  18%|█▊        | 4535/25000 [7:44:33<13:25:34,  2.36s/it]Epoch 29: average [s/it]: 5.173962, current metric: 0.324872, best metric: 0.322985:  18%|█▊        | 4536/25000 [7:44:34<11:40:50,  2.05s/it]Epoch 29: average [s/it]: 5.173962, current metric: 0.324872, best metric: 0.322985:  18%|█▊        | 4537/25000 [7:44:35<10:27:28,  1.84s/it]Epoch 29: average [s/it]: 5.173962, current metric: 0.324872, best metric: 0.322985:  18%|█▊        | 4538/25000 [7:45:07<61:32:05, 10.83s/it]Epoch 29: average [s/it]: 5.173962, current metric: 0.324872, best metric: 0.322985:  18%|█▊        | 4539/25000 [7:45:09<45:21:22,  7.98s/it]Epoch 29: average [s/it]: 5.173962, current metric: 0.324872, best metric: 0.322985:  18%|█▊        | 4540/25000 [7:45:10<34:01:50,  5.99s/it]Epoch 29: average [s/it]: 5.173962, current metric: 0.324872, best metric: 0.322985:  18%|█▊        | 4541/25000 [7:45:11<26:06:05,  4.59s/it]Epoch 29: average [s/it]: 5.173962, current metric: 0.324872, best metric: 0.322985:  18%|█▊        | 4542/25000 [7:45:13<20:33:06,  3.62s/it]Epoch 29: average [s/it]: 5.173962, current metric: 0.324872, best metric: 0.322985:  18%|█▊        | 4543/25000 [7:45:14<16:40:00,  2.93s/it]Epoch 29: average [s/it]: 5.173962, current metric: 0.324872, best metric: 0.322985:  18%|█▊        | 4544/25000 [7:45:15<13:56:52,  2.45s/it]Epoch 29: average [s/it]: 5.173962, current metric: 0.324872, best metric: 0.322985:  18%|█▊        | 4545/25000 [7:45:17<12:02:38,  2.12s/it]Epoch 29: average [s/it]: 5.173962, current metric: 0.324872, best metric: 0.322985:  18%|█▊        | 4546/25000 [7:45:18<10:42:38,  1.89s/it]Epoch 29: average [s/it]: 5.173962, current metric: 0.324872, best metric: 0.322985:  18%|█▊        | 4547/25000 [7:45:19<9:46:33,  1.72s/it] Epoch 29: average [s/it]: 5.173962, current metric: 0.324872, best metric: 0.322985:  18%|█▊        | 4548/25000 [7:45:21<9:07:20,  1.61s/it]Epoch 29: average [s/it]: 5.173962, current metric: 0.324872, best metric: 0.322985:  18%|█▊        | 4549/25000 [7:45:22<8:39:54,  1.53s/it]Epoch 29: average [s/it]: 5.173962, current metric: 0.324872, best metric: 0.322985:  18%|█▊        | 4550/25000 [7:45:23<8:20:48,  1.47s/it]Epoch 29: average [s/it]: 5.173962, current metric: 0.324872, best metric: 0.322985:  18%|█▊        | 4551/25000 [7:45:25<8:07:19,  1.43s/it]Epoch 29: average [s/it]: 5.173962, current metric: 0.324872, best metric: 0.322985:  18%|█▊        | 4552/25000 [7:45:26<7:57:54,  1.40s/it]Epoch 29: average [s/it]: 5.173962, current metric: 0.324872, best metric: 0.322985:  18%|█▊        | 4553/25000 [7:45:27<7:51:16,  1.38s/it]Epoch 29: average [s/it]: 5.173962, current metric: 0.324872, best metric: 0.322985:  18%|█▊        | 4554/25000 [7:46:03<67:12:19, 11.83s/it]Epoch 29: average [s/it]: 5.173962, current metric: 0.324872, best metric: 0.322985:  18%|█▊        | 4555/25000 [7:46:05<49:19:21,  8.68s/it]Epoch 29: average [s/it]: 5.173962, current metric: 0.324872, best metric: 0.322985:  18%|█▊        | 4556/25000 [7:46:06<36:48:16,  6.48s/it]Epoch 29: average [s/it]: 5.173962, current metric: 0.324872, best metric: 0.322985:  18%|█▊        | 4557/25000 [7:46:08<28:02:28,  4.94s/it]Epoch 29: average [s/it]: 5.173962, current metric: 0.324872, best metric: 0.322985:  18%|█▊        | 4558/25000 [7:46:09<21:54:28,  3.86s/it]Epoch 29: average [s/it]: 5.173962, current metric: 0.324872, best metric: 0.322985:  18%|█▊        | 4559/25000 [7:46:10<17:36:46,  3.10s/it]Epoch 29: average [s/it]: 5.173962, current metric: 0.324872, best metric: 0.322985:  18%|█▊        | 4560/25000 [7:46:12<14:36:25,  2.57s/it]Epoch 29: average [s/it]: 5.173962, current metric: 0.324872, best metric: 0.322985:  18%|█▊        | 4561/25000 [7:46:13<12:30:14,  2.20s/it]Epoch 29: average [s/it]: 5.173962, current metric: 0.324872, best metric: 0.322985:  18%|█▊        | 4562/25000 [7:46:14<11:01:54,  1.94s/it]Epoch 29: average [s/it]: 5.173962, current metric: 0.324872, best metric: 0.322985:  18%|█▊        | 4563/25000 [7:46:16<9:59:59,  1.76s/it] Epoch 29: average [s/it]: 5.173962, current metric: 0.324872, best metric: 0.322985:  18%|█▊        | 4564/25000 [7:46:17<9:16:38,  1.63s/it]Epoch 29: average [s/it]: 5.173962, current metric: 0.324872, best metric: 0.322985:  18%|█▊        | 4565/25000 [7:46:18<8:46:20,  1.55s/it]Epoch 29: average [s/it]: 5.173962, current metric: 0.324872, best metric: 0.322985:  18%|█▊        | 4566/25000 [7:46:20<8:29:43,  1.50s/it]Epoch 29: average [s/it]: 5.173962, current metric: 0.324872, best metric: 0.322985:  18%|█▊        | 4567/25000 [7:46:21<8:13:32,  1.45s/it]Epoch 29: average [s/it]: 5.173962, current metric: 0.324872, best metric: 0.322985:  18%|█▊        | 4568/25000 [7:46:22<8:02:06,  1.42s/it]Epoch 29: average [s/it]: 5.173962, current metric: 0.324872, best metric: 0.322985:  18%|█▊        | 4569/25000 [7:46:24<7:54:08,  1.39s/it]Epoch 29: average [s/it]: 5.173962, current metric: 0.324872, best metric: 0.322985:  18%|█▊        | 4570/25000 [7:46:43<37:58:49,  6.69s/it]Epoch 29: average [s/it]: 5.173962, current metric: 0.324872, best metric: 0.322985:  18%|█▊        | 4571/25000 [7:46:44<28:51:45,  5.09s/it]Epoch 29: average [s/it]: 5.173962, current metric: 0.324872, best metric: 0.322985:  18%|█▊        | 4572/25000 [7:46:45<22:28:49,  3.96s/it]Epoch 29: average [s/it]: 5.173962, current metric: 0.324872, best metric: 0.322985:  18%|█▊        | 4573/25000 [7:46:47<18:00:45,  3.17s/it]Epoch 29: average [s/it]: 5.173962, current metric: 0.324872, best metric: 0.322985:  18%|█▊        | 4574/25000 [7:46:48<14:53:00,  2.62s/it]Epoch 29: average [s/it]: 5.173962, current metric: 0.324872, best metric: 0.322985:  18%|█▊        | 4575/25000 [7:46:49<12:41:43,  2.24s/it]Epoch 29: average [s/it]: 5.173962, current metric: 0.324872, best metric: 0.322985:  18%|█▊        | 4576/25000 [7:46:51<11:09:46,  1.97s/it]Epoch 29: average [s/it]: 5.173962, current metric: 0.324872, best metric: 0.322985:  18%|█▊        | 4577/25000 [7:46:52<10:05:23,  1.78s/it]Epoch 29: average [s/it]: 5.173962, current metric: 0.324872, best metric: 0.322985:  18%|█▊        | 4578/25000 [7:46:53<9:20:19,  1.65s/it] Epoch 29: average [s/it]: 5.173962, current metric: 0.324872, best metric: 0.322985:  18%|█▊        | 4579/25000 [7:46:55<8:48:47,  1.55s/it]Epoch 29: average [s/it]: 5.173962, current metric: 0.324872, best metric: 0.322985:  18%|█▊        | 4580/25000 [7:46:56<8:26:46,  1.49s/it]Epoch 29: average [s/it]: 5.173962, current metric: 0.324872, best metric: 0.322985:  18%|█▊        | 4581/25000 [7:46:57<8:11:17,  1.44s/it]Epoch 29: average [s/it]: 5.173962, current metric: 0.324872, best metric: 0.322985:  18%|█▊        | 4582/25000 [7:46:59<8:00:31,  1.41s/it]Epoch 29: average [s/it]: 5.173962, current metric: 0.324872, best metric: 0.322985:  18%|█▊        | 4583/25000 [7:47:00<7:53:02,  1.39s/it]Epoch 29: average [s/it]: 5.173962, current metric: 0.324872, best metric: 0.322985:  18%|█▊        | 4584/25000 [7:47:01<7:47:41,  1.37s/it]Epoch 29: average [s/it]: 5.173962, current metric: 0.324872, best metric: 0.322985:  18%|█▊        | 4585/25000 [7:47:03<7:44:01,  1.36s/it]Epoch 29: average [s/it]: 5.173962, current metric: 0.324872, best metric: 0.322985:  18%|█▊        | 4586/25000 [7:48:33<159:19:55, 28.10s/it]Epoch 29: average [s/it]: 5.173962, current metric: 0.324872, best metric: 0.322985:  18%|█▊        | 4587/25000 [7:48:35<113:49:39, 20.07s/it]Epoch 29: average [s/it]: 5.173962, current metric: 0.324872, best metric: 0.322985:  18%|█▊        | 4588/25000 [7:48:36<81:57:25, 14.45s/it] Epoch 29: average [s/it]: 5.173962, current metric: 0.324872, best metric: 0.322985:  18%|█▊        | 4589/25000 [7:48:37<59:38:50, 10.52s/it]Epoch 29: average [s/it]: 5.173962, current metric: 0.324872, best metric: 0.322985:  18%|█▊        | 4590/25000 [7:48:39<44:01:50,  7.77s/it]Epoch 30: average [s/it]: 3.876167, current metric: 0.317046, best metric: 0.317046:  18%|█▊        | 4590/25000 [7:52:23<44:01:50,  7.77s/it]Epoch 30: average [s/it]: 3.876167, current metric: 0.317046, best metric: 0.317046:  18%|█▊        | 4591/25000 [7:53:30<525:39:27, 92.72s/it]Epoch 30: average [s/it]: 3.876167, current metric: 0.317046, best metric: 0.317046:  18%|█▊        | 4592/25000 [7:53:34<375:40:53, 66.27s/it]Epoch 30: average [s/it]: 3.876167, current metric: 0.317046, best metric: 0.317046:  18%|█▊        | 4593/25000 [7:53:35<265:14:52, 46.79s/it]Epoch 30: average [s/it]: 3.876167, current metric: 0.317046, best metric: 0.317046:  18%|█▊        | 4594/25000 [7:53:37<187:56:36, 33.16s/it]Epoch 30: average [s/it]: 3.876167, current metric: 0.317046, best metric: 0.317046:  18%|█▊        | 4595/25000 [7:53:38<133:50:05, 23.61s/it]Epoch 30: average [s/it]: 3.876167, current metric: 0.317046, best metric: 0.317046:  18%|█▊        | 4596/25000 [7:53:42<100:58:29, 17.82s/it]Epoch 30: average [s/it]: 3.876167, current metric: 0.317046, best metric: 0.317046:  18%|█▊        | 4597/25000 [7:54:17<128:43:54, 22.71s/it]Epoch 30: average [s/it]: 3.876167, current metric: 0.317046, best metric: 0.317046:  18%|█▊        | 4598/25000 [7:54:18<92:23:07, 16.30s/it] Epoch 30: average [s/it]: 3.876167, current metric: 0.317046, best metric: 0.317046:  18%|█▊        | 4599/25000 [7:54:19<66:56:54, 11.81s/it]Epoch 30: average [s/it]: 3.876167, current metric: 0.317046, best metric: 0.317046:  18%|█▊        | 4600/25000 [7:54:21<49:08:31,  8.67s/it]Epoch 30: average [s/it]: 3.876167, current metric: 0.317046, best metric: 0.317046:  18%|█▊        | 4601/25000 [7:54:22<37:04:41,  6.54s/it]Epoch 30: average [s/it]: 3.876167, current metric: 0.317046, best metric: 0.317046:  18%|█▊        | 4602/25000 [7:54:24<28:23:58,  5.01s/it]Epoch 30: average [s/it]: 3.876167, current metric: 0.317046, best metric: 0.317046:  18%|█▊        | 4603/25000 [7:54:25<22:09:39,  3.91s/it]Epoch 30: average [s/it]: 3.876167, current metric: 0.317046, best metric: 0.317046:  18%|█▊        | 4604/25000 [7:54:26<17:47:44,  3.14s/it]Epoch 30: average [s/it]: 3.876167, current metric: 0.317046, best metric: 0.317046:  18%|█▊        | 4605/25000 [7:54:28<14:44:30,  2.60s/it]Epoch 30: average [s/it]: 3.876167, current metric: 0.317046, best metric: 0.317046:  18%|█▊        | 4606/25000 [7:54:29<12:36:08,  2.22s/it]Epoch 30: average [s/it]: 3.876167, current metric: 0.317046, best metric: 0.317046:  18%|█▊        | 4607/25000 [7:54:56<54:15:04,  9.58s/it]Epoch 30: average [s/it]: 3.876167, current metric: 0.317046, best metric: 0.317046:  18%|█▊        | 4608/25000 [7:54:57<40:14:58,  7.11s/it]Epoch 30: average [s/it]: 3.876167, current metric: 0.317046, best metric: 0.317046:  18%|█▊        | 4609/25000 [7:54:58<30:26:49,  5.38s/it]Epoch 30: average [s/it]: 3.876167, current metric: 0.317046, best metric: 0.317046:  18%|█▊        | 4610/25000 [7:55:00<23:35:11,  4.16s/it]Epoch 30: average [s/it]: 3.876167, current metric: 0.317046, best metric: 0.317046:  18%|█▊        | 4611/25000 [7:55:01<18:46:55,  3.32s/it]Epoch 30: average [s/it]: 3.876167, current metric: 0.317046, best metric: 0.317046:  18%|█▊        | 4612/25000 [7:55:15<37:35:41,  6.64s/it]Epoch 30: average [s/it]: 3.876167, current metric: 0.317046, best metric: 0.317046:  18%|█▊        | 4613/25000 [7:55:29<48:37:59,  8.59s/it]Epoch 30: average [s/it]: 3.876167, current metric: 0.317046, best metric: 0.317046:  18%|█▊        | 4614/25000 [7:55:30<36:18:57,  6.41s/it]Epoch 30: average [s/it]: 3.876167, current metric: 0.317046, best metric: 0.317046:  18%|█▊        | 4615/25000 [7:55:31<27:47:01,  4.91s/it]Epoch 30: average [s/it]: 3.876167, current metric: 0.317046, best metric: 0.317046:  18%|█▊        | 4616/25000 [7:55:33<21:43:13,  3.84s/it]Epoch 30: average [s/it]: 3.876167, current metric: 0.317046, best metric: 0.317046:  18%|█▊        | 4617/25000 [7:55:34<17:28:33,  3.09s/it]Epoch 30: average [s/it]: 3.876167, current metric: 0.317046, best metric: 0.317046:  18%|█▊        | 4618/25000 [7:55:35<14:30:22,  2.56s/it]Epoch 30: average [s/it]: 3.876167, current metric: 0.317046, best metric: 0.317046:  18%|█▊        | 4619/25000 [7:55:37<12:25:32,  2.19s/it]Epoch 30: average [s/it]: 3.876167, current metric: 0.317046, best metric: 0.317046:  18%|█▊        | 4620/25000 [7:55:38<10:58:11,  1.94s/it]Epoch 30: average [s/it]: 3.876167, current metric: 0.317046, best metric: 0.317046:  18%|█▊        | 4621/25000 [7:55:39<9:57:02,  1.76s/it] Epoch 30: average [s/it]: 3.876167, current metric: 0.317046, best metric: 0.317046:  18%|█▊        | 4622/25000 [7:55:41<9:14:15,  1.63s/it]Epoch 30: average [s/it]: 3.876167, current metric: 0.317046, best metric: 0.317046:  18%|█▊        | 4623/25000 [7:55:42<8:44:20,  1.54s/it]Epoch 30: average [s/it]: 3.876167, current metric: 0.317046, best metric: 0.317046:  18%|█▊        | 4624/25000 [7:55:43<8:23:19,  1.48s/it]Epoch 30: average [s/it]: 3.876167, current metric: 0.317046, best metric: 0.317046:  18%|█▊        | 4625/25000 [7:55:45<8:08:36,  1.44s/it]Epoch 30: average [s/it]: 3.876167, current metric: 0.317046, best metric: 0.317046:  19%|█▊        | 4626/25000 [7:55:46<7:58:22,  1.41s/it]Epoch 30: average [s/it]: 3.876167, current metric: 0.317046, best metric: 0.317046:  19%|█▊        | 4627/25000 [7:55:47<7:51:16,  1.39s/it]Epoch 30: average [s/it]: 3.876167, current metric: 0.317046, best metric: 0.317046:  19%|█▊        | 4628/25000 [7:55:49<7:46:06,  1.37s/it]Epoch 30: average [s/it]: 3.876167, current metric: 0.317046, best metric: 0.317046:  19%|█▊        | 4629/25000 [7:55:50<7:42:35,  1.36s/it]Epoch 30: average [s/it]: 3.876167, current metric: 0.317046, best metric: 0.317046:  19%|█▊        | 4630/25000 [7:55:51<7:40:02,  1.36s/it]Epoch 30: average [s/it]: 3.876167, current metric: 0.317046, best metric: 0.317046:  19%|█▊        | 4631/25000 [7:55:53<7:38:22,  1.35s/it]Epoch 30: average [s/it]: 3.876167, current metric: 0.317046, best metric: 0.317046:  19%|█▊        | 4632/25000 [7:55:54<7:37:52,  1.35s/it]Epoch 30: average [s/it]: 3.876167, current metric: 0.317046, best metric: 0.317046:  19%|█▊        | 4633/25000 [7:55:55<7:38:02,  1.35s/it]Epoch 30: average [s/it]: 3.876167, current metric: 0.317046, best metric: 0.317046:  19%|█▊        | 4634/25000 [7:55:57<7:38:11,  1.35s/it]Epoch 30: average [s/it]: 3.876167, current metric: 0.317046, best metric: 0.317046:  19%|█▊        | 4635/25000 [7:55:58<7:39:17,  1.35s/it]Epoch 30: average [s/it]: 3.876167, current metric: 0.317046, best metric: 0.317046:  19%|█▊        | 4636/25000 [7:55:59<7:40:10,  1.36s/it]Epoch 30: average [s/it]: 3.876167, current metric: 0.317046, best metric: 0.317046:  19%|█▊        | 4637/25000 [7:56:01<7:40:03,  1.36s/it]Epoch 30: average [s/it]: 3.876167, current metric: 0.317046, best metric: 0.317046:  19%|█▊        | 4638/25000 [7:56:02<7:40:11,  1.36s/it]Epoch 30: average [s/it]: 3.876167, current metric: 0.317046, best metric: 0.317046:  19%|█▊        | 4639/25000 [7:56:30<52:10:15,  9.22s/it]Epoch 30: average [s/it]: 3.876167, current metric: 0.317046, best metric: 0.317046:  19%|█▊        | 4640/25000 [7:56:31<38:47:21,  6.86s/it]Epoch 30: average [s/it]: 3.876167, current metric: 0.317046, best metric: 0.317046:  19%|█▊        | 4641/25000 [7:56:32<29:25:13,  5.20s/it]Epoch 30: average [s/it]: 3.876167, current metric: 0.317046, best metric: 0.317046:  19%|█▊        | 4642/25000 [7:56:34<22:51:48,  4.04s/it]Epoch 30: average [s/it]: 3.876167, current metric: 0.317046, best metric: 0.317046:  19%|█▊        | 4643/25000 [7:56:35<18:16:24,  3.23s/it]Epoch 30: average [s/it]: 3.876167, current metric: 0.317046, best metric: 0.317046:  19%|█▊        | 4644/25000 [7:56:36<15:03:36,  2.66s/it]Epoch 30: average [s/it]: 3.876167, current metric: 0.317046, best metric: 0.317046:  19%|█▊        | 4645/25000 [7:56:38<12:48:41,  2.27s/it]Epoch 30: average [s/it]: 3.876167, current metric: 0.317046, best metric: 0.317046:  19%|█▊        | 4646/25000 [7:56:39<11:14:14,  1.99s/it]Epoch 30: average [s/it]: 3.876167, current metric: 0.317046, best metric: 0.317046:  19%|█▊        | 4647/25000 [7:56:40<10:08:10,  1.79s/it]Epoch 30: average [s/it]: 3.876167, current metric: 0.317046, best metric: 0.317046:  19%|█▊        | 4648/25000 [7:56:42<9:22:03,  1.66s/it] Epoch 30: average [s/it]: 3.876167, current metric: 0.317046, best metric: 0.317046:  19%|█▊        | 4649/25000 [7:56:43<8:49:33,  1.56s/it]Epoch 30: average [s/it]: 3.876167, current metric: 0.317046, best metric: 0.317046:  19%|█▊        | 4650/25000 [7:56:45<8:26:45,  1.49s/it]Epoch 30: average [s/it]: 3.876167, current metric: 0.317046, best metric: 0.317046:  19%|█▊        | 4651/25000 [7:56:46<8:10:52,  1.45s/it]Epoch 30: average [s/it]: 3.876167, current metric: 0.317046, best metric: 0.317046:  19%|█▊        | 4652/25000 [7:56:47<7:59:37,  1.41s/it]Epoch 30: average [s/it]: 3.876167, current metric: 0.317046, best metric: 0.317046:  19%|█▊        | 4653/25000 [7:56:49<7:51:46,  1.39s/it]Epoch 30: average [s/it]: 3.876167, current metric: 0.317046, best metric: 0.317046:  19%|█▊        | 4654/25000 [7:56:50<7:46:21,  1.38s/it]Epoch 30: average [s/it]: 3.876167, current metric: 0.317046, best metric: 0.317046:  19%|█▊        | 4655/25000 [7:56:52<8:43:05,  1.54s/it]Epoch 30: average [s/it]: 3.876167, current metric: 0.317046, best metric: 0.317046:  19%|█▊        | 4656/25000 [7:56:53<8:22:14,  1.48s/it]Epoch 30: average [s/it]: 3.876167, current metric: 0.317046, best metric: 0.317046:  19%|█▊        | 4657/25000 [7:56:54<8:07:39,  1.44s/it]Epoch 30: average [s/it]: 3.876167, current metric: 0.317046, best metric: 0.317046:  19%|█▊        | 4658/25000 [7:56:56<7:57:24,  1.41s/it]Epoch 30: average [s/it]: 3.876167, current metric: 0.317046, best metric: 0.317046:  19%|█▊        | 4659/25000 [7:56:57<7:50:12,  1.39s/it]Epoch 30: average [s/it]: 3.876167, current metric: 0.317046, best metric: 0.317046:  19%|█▊        | 4660/25000 [7:56:58<7:45:10,  1.37s/it]Epoch 30: average [s/it]: 3.876167, current metric: 0.317046, best metric: 0.317046:  19%|█▊        | 4661/25000 [7:57:00<7:41:39,  1.36s/it]Epoch 30: average [s/it]: 3.876167, current metric: 0.317046, best metric: 0.317046:  19%|█▊        | 4662/25000 [7:57:01<7:39:12,  1.35s/it]Epoch 30: average [s/it]: 3.876167, current metric: 0.317046, best metric: 0.317046:  19%|█▊        | 4663/25000 [7:57:02<7:37:26,  1.35s/it]Epoch 30: average [s/it]: 3.876167, current metric: 0.317046, best metric: 0.317046:  19%|█▊        | 4664/25000 [7:57:04<7:36:11,  1.35s/it]Epoch 30: average [s/it]: 3.876167, current metric: 0.317046, best metric: 0.317046:  19%|█▊        | 4665/25000 [7:57:05<7:35:23,  1.34s/it]Epoch 30: average [s/it]: 3.876167, current metric: 0.317046, best metric: 0.317046:  19%|█▊        | 4666/25000 [7:57:07<7:34:42,  1.34s/it]Epoch 30: average [s/it]: 3.876167, current metric: 0.317046, best metric: 0.317046:  19%|█▊        | 4667/25000 [7:57:08<7:34:21,  1.34s/it]Epoch 30: average [s/it]: 3.876167, current metric: 0.317046, best metric: 0.317046:  19%|█▊        | 4668/25000 [7:57:09<7:40:51,  1.36s/it]Epoch 30: average [s/it]: 3.876167, current metric: 0.317046, best metric: 0.317046:  19%|█▊        | 4669/25000 [7:57:11<7:38:33,  1.35s/it]Epoch 30: average [s/it]: 3.876167, current metric: 0.317046, best metric: 0.317046:  19%|█▊        | 4670/25000 [7:57:12<7:36:56,  1.35s/it]Epoch 30: average [s/it]: 3.876167, current metric: 0.317046, best metric: 0.317046:  19%|█▊        | 4671/25000 [7:57:43<58:35:48, 10.38s/it]Epoch 30: average [s/it]: 3.876167, current metric: 0.317046, best metric: 0.317046:  19%|█▊        | 4672/25000 [7:57:45<43:17:03,  7.67s/it]Epoch 30: average [s/it]: 3.876167, current metric: 0.317046, best metric: 0.317046:  19%|█▊        | 4673/25000 [7:57:46<32:33:49,  5.77s/it]Epoch 30: average [s/it]: 3.876167, current metric: 0.317046, best metric: 0.317046:  19%|█▊        | 4674/25000 [7:57:47<25:03:31,  4.44s/it]Epoch 30: average [s/it]: 3.876167, current metric: 0.317046, best metric: 0.317046:  19%|█▊        | 4675/25000 [7:57:49<19:48:25,  3.51s/it]Epoch 30: average [s/it]: 3.876167, current metric: 0.317046, best metric: 0.317046:  19%|█▊        | 4676/25000 [7:57:50<16:07:45,  2.86s/it]Epoch 30: average [s/it]: 3.876167, current metric: 0.317046, best metric: 0.317046:  19%|█▊        | 4677/25000 [7:57:51<13:33:20,  2.40s/it]Epoch 30: average [s/it]: 3.876167, current metric: 0.317046, best metric: 0.317046:  19%|█▊        | 4678/25000 [7:57:53<11:45:12,  2.08s/it]Epoch 30: average [s/it]: 3.876167, current metric: 0.317046, best metric: 0.317046:  19%|█▊        | 4679/25000 [7:57:54<10:29:35,  1.86s/it]Epoch 30: average [s/it]: 3.876167, current metric: 0.317046, best metric: 0.317046:  19%|█▊        | 4680/25000 [7:57:55<9:36:35,  1.70s/it] Epoch 30: average [s/it]: 3.876167, current metric: 0.317046, best metric: 0.317046:  19%|█▊        | 4681/25000 [7:57:57<8:59:33,  1.59s/it]Epoch 30: average [s/it]: 3.876167, current metric: 0.317046, best metric: 0.317046:  19%|█▊        | 4682/25000 [7:57:58<8:33:33,  1.52s/it]Epoch 30: average [s/it]: 3.876167, current metric: 0.317046, best metric: 0.317046:  19%|█▊        | 4683/25000 [7:57:59<8:15:27,  1.46s/it]Epoch 30: average [s/it]: 3.876167, current metric: 0.317046, best metric: 0.317046:  19%|█▊        | 4684/25000 [7:58:01<8:02:38,  1.43s/it]Epoch 30: average [s/it]: 3.876167, current metric: 0.317046, best metric: 0.317046:  19%|█▊        | 4685/25000 [7:58:02<7:53:45,  1.40s/it]Epoch 30: average [s/it]: 3.876167, current metric: 0.317046, best metric: 0.317046:  19%|█▊        | 4686/25000 [7:58:03<7:47:28,  1.38s/it]Epoch 30: average [s/it]: 3.876167, current metric: 0.317046, best metric: 0.317046:  19%|█▊        | 4687/25000 [7:58:08<13:00:10,  2.30s/it]Epoch 30: average [s/it]: 3.876167, current metric: 0.317046, best metric: 0.317046:  19%|█▉        | 4688/25000 [7:58:09<11:22:03,  2.01s/it]Epoch 30: average [s/it]: 3.876167, current metric: 0.317046, best metric: 0.317046:  19%|█▉        | 4689/25000 [7:58:11<10:13:19,  1.81s/it]Epoch 30: average [s/it]: 3.876167, current metric: 0.317046, best metric: 0.317046:  19%|█▉        | 4690/25000 [7:58:12<9:25:08,  1.67s/it] Epoch 30: average [s/it]: 3.876167, current metric: 0.317046, best metric: 0.317046:  19%|█▉        | 4691/25000 [7:58:13<8:51:20,  1.57s/it]Epoch 30: average [s/it]: 3.876167, current metric: 0.317046, best metric: 0.317046:  19%|█▉        | 4692/25000 [7:58:15<8:27:49,  1.50s/it]Epoch 30: average [s/it]: 3.876167, current metric: 0.317046, best metric: 0.317046:  19%|█▉        | 4693/25000 [7:58:16<8:11:11,  1.45s/it]Epoch 30: average [s/it]: 3.876167, current metric: 0.317046, best metric: 0.317046:  19%|█▉        | 4694/25000 [7:58:17<7:59:39,  1.42s/it]Epoch 30: average [s/it]: 3.876167, current metric: 0.317046, best metric: 0.317046:  19%|█▉        | 4695/25000 [7:58:19<7:51:31,  1.39s/it]Epoch 30: average [s/it]: 3.876167, current metric: 0.317046, best metric: 0.317046:  19%|█▉        | 4696/25000 [7:58:41<43:20:40,  7.69s/it]Epoch 30: average [s/it]: 3.876167, current metric: 0.317046, best metric: 0.317046:  19%|█▉        | 4697/25000 [7:58:42<32:36:12,  5.78s/it]Epoch 30: average [s/it]: 3.876167, current metric: 0.317046, best metric: 0.317046:  19%|█▉        | 4698/25000 [7:58:44<25:05:09,  4.45s/it]Epoch 30: average [s/it]: 3.876167, current metric: 0.317046, best metric: 0.317046:  19%|█▉        | 4699/25000 [7:58:45<19:49:17,  3.51s/it]Epoch 30: average [s/it]: 3.876167, current metric: 0.317046, best metric: 0.317046:  19%|█▉        | 4700/25000 [7:58:46<16:08:18,  2.86s/it]Epoch 30: average [s/it]: 3.876167, current metric: 0.317046, best metric: 0.317046:  19%|█▉        | 4701/25000 [7:58:48<13:45:59,  2.44s/it]Epoch 30: average [s/it]: 3.876167, current metric: 0.317046, best metric: 0.317046:  19%|█▉        | 4702/25000 [7:58:49<11:59:25,  2.13s/it]Epoch 30: average [s/it]: 3.876167, current metric: 0.317046, best metric: 0.317046:  19%|█▉        | 4703/25000 [7:58:58<23:03:42,  4.09s/it]Epoch 30: average [s/it]: 3.876167, current metric: 0.317046, best metric: 0.317046:  19%|█▉        | 4704/25000 [7:58:59<18:24:22,  3.26s/it]Epoch 30: average [s/it]: 3.876167, current metric: 0.317046, best metric: 0.317046:  19%|█▉        | 4705/25000 [7:59:01<15:08:43,  2.69s/it]Epoch 30: average [s/it]: 3.876167, current metric: 0.317046, best metric: 0.317046:  19%|█▉        | 4706/25000 [7:59:02<12:51:47,  2.28s/it]Epoch 30: average [s/it]: 3.876167, current metric: 0.317046, best metric: 0.317046:  19%|█▉        | 4707/25000 [7:59:17<34:38:44,  6.15s/it]Epoch 30: average [s/it]: 3.876167, current metric: 0.317046, best metric: 0.317046:  19%|█▉        | 4708/25000 [7:59:18<26:30:55,  4.70s/it]Epoch 30: average [s/it]: 3.876167, current metric: 0.317046, best metric: 0.317046:  19%|█▉        | 4709/25000 [7:59:20<20:49:37,  3.70s/it]Epoch 30: average [s/it]: 3.876167, current metric: 0.317046, best metric: 0.317046:  19%|█▉        | 4710/25000 [7:59:21<16:50:41,  2.99s/it]Epoch 30: average [s/it]: 3.876167, current metric: 0.317046, best metric: 0.317046:  19%|█▉        | 4711/25000 [7:59:22<14:03:35,  2.49s/it]Epoch 30: average [s/it]: 3.876167, current metric: 0.317046, best metric: 0.317046:  19%|█▉        | 4712/25000 [8:00:25<115:38:26, 20.52s/it]Epoch 30: average [s/it]: 3.876167, current metric: 0.317046, best metric: 0.317046:  19%|█▉        | 4713/25000 [8:00:26<83:12:43, 14.77s/it] Epoch 30: average [s/it]: 3.876167, current metric: 0.317046, best metric: 0.317046:  19%|█▉        | 4714/25000 [8:00:28<60:30:56, 10.74s/it]Epoch 30: average [s/it]: 3.876167, current metric: 0.317046, best metric: 0.317046:  19%|█▉        | 4715/25000 [8:00:29<44:37:42,  7.92s/it]Epoch 30: average [s/it]: 3.876167, current metric: 0.317046, best metric: 0.317046:  19%|█▉        | 4716/25000 [8:00:30<33:30:33,  5.95s/it]Epoch 30: average [s/it]: 3.876167, current metric: 0.317046, best metric: 0.317046:  19%|█▉        | 4717/25000 [8:00:32<25:43:36,  4.57s/it]Epoch 30: average [s/it]: 3.876167, current metric: 0.317046, best metric: 0.317046:  19%|█▉        | 4718/25000 [8:00:33<20:16:50,  3.60s/it]Epoch 30: average [s/it]: 3.876167, current metric: 0.317046, best metric: 0.317046:  19%|█▉        | 4719/25000 [8:00:34<16:27:58,  2.92s/it]Epoch 30: average [s/it]: 3.876167, current metric: 0.317046, best metric: 0.317046:  19%|█▉        | 4720/25000 [8:00:36<13:47:36,  2.45s/it]Epoch 30: average [s/it]: 3.876167, current metric: 0.317046, best metric: 0.317046:  19%|█▉        | 4721/25000 [8:00:37<11:55:38,  2.12s/it]Epoch 30: average [s/it]: 3.876167, current metric: 0.317046, best metric: 0.317046:  19%|█▉        | 4722/25000 [8:00:38<10:37:19,  1.89s/it]Epoch 30: average [s/it]: 3.876167, current metric: 0.317046, best metric: 0.317046:  19%|█▉        | 4723/25000 [8:01:19<75:34:41, 13.42s/it]Epoch 30: average [s/it]: 3.876167, current metric: 0.317046, best metric: 0.317046:  19%|█▉        | 4724/25000 [8:01:20<55:10:18,  9.80s/it]Epoch 30: average [s/it]: 3.876167, current metric: 0.317046, best metric: 0.317046:  19%|█▉        | 4725/25000 [8:01:21<40:53:06,  7.26s/it]Epoch 30: average [s/it]: 3.876167, current metric: 0.317046, best metric: 0.317046:  19%|█▉        | 4726/25000 [8:01:23<30:53:12,  5.48s/it]Epoch 30: average [s/it]: 3.876167, current metric: 0.317046, best metric: 0.317046:  19%|█▉        | 4727/25000 [8:01:24<23:53:25,  4.24s/it]Epoch 30: average [s/it]: 3.876167, current metric: 0.317046, best metric: 0.317046:  19%|█▉        | 4728/25000 [8:01:25<18:59:25,  3.37s/it]Epoch 30: average [s/it]: 3.876167, current metric: 0.317046, best metric: 0.317046:  19%|█▉        | 4729/25000 [8:01:27<15:33:34,  2.76s/it]Epoch 30: average [s/it]: 3.876167, current metric: 0.317046, best metric: 0.317046:  19%|█▉        | 4730/25000 [8:01:28<13:09:34,  2.34s/it]Epoch 30: average [s/it]: 3.876167, current metric: 0.317046, best metric: 0.317046:  19%|█▉        | 4731/25000 [8:01:29<11:28:42,  2.04s/it]Epoch 30: average [s/it]: 3.876167, current metric: 0.317046, best metric: 0.317046:  19%|█▉        | 4732/25000 [8:01:31<10:18:00,  1.83s/it]Epoch 30: average [s/it]: 3.876167, current metric: 0.317046, best metric: 0.317046:  19%|█▉        | 4733/25000 [8:01:32<9:29:01,  1.68s/it] Epoch 30: average [s/it]: 3.876167, current metric: 0.317046, best metric: 0.317046:  19%|█▉        | 4734/25000 [8:01:34<8:54:43,  1.58s/it]Epoch 30: average [s/it]: 3.876167, current metric: 0.317046, best metric: 0.317046:  19%|█▉        | 4735/25000 [8:01:35<8:30:32,  1.51s/it]Epoch 30: average [s/it]: 3.876167, current metric: 0.317046, best metric: 0.317046:  19%|█▉        | 4736/25000 [8:01:36<8:13:42,  1.46s/it]Epoch 30: average [s/it]: 3.876167, current metric: 0.317046, best metric: 0.317046:  19%|█▉        | 4737/25000 [8:01:38<8:02:19,  1.43s/it]Epoch 30: average [s/it]: 3.876167, current metric: 0.317046, best metric: 0.317046:  19%|█▉        | 4738/25000 [8:01:39<7:53:45,  1.40s/it]Epoch 30: average [s/it]: 3.876167, current metric: 0.317046, best metric: 0.317046:  19%|█▉        | 4739/25000 [8:02:50<125:03:26, 22.22s/it]Epoch 30: average [s/it]: 3.876167, current metric: 0.317046, best metric: 0.317046:  19%|█▉        | 4740/25000 [8:02:51<89:48:55, 15.96s/it] Epoch 30: average [s/it]: 3.876167, current metric: 0.317046, best metric: 0.317046:  19%|█▉        | 4741/25000 [8:02:52<65:07:46, 11.57s/it]Epoch 30: average [s/it]: 3.876167, current metric: 0.317046, best metric: 0.317046:  19%|█▉        | 4742/25000 [8:02:54<47:51:05,  8.50s/it]Epoch 30: average [s/it]: 3.876167, current metric: 0.317046, best metric: 0.317046:  19%|█▉        | 4743/25000 [8:02:55<35:45:18,  6.35s/it]Epoch 31: average [s/it]: 4.133261, current metric: 0.319435, best metric: 0.317046:  19%|█▉        | 4743/25000 [8:06:04<35:45:18,  6.35s/it]Epoch 31: average [s/it]: 4.133261, current metric: 0.319435, best metric: 0.317046:  19%|█▉        | 4744/25000 [8:06:50<421:42:24, 74.95s/it]Epoch 31: average [s/it]: 4.133261, current metric: 0.319435, best metric: 0.317046:  19%|█▉        | 4745/25000 [8:07:16<339:42:47, 60.38s/it]Epoch 31: average [s/it]: 4.133261, current metric: 0.319435, best metric: 0.317046:  19%|█▉        | 4746/25000 [8:07:35<269:10:23, 47.84s/it]Epoch 31: average [s/it]: 4.133261, current metric: 0.319435, best metric: 0.317046:  19%|█▉        | 4747/25000 [8:07:36<190:40:48, 33.89s/it]Epoch 31: average [s/it]: 4.133261, current metric: 0.319435, best metric: 0.317046:  19%|█▉        | 4748/25000 [8:07:38<135:43:59, 24.13s/it]Epoch 31: average [s/it]: 4.133261, current metric: 0.319435, best metric: 0.317046:  19%|█▉        | 4749/25000 [8:07:39<97:16:20, 17.29s/it] Epoch 31: average [s/it]: 4.133261, current metric: 0.319435, best metric: 0.317046:  19%|█▉        | 4750/25000 [8:07:40<70:20:56, 12.51s/it]Epoch 31: average [s/it]: 4.133261, current metric: 0.319435, best metric: 0.317046:  19%|█▉        | 4751/25000 [8:07:42<51:30:23,  9.16s/it]Epoch 31: average [s/it]: 4.133261, current metric: 0.319435, best metric: 0.317046:  19%|█▉        | 4752/25000 [8:07:43<38:18:50,  6.81s/it]Epoch 31: average [s/it]: 4.133261, current metric: 0.319435, best metric: 0.317046:  19%|█▉        | 4753/25000 [8:09:38<220:50:27, 39.27s/it]Epoch 31: average [s/it]: 4.133261, current metric: 0.319435, best metric: 0.317046:  19%|█▉        | 4754/25000 [8:09:39<156:50:32, 27.89s/it]Epoch 31: average [s/it]: 4.133261, current metric: 0.319435, best metric: 0.317046:  19%|█▉        | 4755/25000 [8:09:41<112:02:43, 19.92s/it]Epoch 31: average [s/it]: 4.133261, current metric: 0.319435, best metric: 0.317046:  19%|█▉        | 4756/25000 [8:09:42<80:41:20, 14.35s/it] Epoch 31: average [s/it]: 4.133261, current metric: 0.319435, best metric: 0.317046:  19%|█▉        | 4757/25000 [8:09:43<58:44:23, 10.45s/it]Epoch 31: average [s/it]: 4.133261, current metric: 0.319435, best metric: 0.317046:  19%|█▉        | 4758/25000 [8:09:45<43:22:36,  7.71s/it]Epoch 31: average [s/it]: 4.133261, current metric: 0.319435, best metric: 0.317046:  19%|█▉        | 4759/25000 [8:09:46<32:37:25,  5.80s/it]Epoch 31: average [s/it]: 4.133261, current metric: 0.319435, best metric: 0.317046:  19%|█▉        | 4760/25000 [8:09:47<25:05:40,  4.46s/it]Epoch 31: average [s/it]: 4.133261, current metric: 0.319435, best metric: 0.317046:  19%|█▉        | 4761/25000 [8:09:49<19:49:35,  3.53s/it]Epoch 31: average [s/it]: 4.133261, current metric: 0.319435, best metric: 0.317046:  19%|█▉        | 4762/25000 [8:09:50<16:08:42,  2.87s/it]Epoch 31: average [s/it]: 4.133261, current metric: 0.319435, best metric: 0.317046:  19%|█▉        | 4763/25000 [8:09:51<13:33:40,  2.41s/it]Epoch 31: average [s/it]: 4.133261, current metric: 0.319435, best metric: 0.317046:  19%|█▉        | 4764/25000 [8:09:53<11:45:19,  2.09s/it]Epoch 31: average [s/it]: 4.133261, current metric: 0.319435, best metric: 0.317046:  19%|█▉        | 4765/25000 [8:09:54<10:29:19,  1.87s/it]Epoch 31: average [s/it]: 4.133261, current metric: 0.319435, best metric: 0.317046:  19%|█▉        | 4766/25000 [8:09:55<9:36:02,  1.71s/it] Epoch 31: average [s/it]: 4.133261, current metric: 0.319435, best metric: 0.317046:  19%|█▉        | 4767/25000 [8:09:57<8:58:50,  1.60s/it]Epoch 31: average [s/it]: 4.133261, current metric: 0.319435, best metric: 0.317046:  19%|█▉        | 4768/25000 [8:09:58<8:32:42,  1.52s/it]Epoch 31: average [s/it]: 4.133261, current metric: 0.319435, best metric: 0.317046:  19%|█▉        | 4769/25000 [8:10:13<30:43:44,  5.47s/it]Epoch 31: average [s/it]: 4.133261, current metric: 0.319435, best metric: 0.317046:  19%|█▉        | 4770/25000 [8:10:14<23:46:13,  4.23s/it]Epoch 31: average [s/it]: 4.133261, current metric: 0.319435, best metric: 0.317046:  19%|█▉        | 4771/25000 [8:10:16<18:53:52,  3.36s/it]Epoch 31: average [s/it]: 4.133261, current metric: 0.319435, best metric: 0.317046:  19%|█▉        | 4772/25000 [8:10:17<15:29:09,  2.76s/it]Epoch 31: average [s/it]: 4.133261, current metric: 0.319435, best metric: 0.317046:  19%|█▉        | 4773/25000 [8:10:18<13:05:55,  2.33s/it]Epoch 31: average [s/it]: 4.133261, current metric: 0.319435, best metric: 0.317046:  19%|█▉        | 4774/25000 [8:10:20<11:25:36,  2.03s/it]Epoch 31: average [s/it]: 4.133261, current metric: 0.319435, best metric: 0.317046:  19%|█▉        | 4775/25000 [8:10:21<10:15:24,  1.83s/it]Epoch 31: average [s/it]: 4.133261, current metric: 0.319435, best metric: 0.317046:  19%|█▉        | 4776/25000 [8:10:22<9:49:52,  1.75s/it] Epoch 31: average [s/it]: 4.133261, current metric: 0.319435, best metric: 0.317046:  19%|█▉        | 4777/25000 [8:10:24<9:08:29,  1.63s/it]Epoch 31: average [s/it]: 4.133261, current metric: 0.319435, best metric: 0.317046:  19%|█▉        | 4778/25000 [8:10:25<8:39:20,  1.54s/it]Epoch 31: average [s/it]: 4.133261, current metric: 0.319435, best metric: 0.317046:  19%|█▉        | 4779/25000 [8:10:26<8:19:01,  1.48s/it]Epoch 31: average [s/it]: 4.133261, current metric: 0.319435, best metric: 0.317046:  19%|█▉        | 4780/25000 [8:10:28<8:04:49,  1.44s/it]Epoch 31: average [s/it]: 4.133261, current metric: 0.319435, best metric: 0.317046:  19%|█▉        | 4781/25000 [8:10:29<7:54:46,  1.41s/it]Epoch 31: average [s/it]: 4.133261, current metric: 0.319435, best metric: 0.317046:  19%|█▉        | 4782/25000 [8:10:31<7:47:47,  1.39s/it]Epoch 31: average [s/it]: 4.133261, current metric: 0.319435, best metric: 0.317046:  19%|█▉        | 4783/25000 [8:10:32<7:42:52,  1.37s/it]Epoch 31: average [s/it]: 4.133261, current metric: 0.319435, best metric: 0.317046:  19%|█▉        | 4784/25000 [8:10:33<7:39:31,  1.36s/it]Epoch 31: average [s/it]: 4.133261, current metric: 0.319435, best metric: 0.317046:  19%|█▉        | 4785/25000 [8:12:07<163:56:50, 29.20s/it]Epoch 31: average [s/it]: 4.133261, current metric: 0.319435, best metric: 0.317046:  19%|█▉        | 4786/25000 [8:12:09<117:01:06, 20.84s/it]Epoch 31: average [s/it]: 4.133261, current metric: 0.319435, best metric: 0.317046:  19%|█▉        | 4787/25000 [8:12:10<84:10:02, 14.99s/it] Epoch 31: average [s/it]: 4.133261, current metric: 0.319435, best metric: 0.317046:  19%|█▉        | 4788/25000 [8:12:11<61:10:21, 10.90s/it]Epoch 31: average [s/it]: 4.133261, current metric: 0.319435, best metric: 0.317046:  19%|█▉        | 4789/25000 [8:12:13<45:04:41,  8.03s/it]Epoch 31: average [s/it]: 4.133261, current metric: 0.319435, best metric: 0.317046:  19%|█▉        | 4790/25000 [8:12:14<33:48:45,  6.02s/it]Epoch 31: average [s/it]: 4.133261, current metric: 0.319435, best metric: 0.317046:  19%|█▉        | 4791/25000 [8:12:15<25:55:27,  4.62s/it]Epoch 31: average [s/it]: 4.133261, current metric: 0.319435, best metric: 0.317046:  19%|█▉        | 4792/25000 [8:12:17<20:24:16,  3.64s/it]Epoch 31: average [s/it]: 4.133261, current metric: 0.319435, best metric: 0.317046:  19%|█▉        | 4793/25000 [8:12:40<53:15:49,  9.49s/it]Epoch 31: average [s/it]: 4.133261, current metric: 0.319435, best metric: 0.317046:  19%|█▉        | 4794/25000 [8:12:41<39:32:20,  7.04s/it]Epoch 31: average [s/it]: 4.133261, current metric: 0.319435, best metric: 0.317046:  19%|█▉        | 4795/25000 [8:12:43<29:55:55,  5.33s/it]Epoch 31: average [s/it]: 4.133261, current metric: 0.319435, best metric: 0.317046:  19%|█▉        | 4796/25000 [8:12:44<23:12:38,  4.14s/it]Epoch 31: average [s/it]: 4.133261, current metric: 0.319435, best metric: 0.317046:  19%|█▉        | 4797/25000 [8:12:45<18:30:11,  3.30s/it]Epoch 31: average [s/it]: 4.133261, current metric: 0.319435, best metric: 0.317046:  19%|█▉        | 4798/25000 [8:12:47<15:12:32,  2.71s/it]Epoch 31: average [s/it]: 4.133261, current metric: 0.319435, best metric: 0.317046:  19%|█▉        | 4799/25000 [8:12:48<12:54:06,  2.30s/it]Epoch 31: average [s/it]: 4.133261, current metric: 0.319435, best metric: 0.317046:  19%|█▉        | 4800/25000 [8:12:49<11:17:07,  2.01s/it]Epoch 31: average [s/it]: 4.133261, current metric: 0.319435, best metric: 0.317046:  19%|█▉        | 4801/25000 [8:12:58<22:22:35,  3.99s/it]Epoch 31: average [s/it]: 4.133261, current metric: 0.319435, best metric: 0.317046:  19%|█▉        | 4802/25000 [8:14:26<164:00:27, 29.23s/it]Epoch 31: average [s/it]: 4.133261, current metric: 0.319435, best metric: 0.317046:  19%|█▉        | 4803/25000 [8:14:27<117:03:25, 20.86s/it]Epoch 31: average [s/it]: 4.133261, current metric: 0.319435, best metric: 0.317046:  19%|█▉        | 4804/25000 [8:14:29<84:11:28, 15.01s/it] Epoch 31: average [s/it]: 4.133261, current metric: 0.319435, best metric: 0.317046:  19%|█▉        | 4805/25000 [8:14:30<61:11:15, 10.91s/it]Epoch 31: average [s/it]: 4.133261, current metric: 0.319435, best metric: 0.317046:  19%|█▉        | 4806/25000 [8:14:31<45:05:06,  8.04s/it]Epoch 31: average [s/it]: 4.133261, current metric: 0.319435, best metric: 0.317046:  19%|█▉        | 4807/25000 [8:14:33<33:48:53,  6.03s/it]Epoch 31: average [s/it]: 4.133261, current metric: 0.319435, best metric: 0.317046:  19%|█▉        | 4808/25000 [8:14:34<25:55:39,  4.62s/it]Epoch 31: average [s/it]: 4.133261, current metric: 0.319435, best metric: 0.317046:  19%|█▉        | 4809/25000 [8:14:35<20:24:10,  3.64s/it]Epoch 31: average [s/it]: 4.133261, current metric: 0.319435, best metric: 0.317046:  19%|█▉        | 4810/25000 [8:14:37<16:32:16,  2.95s/it]Epoch 31: average [s/it]: 4.133261, current metric: 0.319435, best metric: 0.317046:  19%|█▉        | 4811/25000 [8:14:38<13:49:48,  2.47s/it]Epoch 31: average [s/it]: 4.133261, current metric: 0.319435, best metric: 0.317046:  19%|█▉        | 4812/25000 [8:14:39<11:56:08,  2.13s/it]Epoch 31: average [s/it]: 4.133261, current metric: 0.319435, best metric: 0.317046:  19%|█▉        | 4813/25000 [8:14:41<10:36:39,  1.89s/it]Epoch 31: average [s/it]: 4.133261, current metric: 0.319435, best metric: 0.317046:  19%|█▉        | 4814/25000 [8:14:42<9:40:52,  1.73s/it] Epoch 31: average [s/it]: 4.133261, current metric: 0.319435, best metric: 0.317046:  19%|█▉        | 4815/25000 [8:14:43<9:01:48,  1.61s/it]Epoch 31: average [s/it]: 4.133261, current metric: 0.319435, best metric: 0.317046:  19%|█▉        | 4816/25000 [8:14:45<8:34:25,  1.53s/it]Epoch 31: average [s/it]: 4.133261, current metric: 0.319435, best metric: 0.317046:  19%|█▉        | 4817/25000 [8:14:46<8:15:18,  1.47s/it]Epoch 31: average [s/it]: 4.133261, current metric: 0.319435, best metric: 0.317046:  19%|█▉        | 4818/25000 [8:15:28<76:51:42, 13.71s/it]Epoch 31: average [s/it]: 4.133261, current metric: 0.319435, best metric: 0.317046:  19%|█▉        | 4819/25000 [8:15:30<56:03:26, 10.00s/it]Epoch 31: average [s/it]: 4.133261, current metric: 0.319435, best metric: 0.317046:  19%|█▉        | 4820/25000 [8:15:31<41:29:36,  7.40s/it]Epoch 31: average [s/it]: 4.133261, current metric: 0.319435, best metric: 0.317046:  19%|█▉        | 4821/25000 [8:15:32<31:18:00,  5.58s/it]Epoch 31: average [s/it]: 4.133261, current metric: 0.319435, best metric: 0.317046:  19%|█▉        | 4822/25000 [8:15:34<24:09:48,  4.31s/it]Epoch 31: average [s/it]: 4.133261, current metric: 0.319435, best metric: 0.317046:  19%|█▉        | 4823/25000 [8:15:35<19:10:11,  3.42s/it]Epoch 31: average [s/it]: 4.133261, current metric: 0.319435, best metric: 0.317046:  19%|█▉        | 4824/25000 [8:15:36<15:40:31,  2.80s/it]Epoch 31: average [s/it]: 4.133261, current metric: 0.319435, best metric: 0.317046:  19%|█▉        | 4825/25000 [8:15:38<13:13:43,  2.36s/it]Epoch 31: average [s/it]: 4.133261, current metric: 0.319435, best metric: 0.317046:  19%|█▉        | 4826/25000 [8:15:39<11:30:54,  2.05s/it]Epoch 31: average [s/it]: 4.133261, current metric: 0.319435, best metric: 0.317046:  19%|█▉        | 4827/25000 [8:15:40<10:18:59,  1.84s/it]Epoch 31: average [s/it]: 4.133261, current metric: 0.319435, best metric: 0.317046:  19%|█▉        | 4828/25000 [8:15:42<9:28:31,  1.69s/it] Epoch 31: average [s/it]: 4.133261, current metric: 0.319435, best metric: 0.317046:  19%|█▉        | 4829/25000 [8:15:43<8:53:11,  1.59s/it]Epoch 31: average [s/it]: 4.133261, current metric: 0.319435, best metric: 0.317046:  19%|█▉        | 4830/25000 [8:15:44<8:28:17,  1.51s/it]Epoch 31: average [s/it]: 4.133261, current metric: 0.319435, best metric: 0.317046:  19%|█▉        | 4831/25000 [8:15:46<8:10:57,  1.46s/it]Epoch 31: average [s/it]: 4.133261, current metric: 0.319435, best metric: 0.317046:  19%|█▉        | 4832/25000 [8:15:47<7:58:57,  1.42s/it]Epoch 31: average [s/it]: 4.133261, current metric: 0.319435, best metric: 0.317046:  19%|█▉        | 4833/25000 [8:15:48<7:50:34,  1.40s/it]Epoch 31: average [s/it]: 4.133261, current metric: 0.319435, best metric: 0.317046:  19%|█▉        | 4834/25000 [8:16:25<67:11:56, 12.00s/it]Epoch 31: average [s/it]: 4.133261, current metric: 0.319435, best metric: 0.317046:  19%|█▉        | 4835/25000 [8:16:27<49:17:30,  8.80s/it]Epoch 31: average [s/it]: 4.133261, current metric: 0.319435, best metric: 0.317046:  19%|█▉        | 4836/25000 [8:16:28<36:45:18,  6.56s/it]Epoch 31: average [s/it]: 4.133261, current metric: 0.319435, best metric: 0.317046:  19%|█▉        | 4837/25000 [8:16:29<27:58:49,  5.00s/it]Epoch 31: average [s/it]: 4.133261, current metric: 0.319435, best metric: 0.317046:  19%|█▉        | 4838/25000 [8:16:31<21:50:16,  3.90s/it]Epoch 31: average [s/it]: 4.133261, current metric: 0.319435, best metric: 0.317046:  19%|█▉        | 4839/25000 [8:17:23<102:47:33, 18.35s/it]Epoch 31: average [s/it]: 4.133261, current metric: 0.319435, best metric: 0.317046:  19%|█▉        | 4840/25000 [8:17:24<74:12:16, 13.25s/it] Epoch 31: average [s/it]: 4.133261, current metric: 0.319435, best metric: 0.317046:  19%|█▉        | 4841/25000 [8:17:25<54:11:36,  9.68s/it]Epoch 31: average [s/it]: 4.133261, current metric: 0.319435, best metric: 0.317046:  19%|█▉        | 4842/25000 [8:17:27<40:11:08,  7.18s/it]Epoch 31: average [s/it]: 4.133261, current metric: 0.319435, best metric: 0.317046:  19%|█▉        | 4843/25000 [8:17:28<30:24:10,  5.43s/it]Epoch 31: average [s/it]: 4.133261, current metric: 0.319435, best metric: 0.317046:  19%|█▉        | 4844/25000 [8:17:29<23:31:57,  4.20s/it]Epoch 31: average [s/it]: 4.133261, current metric: 0.319435, best metric: 0.317046:  19%|█▉        | 4845/25000 [8:17:31<18:43:22,  3.34s/it]Epoch 31: average [s/it]: 4.133261, current metric: 0.319435, best metric: 0.317046:  19%|█▉        | 4846/25000 [8:17:32<15:21:21,  2.74s/it]Epoch 31: average [s/it]: 4.133261, current metric: 0.319435, best metric: 0.317046:  19%|█▉        | 4847/25000 [8:17:33<12:59:59,  2.32s/it]Epoch 31: average [s/it]: 4.133261, current metric: 0.319435, best metric: 0.317046:  19%|█▉        | 4848/25000 [8:17:35<11:21:17,  2.03s/it]Epoch 31: average [s/it]: 4.133261, current metric: 0.319435, best metric: 0.317046:  19%|█▉        | 4849/25000 [8:17:36<10:11:57,  1.82s/it]Epoch 31: average [s/it]: 4.133261, current metric: 0.319435, best metric: 0.317046:  19%|█▉        | 4850/25000 [8:17:37<9:23:20,  1.68s/it] Epoch 31: average [s/it]: 4.133261, current metric: 0.319435, best metric: 0.317046:  19%|█▉        | 4851/25000 [8:17:39<8:49:18,  1.58s/it]Epoch 31: average [s/it]: 4.133261, current metric: 0.319435, best metric: 0.317046:  19%|█▉        | 4852/25000 [8:17:59<39:40:02,  7.09s/it]Epoch 31: average [s/it]: 4.133261, current metric: 0.319435, best metric: 0.317046:  19%|█▉        | 4853/25000 [8:18:00<30:01:24,  5.36s/it]Epoch 31: average [s/it]: 4.133261, current metric: 0.319435, best metric: 0.317046:  19%|█▉        | 4854/25000 [8:18:01<23:16:16,  4.16s/it]Epoch 31: average [s/it]: 4.133261, current metric: 0.319435, best metric: 0.317046:  19%|█▉        | 4855/25000 [8:18:18<43:29:10,  7.77s/it]Epoch 31: average [s/it]: 4.133261, current metric: 0.319435, best metric: 0.317046:  19%|█▉        | 4856/25000 [8:18:19<32:41:33,  5.84s/it]Epoch 31: average [s/it]: 4.133261, current metric: 0.319435, best metric: 0.317046:  19%|█▉        | 4857/25000 [8:18:20<25:08:28,  4.49s/it]Epoch 31: average [s/it]: 4.133261, current metric: 0.319435, best metric: 0.317046:  19%|█▉        | 4858/25000 [8:18:22<19:51:05,  3.55s/it]Epoch 31: average [s/it]: 4.133261, current metric: 0.319435, best metric: 0.317046:  19%|█▉        | 4859/25000 [8:18:23<16:08:52,  2.89s/it]Epoch 31: average [s/it]: 4.133261, current metric: 0.319435, best metric: 0.317046:  19%|█▉        | 4860/25000 [8:18:24<13:33:21,  2.42s/it]Epoch 31: average [s/it]: 4.133261, current metric: 0.319435, best metric: 0.317046:  19%|█▉        | 4861/25000 [8:18:26<11:44:32,  2.10s/it]Epoch 31: average [s/it]: 4.133261, current metric: 0.319435, best metric: 0.317046:  19%|█▉        | 4862/25000 [8:18:27<10:28:14,  1.87s/it]Epoch 31: average [s/it]: 4.133261, current metric: 0.319435, best metric: 0.317046:  19%|█▉        | 4863/25000 [8:18:28<9:35:00,  1.71s/it] Epoch 31: average [s/it]: 4.133261, current metric: 0.319435, best metric: 0.317046:  19%|█▉        | 4864/25000 [8:18:30<8:57:46,  1.60s/it]Epoch 31: average [s/it]: 4.133261, current metric: 0.319435, best metric: 0.317046:  19%|█▉        | 4865/25000 [8:18:31<8:31:40,  1.52s/it]Epoch 31: average [s/it]: 4.133261, current metric: 0.319435, best metric: 0.317046:  19%|█▉        | 4866/25000 [8:18:32<8:13:10,  1.47s/it]Epoch 31: average [s/it]: 4.133261, current metric: 0.319435, best metric: 0.317046:  19%|█▉        | 4867/25000 [8:18:34<8:00:22,  1.43s/it]Epoch 31: average [s/it]: 4.133261, current metric: 0.319435, best metric: 0.317046:  19%|█▉        | 4868/25000 [8:18:35<7:51:31,  1.41s/it]Epoch 31: average [s/it]: 4.133261, current metric: 0.319435, best metric: 0.317046:  19%|█▉        | 4869/25000 [8:18:39<12:23:32,  2.22s/it]Epoch 31: average [s/it]: 4.133261, current metric: 0.319435, best metric: 0.317046:  19%|█▉        | 4870/25000 [8:19:24<83:42:35, 14.97s/it]Epoch 31: average [s/it]: 4.133261, current metric: 0.319435, best metric: 0.317046:  19%|█▉        | 4871/25000 [8:19:25<60:50:59, 10.88s/it]Epoch 31: average [s/it]: 4.133261, current metric: 0.319435, best metric: 0.317046:  19%|█▉        | 4872/25000 [8:19:31<52:06:13,  9.32s/it]Epoch 31: average [s/it]: 4.133261, current metric: 0.319435, best metric: 0.317046:  19%|█▉        | 4873/25000 [8:19:32<38:43:41,  6.93s/it]Epoch 31: average [s/it]: 4.133261, current metric: 0.319435, best metric: 0.317046:  19%|█▉        | 4874/25000 [8:19:53<61:53:12, 11.07s/it]Epoch 31: average [s/it]: 4.133261, current metric: 0.319435, best metric: 0.317046:  20%|█▉        | 4875/25000 [8:19:54<45:34:09,  8.15s/it]Epoch 31: average [s/it]: 4.133261, current metric: 0.319435, best metric: 0.317046:  20%|█▉        | 4876/25000 [8:19:56<34:08:53,  6.11s/it]Epoch 31: average [s/it]: 4.133261, current metric: 0.319435, best metric: 0.317046:  20%|█▉        | 4877/25000 [8:19:57<26:09:15,  4.68s/it]Epoch 31: average [s/it]: 4.133261, current metric: 0.319435, best metric: 0.317046:  20%|█▉        | 4878/25000 [8:19:58<20:42:52,  3.71s/it]Epoch 31: average [s/it]: 4.133261, current metric: 0.319435, best metric: 0.317046:  20%|█▉        | 4879/25000 [8:20:00<16:45:01,  3.00s/it]Epoch 31: average [s/it]: 4.133261, current metric: 0.319435, best metric: 0.317046:  20%|█▉        | 4880/25000 [8:20:01<13:58:43,  2.50s/it]Epoch 31: average [s/it]: 4.133261, current metric: 0.319435, best metric: 0.317046:  20%|█▉        | 4881/25000 [8:20:02<12:02:04,  2.15s/it]Epoch 31: average [s/it]: 4.133261, current metric: 0.319435, best metric: 0.317046:  20%|█▉        | 4882/25000 [8:20:10<21:44:06,  3.89s/it]Epoch 31: average [s/it]: 4.133261, current metric: 0.319435, best metric: 0.317046:  20%|█▉        | 4883/25000 [8:20:12<17:27:48,  3.13s/it]Epoch 31: average [s/it]: 4.133261, current metric: 0.319435, best metric: 0.317046:  20%|█▉        | 4884/25000 [8:20:13<14:28:17,  2.59s/it]Epoch 31: average [s/it]: 4.133261, current metric: 0.319435, best metric: 0.317046:  20%|█▉        | 4885/25000 [8:20:14<12:22:37,  2.22s/it]Epoch 31: average [s/it]: 4.133261, current metric: 0.319435, best metric: 0.317046:  20%|█▉        | 4886/25000 [8:20:32<37:19:06,  6.68s/it]Epoch 31: average [s/it]: 4.133261, current metric: 0.319435, best metric: 0.317046:  20%|█▉        | 4887/25000 [8:20:34<29:49:17,  5.34s/it]Epoch 31: average [s/it]: 4.133261, current metric: 0.319435, best metric: 0.317046:  20%|█▉        | 4888/25000 [8:20:35<23:07:09,  4.14s/it]Epoch 31: average [s/it]: 4.133261, current metric: 0.319435, best metric: 0.317046:  20%|█▉        | 4889/25000 [8:20:36<18:25:45,  3.30s/it]Epoch 31: average [s/it]: 4.133261, current metric: 0.319435, best metric: 0.317046:  20%|█▉        | 4890/25000 [8:20:38<15:08:31,  2.71s/it]Epoch 31: average [s/it]: 4.133261, current metric: 0.319435, best metric: 0.317046:  20%|█▉        | 4891/25000 [8:20:39<12:50:36,  2.30s/it]Epoch 31: average [s/it]: 4.133261, current metric: 0.319435, best metric: 0.317046:  20%|█▉        | 4892/25000 [8:20:40<11:13:56,  2.01s/it]Epoch 31: average [s/it]: 4.133261, current metric: 0.319435, best metric: 0.317046:  20%|█▉        | 4893/25000 [8:20:42<10:06:23,  1.81s/it]Epoch 31: average [s/it]: 4.133261, current metric: 0.319435, best metric: 0.317046:  20%|█▉        | 4894/25000 [8:20:43<9:19:04,  1.67s/it] Epoch 31: average [s/it]: 4.133261, current metric: 0.319435, best metric: 0.317046:  20%|█▉        | 4895/25000 [8:20:44<8:45:54,  1.57s/it]Epoch 31: average [s/it]: 4.133261, current metric: 0.319435, best metric: 0.317046:  20%|█▉        | 4896/25000 [8:20:46<8:22:41,  1.50s/it]Epoch 32: average [s/it]: 5.766514, current metric: 0.308225, best metric: 0.308225:  20%|█▉        | 4896/25000 [8:24:26<8:22:41,  1.50s/it]Epoch 32: average [s/it]: 5.766514, current metric: 0.308225, best metric: 0.308225:  20%|█▉        | 4897/25000 [8:25:38<494:57:56, 88.64s/it]Epoch 32: average [s/it]: 5.766514, current metric: 0.308225, best metric: 0.308225:  20%|█▉        | 4898/25000 [8:26:05<391:37:20, 70.13s/it]Epoch 32: average [s/it]: 5.766514, current metric: 0.308225, best metric: 0.308225:  20%|█▉        | 4899/25000 [8:26:06<276:22:09, 49.50s/it]Epoch 32: average [s/it]: 5.766514, current metric: 0.308225, best metric: 0.308225:  20%|█▉        | 4900/25000 [8:26:07<195:41:34, 35.05s/it]Epoch 32: average [s/it]: 5.766514, current metric: 0.308225, best metric: 0.308225:  20%|█▉        | 4901/25000 [8:26:09<139:50:09, 25.05s/it]Epoch 32: average [s/it]: 5.766514, current metric: 0.308225, best metric: 0.308225:  20%|█▉        | 4902/25000 [8:26:11<100:22:33, 17.98s/it]Epoch 32: average [s/it]: 5.766514, current metric: 0.308225, best metric: 0.308225:  20%|█▉        | 4903/25000 [8:26:12<72:42:12, 13.02s/it] Epoch 32: average [s/it]: 5.766514, current metric: 0.308225, best metric: 0.308225:  20%|█▉        | 4904/25000 [8:26:13<53:08:06,  9.52s/it]Epoch 32: average [s/it]: 5.766514, current metric: 0.308225, best metric: 0.308225:  20%|█▉        | 4905/25000 [8:26:15<39:26:08,  7.06s/it]Epoch 32: average [s/it]: 5.766514, current metric: 0.308225, best metric: 0.308225:  20%|█▉        | 4906/25000 [8:26:16<29:50:56,  5.35s/it]Epoch 32: average [s/it]: 5.766514, current metric: 0.308225, best metric: 0.308225:  20%|█▉        | 4907/25000 [8:26:17<23:08:20,  4.15s/it]Epoch 32: average [s/it]: 5.766514, current metric: 0.308225, best metric: 0.308225:  20%|█▉        | 4908/25000 [8:26:19<18:26:22,  3.30s/it]Epoch 32: average [s/it]: 5.766514, current metric: 0.308225, best metric: 0.308225:  20%|█▉        | 4909/25000 [8:26:29<30:50:44,  5.53s/it]Epoch 32: average [s/it]: 5.766514, current metric: 0.308225, best metric: 0.308225:  20%|█▉        | 4910/25000 [8:26:31<23:50:10,  4.27s/it]Epoch 32: average [s/it]: 5.766514, current metric: 0.308225, best metric: 0.308225:  20%|█▉        | 4911/25000 [8:26:39<30:51:09,  5.53s/it]Epoch 32: average [s/it]: 5.766514, current metric: 0.308225, best metric: 0.308225:  20%|█▉        | 4912/25000 [8:26:41<23:50:29,  4.27s/it]Epoch 32: average [s/it]: 5.766514, current metric: 0.308225, best metric: 0.308225:  20%|█▉        | 4913/25000 [8:27:18<79:14:42, 14.20s/it]Epoch 32: average [s/it]: 5.766514, current metric: 0.308225, best metric: 0.308225:  20%|█▉        | 4914/25000 [8:27:19<57:42:54, 10.34s/it]Epoch 32: average [s/it]: 5.766514, current metric: 0.308225, best metric: 0.308225:  20%|█▉        | 4915/25000 [8:27:21<42:38:29,  7.64s/it]Epoch 32: average [s/it]: 5.766514, current metric: 0.308225, best metric: 0.308225:  20%|█▉        | 4916/25000 [8:27:44<69:15:27, 12.41s/it]Epoch 32: average [s/it]: 5.766514, current metric: 0.308225, best metric: 0.308225:  20%|█▉        | 4917/25000 [8:27:46<50:43:14,  9.09s/it]Epoch 32: average [s/it]: 5.766514, current metric: 0.308225, best metric: 0.308225:  20%|█▉        | 4918/25000 [8:27:47<37:45:48,  6.77s/it]Epoch 32: average [s/it]: 5.766514, current metric: 0.308225, best metric: 0.308225:  20%|█▉        | 4919/25000 [8:27:48<28:40:33,  5.14s/it]Epoch 32: average [s/it]: 5.766514, current metric: 0.308225, best metric: 0.308225:  20%|█▉        | 4920/25000 [8:27:50<22:19:04,  4.00s/it]Epoch 32: average [s/it]: 5.766514, current metric: 0.308225, best metric: 0.308225:  20%|█▉        | 4921/25000 [8:27:51<17:52:02,  3.20s/it]Epoch 32: average [s/it]: 5.766514, current metric: 0.308225, best metric: 0.308225:  20%|█▉        | 4922/25000 [8:27:52<14:45:17,  2.65s/it]Epoch 32: average [s/it]: 5.766514, current metric: 0.308225, best metric: 0.308225:  20%|█▉        | 4923/25000 [8:27:54<12:34:26,  2.25s/it]Epoch 32: average [s/it]: 5.766514, current metric: 0.308225, best metric: 0.308225:  20%|█▉        | 4924/25000 [8:27:55<11:02:42,  1.98s/it]Epoch 32: average [s/it]: 5.766514, current metric: 0.308225, best metric: 0.308225:  20%|█▉        | 4925/25000 [8:27:56<9:58:27,  1.79s/it] Epoch 32: average [s/it]: 5.766514, current metric: 0.308225, best metric: 0.308225:  20%|█▉        | 4926/25000 [8:27:58<9:13:32,  1.65s/it]Epoch 32: average [s/it]: 5.766514, current metric: 0.308225, best metric: 0.308225:  20%|█▉        | 4927/25000 [8:27:59<8:42:10,  1.56s/it]Epoch 32: average [s/it]: 5.766514, current metric: 0.308225, best metric: 0.308225:  20%|█▉        | 4928/25000 [8:28:00<8:20:05,  1.49s/it]Epoch 32: average [s/it]: 5.766514, current metric: 0.308225, best metric: 0.308225:  20%|█▉        | 4929/25000 [8:28:02<8:04:42,  1.45s/it]Epoch 32: average [s/it]: 5.766514, current metric: 0.308225, best metric: 0.308225:  20%|█▉        | 4930/25000 [8:28:03<7:53:50,  1.42s/it]Epoch 32: average [s/it]: 5.766514, current metric: 0.308225, best metric: 0.308225:  20%|█▉        | 4931/25000 [8:28:04<7:46:05,  1.39s/it]Epoch 32: average [s/it]: 5.766514, current metric: 0.308225, best metric: 0.308225:  20%|█▉        | 4932/25000 [8:28:33<53:59:49,  9.69s/it]Epoch 32: average [s/it]: 5.766514, current metric: 0.308225, best metric: 0.308225:  20%|█▉        | 4933/25000 [8:28:35<40:02:20,  7.18s/it]Epoch 32: average [s/it]: 5.766514, current metric: 0.308225, best metric: 0.308225:  20%|█▉        | 4934/25000 [8:28:36<30:16:15,  5.43s/it]Epoch 32: average [s/it]: 5.766514, current metric: 0.308225, best metric: 0.308225:  20%|█▉        | 4935/25000 [8:28:38<23:52:30,  4.28s/it]Epoch 32: average [s/it]: 5.766514, current metric: 0.308225, best metric: 0.308225:  20%|█▉        | 4936/25000 [8:28:39<18:57:20,  3.40s/it]Epoch 32: average [s/it]: 5.766514, current metric: 0.308225, best metric: 0.308225:  20%|█▉        | 4937/25000 [8:28:40<15:30:35,  2.78s/it]Epoch 32: average [s/it]: 5.766514, current metric: 0.308225, best metric: 0.308225:  20%|█▉        | 4938/25000 [8:28:48<23:05:17,  4.14s/it]Epoch 32: average [s/it]: 5.766514, current metric: 0.308225, best metric: 0.308225:  20%|█▉        | 4939/25000 [8:28:49<18:24:02,  3.30s/it]Epoch 32: average [s/it]: 5.766514, current metric: 0.308225, best metric: 0.308225:  20%|█▉        | 4940/25000 [8:28:50<15:07:14,  2.71s/it]Epoch 32: average [s/it]: 5.766514, current metric: 0.308225, best metric: 0.308225:  20%|█▉        | 4941/25000 [8:28:52<12:54:14,  2.32s/it]Epoch 32: average [s/it]: 5.766514, current metric: 0.308225, best metric: 0.308225:  20%|█▉        | 4942/25000 [8:28:53<11:16:21,  2.02s/it]Epoch 32: average [s/it]: 5.766514, current metric: 0.308225, best metric: 0.308225:  20%|█▉        | 4943/25000 [8:28:55<10:28:07,  1.88s/it]Epoch 32: average [s/it]: 5.766514, current metric: 0.308225, best metric: 0.308225:  20%|█▉        | 4944/25000 [8:28:56<9:34:10,  1.72s/it] Epoch 32: average [s/it]: 5.766514, current metric: 0.308225, best metric: 0.308225:  20%|█▉        | 4945/25000 [8:28:58<9:35:22,  1.72s/it]Epoch 32: average [s/it]: 5.766514, current metric: 0.308225, best metric: 0.308225:  20%|█▉        | 4946/25000 [8:28:59<8:57:15,  1.61s/it]Epoch 32: average [s/it]: 5.766514, current metric: 0.308225, best metric: 0.308225:  20%|█▉        | 4947/25000 [8:29:43<80:24:14, 14.43s/it]Epoch 32: average [s/it]: 5.766514, current metric: 0.308225, best metric: 0.308225:  20%|█▉        | 4948/25000 [8:29:45<58:31:08, 10.51s/it]Epoch 32: average [s/it]: 5.766514, current metric: 0.308225, best metric: 0.308225:  20%|█▉        | 4949/25000 [8:29:46<43:12:03,  7.76s/it]Epoch 32: average [s/it]: 5.766514, current metric: 0.308225, best metric: 0.308225:  20%|█▉        | 4950/25000 [8:29:47<32:28:40,  5.83s/it]Epoch 32: average [s/it]: 5.766514, current metric: 0.308225, best metric: 0.308225:  20%|█▉        | 4951/25000 [8:29:49<24:58:16,  4.48s/it]Epoch 32: average [s/it]: 5.766514, current metric: 0.308225, best metric: 0.308225:  20%|█▉        | 4952/25000 [8:29:50<19:43:02,  3.54s/it]Epoch 32: average [s/it]: 5.766514, current metric: 0.308225, best metric: 0.308225:  20%|█▉        | 4953/25000 [8:29:51<16:08:13,  2.90s/it]Epoch 32: average [s/it]: 5.766514, current metric: 0.308225, best metric: 0.308225:  20%|█▉        | 4954/25000 [8:30:34<83:05:54, 14.92s/it]Epoch 32: average [s/it]: 5.766514, current metric: 0.308225, best metric: 0.308225:  20%|█▉        | 4955/25000 [8:30:36<60:24:19, 10.85s/it]Epoch 32: average [s/it]: 5.766514, current metric: 0.308225, best metric: 0.308225:  20%|█▉        | 4956/25000 [8:30:37<44:31:21,  8.00s/it]Epoch 32: average [s/it]: 5.766514, current metric: 0.308225, best metric: 0.308225:  20%|█▉        | 4957/25000 [8:30:39<33:24:06,  6.00s/it]Epoch 32: average [s/it]: 5.766514, current metric: 0.308225, best metric: 0.308225:  20%|█▉        | 4958/25000 [8:30:40<25:37:09,  4.60s/it]Epoch 32: average [s/it]: 5.766514, current metric: 0.308225, best metric: 0.308225:  20%|█▉        | 4959/25000 [8:30:41<20:10:15,  3.62s/it]Epoch 32: average [s/it]: 5.766514, current metric: 0.308225, best metric: 0.308225:  20%|█▉        | 4960/25000 [8:30:43<16:21:28,  2.94s/it]Epoch 32: average [s/it]: 5.766514, current metric: 0.308225, best metric: 0.308225:  20%|█▉        | 4961/25000 [8:30:44<13:41:21,  2.46s/it]Epoch 32: average [s/it]: 5.766514, current metric: 0.308225, best metric: 0.308225:  20%|█▉        | 4962/25000 [8:30:45<11:49:13,  2.12s/it]Epoch 32: average [s/it]: 5.766514, current metric: 0.308225, best metric: 0.308225:  20%|█▉        | 4963/25000 [8:30:47<10:30:43,  1.89s/it]Epoch 32: average [s/it]: 5.766514, current metric: 0.308225, best metric: 0.308225:  20%|█▉        | 4964/25000 [8:30:48<9:35:50,  1.72s/it] Epoch 32: average [s/it]: 5.766514, current metric: 0.308225, best metric: 0.308225:  20%|█▉        | 4965/25000 [8:30:49<8:57:21,  1.61s/it]Epoch 32: average [s/it]: 5.766514, current metric: 0.308225, best metric: 0.308225:  20%|█▉        | 4966/25000 [8:30:51<8:30:22,  1.53s/it]Epoch 32: average [s/it]: 5.766514, current metric: 0.308225, best metric: 0.308225:  20%|█▉        | 4967/25000 [8:30:52<8:11:27,  1.47s/it]Epoch 32: average [s/it]: 5.766514, current metric: 0.308225, best metric: 0.308225:  20%|█▉        | 4968/25000 [8:30:53<7:58:15,  1.43s/it]Epoch 32: average [s/it]: 5.766514, current metric: 0.308225, best metric: 0.308225:  20%|█▉        | 4969/25000 [8:30:55<7:48:53,  1.40s/it]Epoch 32: average [s/it]: 5.766514, current metric: 0.308225, best metric: 0.308225:  20%|█▉        | 4970/25000 [8:31:42<84:44:31, 15.23s/it]Epoch 32: average [s/it]: 5.766514, current metric: 0.308225, best metric: 0.308225:  20%|█▉        | 4971/25000 [8:31:43<61:33:21, 11.06s/it]Epoch 32: average [s/it]: 5.766514, current metric: 0.308225, best metric: 0.308225:  20%|█▉        | 4972/25000 [8:31:45<45:19:24,  8.15s/it]Epoch 32: average [s/it]: 5.766514, current metric: 0.308225, best metric: 0.308225:  20%|█▉        | 4973/25000 [8:31:46<33:57:47,  6.11s/it]Epoch 32: average [s/it]: 5.766514, current metric: 0.308225, best metric: 0.308225:  20%|█▉        | 4974/25000 [8:31:47<26:00:32,  4.68s/it]Epoch 32: average [s/it]: 5.766514, current metric: 0.308225, best metric: 0.308225:  20%|█▉        | 4975/25000 [8:31:49<20:26:27,  3.67s/it]Epoch 32: average [s/it]: 5.766514, current metric: 0.308225, best metric: 0.308225:  20%|█▉        | 4976/25000 [8:32:44<106:14:28, 19.10s/it]Epoch 32: average [s/it]: 5.766514, current metric: 0.308225, best metric: 0.308225:  20%|█▉        | 4977/25000 [8:32:45<76:36:09, 13.77s/it] Epoch 32: average [s/it]: 5.766514, current metric: 0.308225, best metric: 0.308225:  20%|█▉        | 4978/25000 [8:32:47<55:51:36, 10.04s/it]Epoch 32: average [s/it]: 5.766514, current metric: 0.308225, best metric: 0.308225:  20%|█▉        | 4979/25000 [8:32:48<41:20:02,  7.43s/it]Epoch 32: average [s/it]: 5.766514, current metric: 0.308225, best metric: 0.308225:  20%|█▉        | 4980/25000 [8:32:49<31:10:02,  5.60s/it]Epoch 32: average [s/it]: 5.766514, current metric: 0.308225, best metric: 0.308225:  20%|█▉        | 4981/25000 [8:32:51<24:02:54,  4.32s/it]Epoch 32: average [s/it]: 5.766514, current metric: 0.308225, best metric: 0.308225:  20%|█▉        | 4982/25000 [8:32:52<19:04:01,  3.43s/it]Epoch 32: average [s/it]: 5.766514, current metric: 0.308225, best metric: 0.308225:  20%|█▉        | 4983/25000 [8:32:53<15:34:43,  2.80s/it]Epoch 32: average [s/it]: 5.766514, current metric: 0.308225, best metric: 0.308225:  20%|█▉        | 4984/25000 [8:32:55<13:08:27,  2.36s/it]Epoch 32: average [s/it]: 5.766514, current metric: 0.308225, best metric: 0.308225:  20%|█▉        | 4985/25000 [8:32:56<11:26:03,  2.06s/it]Epoch 32: average [s/it]: 5.766514, current metric: 0.308225, best metric: 0.308225:  20%|█▉        | 4986/25000 [8:32:57<10:14:22,  1.84s/it]Epoch 32: average [s/it]: 5.766514, current metric: 0.308225, best metric: 0.308225:  20%|█▉        | 4987/25000 [8:32:59<9:24:10,  1.69s/it] Epoch 32: average [s/it]: 5.766514, current metric: 0.308225, best metric: 0.308225:  20%|█▉        | 4988/25000 [8:33:00<8:48:56,  1.59s/it]Epoch 32: average [s/it]: 5.766514, current metric: 0.308225, best metric: 0.308225:  20%|█▉        | 4989/25000 [8:33:01<8:24:20,  1.51s/it]Epoch 32: average [s/it]: 5.766514, current metric: 0.308225, best metric: 0.308225:  20%|█▉        | 4990/25000 [8:33:03<8:07:18,  1.46s/it]Epoch 32: average [s/it]: 5.766514, current metric: 0.308225, best metric: 0.308225:  20%|█▉        | 4991/25000 [8:33:04<7:55:34,  1.43s/it]Epoch 32: average [s/it]: 5.766514, current metric: 0.308225, best metric: 0.308225:  20%|█▉        | 4992/25000 [8:34:32<152:57:23, 27.52s/it]Epoch 32: average [s/it]: 5.766514, current metric: 0.308225, best metric: 0.308225:  20%|█▉        | 4993/25000 [8:34:34<109:18:20, 19.67s/it]Epoch 32: average [s/it]: 5.766514, current metric: 0.308225, best metric: 0.308225:  20%|█▉        | 4994/25000 [8:34:35<78:45:03, 14.17s/it] Epoch 32: average [s/it]: 5.766514, current metric: 0.308225, best metric: 0.308225:  20%|█▉        | 4995/25000 [8:34:36<57:21:40, 10.32s/it]Epoch 32: average [s/it]: 5.766514, current metric: 0.308225, best metric: 0.308225:  20%|█▉        | 4996/25000 [8:34:38<42:23:15,  7.63s/it]Epoch 32: average [s/it]: 5.766514, current metric: 0.308225, best metric: 0.308225:  20%|█▉        | 4997/25000 [8:34:39<31:54:27,  5.74s/it]Epoch 32: average [s/it]: 5.766514, current metric: 0.308225, best metric: 0.308225:  20%|█▉        | 4998/25000 [8:34:40<24:34:20,  4.42s/it]Epoch 32: average [s/it]: 5.766514, current metric: 0.308225, best metric: 0.308225:  20%|█▉        | 4999/25000 [8:34:42<19:45:19,  3.56s/it]Epoch 32: average [s/it]: 5.766514, current metric: 0.308225, best metric: 0.308225:  20%|██        | 5000/25000 [8:34:43<16:03:53,  2.89s/it]Epoch 32: average [s/it]: 5.766514, current metric: 0.308225, best metric: 0.308225:  20%|██        | 5001/25000 [8:34:45<14:23:26,  2.59s/it]Epoch 32: average [s/it]: 5.766514, current metric: 0.308225, best metric: 0.308225:  20%|██        | 5002/25000 [8:35:44<108:22:04, 19.51s/it]Epoch 32: average [s/it]: 5.766514, current metric: 0.308225, best metric: 0.308225:  20%|██        | 5003/25000 [8:35:46<78:05:12, 14.06s/it] Epoch 32: average [s/it]: 5.766514, current metric: 0.308225, best metric: 0.308225:  20%|██        | 5004/25000 [8:35:47<56:53:34, 10.24s/it]Epoch 32: average [s/it]: 5.766514, current metric: 0.308225, best metric: 0.308225:  20%|██        | 5005/25000 [8:35:48<42:03:27,  7.57s/it]Epoch 32: average [s/it]: 5.766514, current metric: 0.308225, best metric: 0.308225:  20%|██        | 5006/25000 [8:35:50<31:40:13,  5.70s/it]Epoch 32: average [s/it]: 5.766514, current metric: 0.308225, best metric: 0.308225:  20%|██        | 5007/25000 [8:35:51<24:24:07,  4.39s/it]Epoch 32: average [s/it]: 5.766514, current metric: 0.308225, best metric: 0.308225:  20%|██        | 5008/25000 [8:36:00<31:30:37,  5.67s/it]Epoch 32: average [s/it]: 5.766514, current metric: 0.308225, best metric: 0.308225:  20%|██        | 5009/25000 [8:36:01<24:17:26,  4.37s/it]Epoch 32: average [s/it]: 5.766514, current metric: 0.308225, best metric: 0.308225:  20%|██        | 5010/25000 [8:36:02<19:14:17,  3.46s/it]Epoch 32: average [s/it]: 5.766514, current metric: 0.308225, best metric: 0.308225:  20%|██        | 5011/25000 [8:36:04<15:42:00,  2.83s/it]Epoch 32: average [s/it]: 5.766514, current metric: 0.308225, best metric: 0.308225:  20%|██        | 5012/25000 [8:36:05<13:13:18,  2.38s/it]Epoch 32: average [s/it]: 5.766514, current metric: 0.308225, best metric: 0.308225:  20%|██        | 5013/25000 [8:36:06<11:29:10,  2.07s/it]Epoch 32: average [s/it]: 5.766514, current metric: 0.308225, best metric: 0.308225:  20%|██        | 5014/25000 [8:36:08<10:16:25,  1.85s/it]Epoch 32: average [s/it]: 5.766514, current metric: 0.308225, best metric: 0.308225:  20%|██        | 5015/25000 [8:36:09<9:25:29,  1.70s/it] Epoch 32: average [s/it]: 5.766514, current metric: 0.308225, best metric: 0.308225:  20%|██        | 5016/25000 [8:36:10<8:49:49,  1.59s/it]Epoch 32: average [s/it]: 5.766514, current metric: 0.308225, best metric: 0.308225:  20%|██        | 5017/25000 [8:36:12<8:24:48,  1.52s/it]Epoch 32: average [s/it]: 5.766514, current metric: 0.308225, best metric: 0.308225:  20%|██        | 5018/25000 [8:36:42<56:41:24, 10.21s/it]Epoch 32: average [s/it]: 5.766514, current metric: 0.308225, best metric: 0.308225:  20%|██        | 5019/25000 [8:36:43<41:54:46,  7.55s/it]Epoch 32: average [s/it]: 5.766514, current metric: 0.308225, best metric: 0.308225:  20%|██        | 5020/25000 [8:36:45<31:34:13,  5.69s/it]Epoch 32: average [s/it]: 5.766514, current metric: 0.308225, best metric: 0.308225:  20%|██        | 5021/25000 [8:36:46<24:19:45,  4.38s/it]Epoch 32: average [s/it]: 5.766514, current metric: 0.308225, best metric: 0.308225:  20%|██        | 5022/25000 [8:36:47<19:15:43,  3.47s/it]Epoch 32: average [s/it]: 5.766514, current metric: 0.308225, best metric: 0.308225:  20%|██        | 5023/25000 [8:36:49<15:42:47,  2.83s/it]Epoch 32: average [s/it]: 5.766514, current metric: 0.308225, best metric: 0.308225:  20%|██        | 5024/25000 [8:37:41<97:58:56, 17.66s/it]Epoch 32: average [s/it]: 5.766514, current metric: 0.308225, best metric: 0.308225:  20%|██        | 5025/25000 [8:37:42<70:48:50, 12.76s/it]Epoch 32: average [s/it]: 5.766514, current metric: 0.308225, best metric: 0.308225:  20%|██        | 5026/25000 [8:37:44<51:47:43,  9.34s/it]Epoch 32: average [s/it]: 5.766514, current metric: 0.308225, best metric: 0.308225:  20%|██        | 5027/25000 [8:37:45<38:29:01,  6.94s/it]Epoch 32: average [s/it]: 5.766514, current metric: 0.308225, best metric: 0.308225:  20%|██        | 5028/25000 [8:37:46<29:09:55,  5.26s/it]Epoch 32: average [s/it]: 5.766514, current metric: 0.308225, best metric: 0.308225:  20%|██        | 5029/25000 [8:37:48<22:38:33,  4.08s/it]Epoch 32: average [s/it]: 5.766514, current metric: 0.308225, best metric: 0.308225:  20%|██        | 5030/25000 [8:37:49<18:04:36,  3.26s/it]Epoch 32: average [s/it]: 5.766514, current metric: 0.308225, best metric: 0.308225:  20%|██        | 5031/25000 [8:37:50<14:52:55,  2.68s/it]Epoch 32: average [s/it]: 5.766514, current metric: 0.308225, best metric: 0.308225:  20%|██        | 5032/25000 [8:37:52<12:38:40,  2.28s/it]Epoch 32: average [s/it]: 5.766514, current metric: 0.308225, best metric: 0.308225:  20%|██        | 5033/25000 [8:37:53<11:04:40,  2.00s/it]Epoch 32: average [s/it]: 5.766514, current metric: 0.308225, best metric: 0.308225:  20%|██        | 5034/25000 [8:37:54<9:58:54,  1.80s/it] Epoch 32: average [s/it]: 5.766514, current metric: 0.308225, best metric: 0.308225:  20%|██        | 5035/25000 [8:37:56<9:12:49,  1.66s/it]Epoch 32: average [s/it]: 5.766514, current metric: 0.308225, best metric: 0.308225:  20%|██        | 5036/25000 [8:37:57<8:40:32,  1.56s/it]Epoch 32: average [s/it]: 5.766514, current metric: 0.308225, best metric: 0.308225:  20%|██        | 5037/25000 [8:37:58<8:17:57,  1.50s/it]Epoch 32: average [s/it]: 5.766514, current metric: 0.308225, best metric: 0.308225:  20%|██        | 5038/25000 [8:38:00<8:02:22,  1.45s/it]Epoch 32: average [s/it]: 5.766514, current metric: 0.308225, best metric: 0.308225:  20%|██        | 5039/25000 [8:38:01<7:51:21,  1.42s/it]Epoch 32: average [s/it]: 5.766514, current metric: 0.308225, best metric: 0.308225:  20%|██        | 5040/25000 [8:38:49<85:19:54, 15.39s/it]Epoch 32: average [s/it]: 5.766514, current metric: 0.308225, best metric: 0.308225:  20%|██        | 5041/25000 [8:38:51<61:57:32, 11.18s/it]Epoch 32: average [s/it]: 5.766514, current metric: 0.308225, best metric: 0.308225:  20%|██        | 5042/25000 [8:38:52<45:35:47,  8.22s/it]Epoch 32: average [s/it]: 5.766514, current metric: 0.308225, best metric: 0.308225:  20%|██        | 5043/25000 [8:38:53<34:08:40,  6.16s/it]Epoch 32: average [s/it]: 5.766514, current metric: 0.308225, best metric: 0.308225:  20%|██        | 5044/25000 [8:38:55<26:07:36,  4.71s/it]Epoch 32: average [s/it]: 5.766514, current metric: 0.308225, best metric: 0.308225:  20%|██        | 5045/25000 [8:38:56<20:30:51,  3.70s/it]Epoch 32: average [s/it]: 5.766514, current metric: 0.308225, best metric: 0.308225:  20%|██        | 5046/25000 [8:38:57<16:35:10,  2.99s/it]Epoch 32: average [s/it]: 5.766514, current metric: 0.308225, best metric: 0.308225:  20%|██        | 5047/25000 [8:38:59<13:50:09,  2.50s/it]Epoch 32: average [s/it]: 5.766514, current metric: 0.308225, best metric: 0.308225:  20%|██        | 5048/25000 [8:39:00<11:54:42,  2.15s/it]Epoch 32: average [s/it]: 5.766514, current metric: 0.308225, best metric: 0.308225:  20%|██        | 5049/25000 [8:39:01<10:33:51,  1.91s/it]Epoch 33: average [s/it]: 5.724291, current metric: 0.310761, best metric: 0.308225:  20%|██        | 5049/25000 [8:42:58<10:33:51,  1.91s/it]Epoch 33: average [s/it]: 5.724291, current metric: 0.310761, best metric: 0.308225:  20%|██        | 5050/25000 [8:43:29<452:49:54, 81.71s/it]Epoch 33: average [s/it]: 5.724291, current metric: 0.310761, best metric: 0.308225:  20%|██        | 5051/25000 [8:43:41<335:51:05, 60.61s/it]Epoch 33: average [s/it]: 5.724291, current metric: 0.310761, best metric: 0.308225:  20%|██        | 5052/25000 [8:43:42<237:18:33, 42.83s/it]Epoch 33: average [s/it]: 5.724291, current metric: 0.310761, best metric: 0.308225:  20%|██        | 5053/25000 [8:43:43<168:19:55, 30.38s/it]Epoch 33: average [s/it]: 5.724291, current metric: 0.310761, best metric: 0.308225:  20%|██        | 5054/25000 [8:43:47<124:03:01, 22.39s/it]Epoch 33: average [s/it]: 5.724291, current metric: 0.310761, best metric: 0.308225:  20%|██        | 5055/25000 [8:43:48<89:03:14, 16.07s/it] Epoch 33: average [s/it]: 5.724291, current metric: 0.310761, best metric: 0.308225:  20%|██        | 5056/25000 [8:43:50<64:33:27, 11.65s/it]Epoch 33: average [s/it]: 5.724291, current metric: 0.310761, best metric: 0.308225:  20%|██        | 5057/25000 [8:43:51<47:24:44,  8.56s/it]Epoch 33: average [s/it]: 5.724291, current metric: 0.310761, best metric: 0.308225:  20%|██        | 5058/25000 [8:43:52<35:24:39,  6.39s/it]Epoch 33: average [s/it]: 5.724291, current metric: 0.310761, best metric: 0.308225:  20%|██        | 5059/25000 [8:43:54<27:01:59,  4.88s/it]Epoch 33: average [s/it]: 5.724291, current metric: 0.310761, best metric: 0.308225:  20%|██        | 5060/25000 [8:43:55<21:08:40,  3.82s/it]Epoch 33: average [s/it]: 5.724291, current metric: 0.310761, best metric: 0.308225:  20%|██        | 5061/25000 [8:43:56<17:01:24,  3.07s/it]Epoch 33: average [s/it]: 5.724291, current metric: 0.310761, best metric: 0.308225:  20%|██        | 5062/25000 [8:43:58<14:08:18,  2.55s/it]Epoch 33: average [s/it]: 5.724291, current metric: 0.310761, best metric: 0.308225:  20%|██        | 5063/25000 [8:43:59<12:13:03,  2.21s/it]Epoch 33: average [s/it]: 5.724291, current metric: 0.310761, best metric: 0.308225:  20%|██        | 5064/25000 [8:44:51<94:30:29, 17.07s/it]Epoch 33: average [s/it]: 5.724291, current metric: 0.310761, best metric: 0.308225:  20%|██        | 5065/25000 [8:44:52<68:22:34, 12.35s/it]Epoch 33: average [s/it]: 5.724291, current metric: 0.310761, best metric: 0.308225:  20%|██        | 5066/25000 [8:44:53<50:04:58,  9.04s/it]Epoch 33: average [s/it]: 5.724291, current metric: 0.310761, best metric: 0.308225:  20%|██        | 5067/25000 [8:44:55<37:16:42,  6.73s/it]Epoch 33: average [s/it]: 5.724291, current metric: 0.310761, best metric: 0.308225:  20%|██        | 5068/25000 [8:44:56<28:18:55,  5.11s/it]Epoch 33: average [s/it]: 5.724291, current metric: 0.310761, best metric: 0.308225:  20%|██        | 5069/25000 [8:44:57<22:02:33,  3.98s/it]Epoch 33: average [s/it]: 5.724291, current metric: 0.310761, best metric: 0.308225:  20%|██        | 5070/25000 [8:44:59<17:39:02,  3.19s/it]Epoch 33: average [s/it]: 5.724291, current metric: 0.310761, best metric: 0.308225:  20%|██        | 5071/25000 [8:45:00<14:34:37,  2.63s/it]Epoch 33: average [s/it]: 5.724291, current metric: 0.310761, best metric: 0.308225:  20%|██        | 5072/25000 [8:45:01<12:25:28,  2.24s/it]Epoch 33: average [s/it]: 5.724291, current metric: 0.310761, best metric: 0.308225:  20%|██        | 5073/25000 [8:45:03<10:55:04,  1.97s/it]Epoch 33: average [s/it]: 5.724291, current metric: 0.310761, best metric: 0.308225:  20%|██        | 5074/25000 [8:45:04<9:51:45,  1.78s/it] Epoch 33: average [s/it]: 5.724291, current metric: 0.310761, best metric: 0.308225:  20%|██        | 5075/25000 [8:45:06<9:07:29,  1.65s/it]Epoch 33: average [s/it]: 5.724291, current metric: 0.310761, best metric: 0.308225:  20%|██        | 5076/25000 [8:45:07<8:36:30,  1.56s/it]Epoch 33: average [s/it]: 5.724291, current metric: 0.310761, best metric: 0.308225:  20%|██        | 5077/25000 [8:45:08<8:14:56,  1.49s/it]Epoch 33: average [s/it]: 5.724291, current metric: 0.310761, best metric: 0.308225:  20%|██        | 5078/25000 [8:45:10<7:59:40,  1.44s/it]Epoch 33: average [s/it]: 5.724291, current metric: 0.310761, best metric: 0.308225:  20%|██        | 5079/25000 [8:45:11<7:49:04,  1.41s/it]Epoch 33: average [s/it]: 5.724291, current metric: 0.310761, best metric: 0.308225:  20%|██        | 5080/25000 [8:45:37<48:27:35,  8.76s/it]Epoch 33: average [s/it]: 5.724291, current metric: 0.310761, best metric: 0.308225:  20%|██        | 5081/25000 [8:45:38<36:08:32,  6.53s/it]Epoch 33: average [s/it]: 5.724291, current metric: 0.310761, best metric: 0.308225:  20%|██        | 5082/25000 [8:45:39<27:31:08,  4.97s/it]Epoch 33: average [s/it]: 5.724291, current metric: 0.310761, best metric: 0.308225:  20%|██        | 5083/25000 [8:45:41<21:28:59,  3.88s/it]Epoch 33: average [s/it]: 5.724291, current metric: 0.310761, best metric: 0.308225:  20%|██        | 5084/25000 [8:45:42<17:15:25,  3.12s/it]Epoch 33: average [s/it]: 5.724291, current metric: 0.310761, best metric: 0.308225:  20%|██        | 5085/25000 [8:45:43<14:18:05,  2.59s/it]Epoch 33: average [s/it]: 5.724291, current metric: 0.310761, best metric: 0.308225:  20%|██        | 5086/25000 [8:45:45<12:13:48,  2.21s/it]Epoch 33: average [s/it]: 5.724291, current metric: 0.310761, best metric: 0.308225:  20%|██        | 5087/25000 [8:45:46<10:46:49,  1.95s/it]Epoch 33: average [s/it]: 5.724291, current metric: 0.310761, best metric: 0.308225:  20%|██        | 5088/25000 [8:45:47<9:45:55,  1.77s/it] Epoch 33: average [s/it]: 5.724291, current metric: 0.310761, best metric: 0.308225:  20%|██        | 5089/25000 [8:45:49<9:03:18,  1.64s/it]Epoch 33: average [s/it]: 5.724291, current metric: 0.310761, best metric: 0.308225:  20%|██        | 5090/25000 [8:45:50<8:33:25,  1.55s/it]Epoch 33: average [s/it]: 5.724291, current metric: 0.310761, best metric: 0.308225:  20%|██        | 5091/25000 [8:45:51<8:12:36,  1.48s/it]Epoch 33: average [s/it]: 5.724291, current metric: 0.310761, best metric: 0.308225:  20%|██        | 5092/25000 [8:45:53<7:57:55,  1.44s/it]Epoch 33: average [s/it]: 5.724291, current metric: 0.310761, best metric: 0.308225:  20%|██        | 5093/25000 [8:45:54<7:47:42,  1.41s/it]Epoch 33: average [s/it]: 5.724291, current metric: 0.310761, best metric: 0.308225:  20%|██        | 5094/25000 [8:45:55<7:40:35,  1.39s/it]Epoch 33: average [s/it]: 5.724291, current metric: 0.310761, best metric: 0.308225:  20%|██        | 5095/25000 [8:45:57<7:35:37,  1.37s/it]Epoch 33: average [s/it]: 5.724291, current metric: 0.310761, best metric: 0.308225:  20%|██        | 5096/25000 [8:46:16<36:22:22,  6.58s/it]Epoch 33: average [s/it]: 5.724291, current metric: 0.310761, best metric: 0.308225:  20%|██        | 5097/25000 [8:46:17<27:40:48,  5.01s/it]Epoch 33: average [s/it]: 5.724291, current metric: 0.310761, best metric: 0.308225:  20%|██        | 5098/25000 [8:46:18<21:35:54,  3.91s/it]Epoch 33: average [s/it]: 5.724291, current metric: 0.310761, best metric: 0.308225:  20%|██        | 5099/25000 [8:46:20<17:20:10,  3.14s/it]Epoch 33: average [s/it]: 5.724291, current metric: 0.310761, best metric: 0.308225:  20%|██        | 5100/25000 [8:46:21<14:21:16,  2.60s/it]Epoch 33: average [s/it]: 5.724291, current metric: 0.310761, best metric: 0.308225:  20%|██        | 5101/25000 [8:46:22<12:32:01,  2.27s/it]Epoch 33: average [s/it]: 5.724291, current metric: 0.310761, best metric: 0.308225:  20%|██        | 5102/25000 [8:46:24<11:04:50,  2.00s/it]Epoch 33: average [s/it]: 5.724291, current metric: 0.310761, best metric: 0.308225:  20%|██        | 5103/25000 [8:46:25<9:58:22,  1.80s/it] Epoch 33: average [s/it]: 5.724291, current metric: 0.310761, best metric: 0.308225:  20%|██        | 5104/25000 [8:46:26<9:11:51,  1.66s/it]Epoch 33: average [s/it]: 5.724291, current metric: 0.310761, best metric: 0.308225:  20%|██        | 5105/25000 [8:46:28<8:39:27,  1.57s/it]Epoch 33: average [s/it]: 5.724291, current metric: 0.310761, best metric: 0.308225:  20%|██        | 5106/25000 [8:46:29<8:16:42,  1.50s/it]Epoch 33: average [s/it]: 5.724291, current metric: 0.310761, best metric: 0.308225:  20%|██        | 5107/25000 [8:46:30<8:00:48,  1.45s/it]Epoch 33: average [s/it]: 5.724291, current metric: 0.310761, best metric: 0.308225:  20%|██        | 5108/25000 [8:46:32<7:49:42,  1.42s/it]Epoch 33: average [s/it]: 5.724291, current metric: 0.310761, best metric: 0.308225:  20%|██        | 5109/25000 [8:46:33<7:41:48,  1.39s/it]Epoch 33: average [s/it]: 5.724291, current metric: 0.310761, best metric: 0.308225:  20%|██        | 5110/25000 [8:46:35<7:36:22,  1.38s/it]Epoch 33: average [s/it]: 5.724291, current metric: 0.310761, best metric: 0.308225:  20%|██        | 5111/25000 [8:46:36<7:32:27,  1.36s/it]Epoch 33: average [s/it]: 5.724291, current metric: 0.310761, best metric: 0.308225:  20%|██        | 5112/25000 [8:46:37<7:29:46,  1.36s/it]Epoch 33: average [s/it]: 5.724291, current metric: 0.310761, best metric: 0.308225:  20%|██        | 5113/25000 [8:47:10<59:30:29, 10.77s/it]Epoch 33: average [s/it]: 5.724291, current metric: 0.310761, best metric: 0.308225:  20%|██        | 5114/25000 [8:47:11<43:52:25,  7.94s/it]Epoch 33: average [s/it]: 5.724291, current metric: 0.310761, best metric: 0.308225:  20%|██        | 5115/25000 [8:47:13<32:55:38,  5.96s/it]Epoch 33: average [s/it]: 5.724291, current metric: 0.310761, best metric: 0.308225:  20%|██        | 5116/25000 [8:47:14<25:24:47,  4.60s/it]Epoch 33: average [s/it]: 5.724291, current metric: 0.310761, best metric: 0.308225:  20%|██        | 5117/25000 [8:47:15<20:00:18,  3.62s/it]Epoch 33: average [s/it]: 5.724291, current metric: 0.310761, best metric: 0.308225:  20%|██        | 5118/25000 [8:47:17<16:13:12,  2.94s/it]Epoch 33: average [s/it]: 5.724291, current metric: 0.310761, best metric: 0.308225:  20%|██        | 5119/25000 [8:47:18<13:34:07,  2.46s/it]Epoch 33: average [s/it]: 5.724291, current metric: 0.310761, best metric: 0.308225:  20%|██        | 5120/25000 [8:47:19<11:42:51,  2.12s/it]Epoch 33: average [s/it]: 5.724291, current metric: 0.310761, best metric: 0.308225:  20%|██        | 5121/25000 [8:47:21<10:24:55,  1.89s/it]Epoch 33: average [s/it]: 5.724291, current metric: 0.310761, best metric: 0.308225:  20%|██        | 5122/25000 [8:47:22<9:30:24,  1.72s/it] Epoch 33: average [s/it]: 5.724291, current metric: 0.310761, best metric: 0.308225:  20%|██        | 5123/25000 [8:47:23<8:52:11,  1.61s/it]Epoch 33: average [s/it]: 5.724291, current metric: 0.310761, best metric: 0.308225:  20%|██        | 5124/25000 [8:47:25<8:25:30,  1.53s/it]Epoch 33: average [s/it]: 5.724291, current metric: 0.310761, best metric: 0.308225:  20%|██        | 5125/25000 [8:47:26<8:06:46,  1.47s/it]Epoch 33: average [s/it]: 5.724291, current metric: 0.310761, best metric: 0.308225:  21%|██        | 5126/25000 [8:47:27<7:53:42,  1.43s/it]Epoch 33: average [s/it]: 5.724291, current metric: 0.310761, best metric: 0.308225:  21%|██        | 5127/25000 [8:47:29<7:44:31,  1.40s/it]Epoch 33: average [s/it]: 5.724291, current metric: 0.310761, best metric: 0.308225:  21%|██        | 5128/25000 [8:47:30<7:38:05,  1.38s/it]Epoch 33: average [s/it]: 5.724291, current metric: 0.310761, best metric: 0.308225:  21%|██        | 5129/25000 [8:48:07<66:41:32, 12.08s/it]Epoch 33: average [s/it]: 5.724291, current metric: 0.310761, best metric: 0.308225:  21%|██        | 5130/25000 [8:48:08<48:53:58,  8.86s/it]Epoch 33: average [s/it]: 5.724291, current metric: 0.310761, best metric: 0.308225:  21%|██        | 5131/25000 [8:48:10<36:26:40,  6.60s/it]Epoch 33: average [s/it]: 5.724291, current metric: 0.310761, best metric: 0.308225:  21%|██        | 5132/25000 [8:48:11<27:49:12,  5.04s/it]Epoch 33: average [s/it]: 5.724291, current metric: 0.310761, best metric: 0.308225:  21%|██        | 5133/25000 [8:48:13<21:41:25,  3.93s/it]Epoch 33: average [s/it]: 5.724291, current metric: 0.310761, best metric: 0.308225:  21%|██        | 5134/25000 [8:48:14<17:23:53,  3.15s/it]Epoch 33: average [s/it]: 5.724291, current metric: 0.310761, best metric: 0.308225:  21%|██        | 5135/25000 [8:48:15<14:23:36,  2.61s/it]Epoch 33: average [s/it]: 5.724291, current metric: 0.310761, best metric: 0.308225:  21%|██        | 5136/25000 [8:48:17<12:17:19,  2.23s/it]Epoch 33: average [s/it]: 5.724291, current metric: 0.310761, best metric: 0.308225:  21%|██        | 5137/25000 [8:48:18<10:49:00,  1.96s/it]Epoch 33: average [s/it]: 5.724291, current metric: 0.310761, best metric: 0.308225:  21%|██        | 5138/25000 [8:48:19<9:47:05,  1.77s/it] Epoch 33: average [s/it]: 5.724291, current metric: 0.310761, best metric: 0.308225:  21%|██        | 5139/25000 [8:48:21<9:03:50,  1.64s/it]Epoch 33: average [s/it]: 5.724291, current metric: 0.310761, best metric: 0.308225:  21%|██        | 5140/25000 [8:48:22<8:33:28,  1.55s/it]Epoch 33: average [s/it]: 5.724291, current metric: 0.310761, best metric: 0.308225:  21%|██        | 5141/25000 [8:48:23<8:12:19,  1.49s/it]Epoch 33: average [s/it]: 5.724291, current metric: 0.310761, best metric: 0.308225:  21%|██        | 5142/25000 [8:48:25<7:57:24,  1.44s/it]Epoch 33: average [s/it]: 5.724291, current metric: 0.310761, best metric: 0.308225:  21%|██        | 5143/25000 [8:48:26<7:47:01,  1.41s/it]Epoch 33: average [s/it]: 5.724291, current metric: 0.310761, best metric: 0.308225:  21%|██        | 5144/25000 [8:48:27<7:39:43,  1.39s/it]Epoch 33: average [s/it]: 5.724291, current metric: 0.310761, best metric: 0.308225:  21%|██        | 5145/25000 [8:48:58<56:23:17, 10.22s/it]Epoch 33: average [s/it]: 5.724291, current metric: 0.310761, best metric: 0.308225:  21%|██        | 5146/25000 [8:48:59<41:41:04,  7.56s/it]Epoch 33: average [s/it]: 5.724291, current metric: 0.310761, best metric: 0.308225:  21%|██        | 5147/25000 [8:49:01<31:23:29,  5.69s/it]Epoch 33: average [s/it]: 5.724291, current metric: 0.310761, best metric: 0.308225:  21%|██        | 5148/25000 [8:49:02<24:11:09,  4.39s/it]Epoch 33: average [s/it]: 5.724291, current metric: 0.310761, best metric: 0.308225:  21%|██        | 5149/25000 [8:49:03<19:08:32,  3.47s/it]Epoch 33: average [s/it]: 5.724291, current metric: 0.310761, best metric: 0.308225:  21%|██        | 5150/25000 [8:49:05<15:36:45,  2.83s/it]Epoch 33: average [s/it]: 5.724291, current metric: 0.310761, best metric: 0.308225:  21%|██        | 5151/25000 [8:49:06<13:08:35,  2.38s/it]Epoch 33: average [s/it]: 5.724291, current metric: 0.310761, best metric: 0.308225:  21%|██        | 5152/25000 [8:49:07<11:24:44,  2.07s/it]Epoch 33: average [s/it]: 5.724291, current metric: 0.310761, best metric: 0.308225:  21%|██        | 5153/25000 [8:49:09<10:12:05,  1.85s/it]Epoch 33: average [s/it]: 5.724291, current metric: 0.310761, best metric: 0.308225:  21%|██        | 5154/25000 [8:49:10<9:21:11,  1.70s/it] Epoch 33: average [s/it]: 5.724291, current metric: 0.310761, best metric: 0.308225:  21%|██        | 5155/25000 [8:49:11<8:45:35,  1.59s/it]Epoch 33: average [s/it]: 5.724291, current metric: 0.310761, best metric: 0.308225:  21%|██        | 5156/25000 [8:49:13<8:20:41,  1.51s/it]Epoch 33: average [s/it]: 5.724291, current metric: 0.310761, best metric: 0.308225:  21%|██        | 5157/25000 [8:49:14<8:03:16,  1.46s/it]Epoch 33: average [s/it]: 5.724291, current metric: 0.310761, best metric: 0.308225:  21%|██        | 5158/25000 [8:49:15<7:51:18,  1.43s/it]Epoch 33: average [s/it]: 5.724291, current metric: 0.310761, best metric: 0.308225:  21%|██        | 5159/25000 [8:49:17<7:42:38,  1.40s/it]Epoch 33: average [s/it]: 5.724291, current metric: 0.310761, best metric: 0.308225:  21%|██        | 5160/25000 [8:49:18<7:36:28,  1.38s/it]Epoch 33: average [s/it]: 5.724291, current metric: 0.310761, best metric: 0.308225:  21%|██        | 5161/25000 [8:49:43<46:46:43,  8.49s/it]Epoch 33: average [s/it]: 5.724291, current metric: 0.310761, best metric: 0.308225:  21%|██        | 5162/25000 [8:49:45<34:57:29,  6.34s/it]Epoch 33: average [s/it]: 5.724291, current metric: 0.310761, best metric: 0.308225:  21%|██        | 5163/25000 [8:49:46<26:40:56,  4.84s/it]Epoch 33: average [s/it]: 5.724291, current metric: 0.310761, best metric: 0.308225:  21%|██        | 5164/25000 [8:49:47<20:53:31,  3.79s/it]Epoch 33: average [s/it]: 5.724291, current metric: 0.310761, best metric: 0.308225:  21%|██        | 5165/25000 [8:49:49<16:50:09,  3.06s/it]Epoch 33: average [s/it]: 5.724291, current metric: 0.310761, best metric: 0.308225:  21%|██        | 5166/25000 [8:49:50<13:59:48,  2.54s/it]Epoch 33: average [s/it]: 5.724291, current metric: 0.310761, best metric: 0.308225:  21%|██        | 5167/25000 [8:49:51<12:00:34,  2.18s/it]Epoch 33: average [s/it]: 5.724291, current metric: 0.310761, best metric: 0.308225:  21%|██        | 5168/25000 [8:49:53<10:36:59,  1.93s/it]Epoch 33: average [s/it]: 5.724291, current metric: 0.310761, best metric: 0.308225:  21%|██        | 5169/25000 [8:49:54<9:38:36,  1.75s/it] Epoch 33: average [s/it]: 5.724291, current metric: 0.310761, best metric: 0.308225:  21%|██        | 5170/25000 [8:49:55<8:57:36,  1.63s/it]Epoch 33: average [s/it]: 5.724291, current metric: 0.310761, best metric: 0.308225:  21%|██        | 5171/25000 [8:49:57<8:29:00,  1.54s/it]Epoch 33: average [s/it]: 5.724291, current metric: 0.310761, best metric: 0.308225:  21%|██        | 5172/25000 [8:49:58<8:08:51,  1.48s/it]Epoch 33: average [s/it]: 5.724291, current metric: 0.310761, best metric: 0.308225:  21%|██        | 5173/25000 [8:49:59<7:58:08,  1.45s/it]Epoch 33: average [s/it]: 5.724291, current metric: 0.310761, best metric: 0.308225:  21%|██        | 5174/25000 [8:50:01<7:47:23,  1.41s/it]Epoch 33: average [s/it]: 5.724291, current metric: 0.310761, best metric: 0.308225:  21%|██        | 5175/25000 [8:50:02<7:39:44,  1.39s/it]Epoch 33: average [s/it]: 5.724291, current metric: 0.310761, best metric: 0.308225:  21%|██        | 5176/25000 [8:50:03<7:34:25,  1.38s/it]Epoch 33: average [s/it]: 5.724291, current metric: 0.310761, best metric: 0.308225:  21%|██        | 5177/25000 [8:50:05<7:30:35,  1.36s/it]Epoch 33: average [s/it]: 5.724291, current metric: 0.310761, best metric: 0.308225:  21%|██        | 5178/25000 [8:50:06<7:28:02,  1.36s/it]Epoch 33: average [s/it]: 5.724291, current metric: 0.310761, best metric: 0.308225:  21%|██        | 5179/25000 [8:50:07<7:26:08,  1.35s/it]Epoch 33: average [s/it]: 5.724291, current metric: 0.310761, best metric: 0.308225:  21%|██        | 5180/25000 [8:50:09<7:24:58,  1.35s/it]Epoch 33: average [s/it]: 5.724291, current metric: 0.310761, best metric: 0.308225:  21%|██        | 5181/25000 [8:50:10<7:23:58,  1.34s/it]Epoch 33: average [s/it]: 5.724291, current metric: 0.310761, best metric: 0.308225:  21%|██        | 5182/25000 [8:50:11<7:23:21,  1.34s/it]Epoch 33: average [s/it]: 5.724291, current metric: 0.310761, best metric: 0.308225:  21%|██        | 5183/25000 [8:50:13<7:22:51,  1.34s/it]Epoch 33: average [s/it]: 5.724291, current metric: 0.310761, best metric: 0.308225:  21%|██        | 5184/25000 [8:50:14<7:22:40,  1.34s/it]Epoch 33: average [s/it]: 5.724291, current metric: 0.310761, best metric: 0.308225:  21%|██        | 5185/25000 [8:50:15<7:22:24,  1.34s/it]Epoch 33: average [s/it]: 5.724291, current metric: 0.310761, best metric: 0.308225:  21%|██        | 5186/25000 [8:50:17<7:22:15,  1.34s/it]Epoch 33: average [s/it]: 5.724291, current metric: 0.310761, best metric: 0.308225:  21%|██        | 5187/25000 [8:50:18<7:22:08,  1.34s/it]Epoch 33: average [s/it]: 5.724291, current metric: 0.310761, best metric: 0.308225:  21%|██        | 5188/25000 [8:50:19<7:22:00,  1.34s/it]Epoch 33: average [s/it]: 5.724291, current metric: 0.310761, best metric: 0.308225:  21%|██        | 5189/25000 [8:50:21<7:21:53,  1.34s/it]Epoch 33: average [s/it]: 5.724291, current metric: 0.310761, best metric: 0.308225:  21%|██        | 5190/25000 [8:50:22<7:21:50,  1.34s/it]Epoch 33: average [s/it]: 5.724291, current metric: 0.310761, best metric: 0.308225:  21%|██        | 5191/25000 [8:50:23<7:21:44,  1.34s/it]Epoch 33: average [s/it]: 5.724291, current metric: 0.310761, best metric: 0.308225:  21%|██        | 5192/25000 [8:50:25<7:21:38,  1.34s/it]Epoch 33: average [s/it]: 5.724291, current metric: 0.310761, best metric: 0.308225:  21%|██        | 5193/25000 [8:50:37<25:42:17,  4.67s/it]Epoch 33: average [s/it]: 5.724291, current metric: 0.310761, best metric: 0.308225:  21%|██        | 5194/25000 [8:50:39<20:12:12,  3.67s/it]Epoch 33: average [s/it]: 5.724291, current metric: 0.310761, best metric: 0.308225:  21%|██        | 5195/25000 [8:50:40<16:20:56,  2.97s/it]Epoch 33: average [s/it]: 5.724291, current metric: 0.310761, best metric: 0.308225:  21%|██        | 5196/25000 [8:50:41<13:39:06,  2.48s/it]Epoch 33: average [s/it]: 5.724291, current metric: 0.310761, best metric: 0.308225:  21%|██        | 5197/25000 [8:50:43<11:45:49,  2.14s/it]Epoch 33: average [s/it]: 5.724291, current metric: 0.310761, best metric: 0.308225:  21%|██        | 5198/25000 [8:50:57<31:55:59,  5.81s/it]Epoch 33: average [s/it]: 5.724291, current metric: 0.310761, best metric: 0.308225:  21%|██        | 5199/25000 [8:50:58<24:33:35,  4.47s/it]Epoch 33: average [s/it]: 5.724291, current metric: 0.310761, best metric: 0.308225:  21%|██        | 5200/25000 [8:51:00<19:23:51,  3.53s/it]Epoch 33: average [s/it]: 5.724291, current metric: 0.310761, best metric: 0.308225:  21%|██        | 5201/25000 [8:51:01<15:56:32,  2.90s/it]Epoch 33: average [s/it]: 5.724291, current metric: 0.310761, best metric: 0.308225:  21%|██        | 5202/25000 [8:51:02<13:24:21,  2.44s/it]Epoch 34: average [s/it]: 3.166858, current metric: 0.308605, best metric: 0.308225:  21%|██        | 5202/25000 [8:54:10<13:24:21,  2.44s/it]Epoch 34: average [s/it]: 3.166858, current metric: 0.308605, best metric: 0.308225:  21%|██        | 5203/25000 [8:54:51<386:58:39, 70.37s/it]Epoch 34: average [s/it]: 3.166858, current metric: 0.308605, best metric: 0.308225:  21%|██        | 5204/25000 [8:54:53<273:04:50, 49.66s/it]Epoch 34: average [s/it]: 3.166858, current metric: 0.308605, best metric: 0.308225:  21%|██        | 5205/25000 [8:54:54<193:21:22, 35.16s/it]Epoch 34: average [s/it]: 3.166858, current metric: 0.308605, best metric: 0.308225:  21%|██        | 5206/25000 [8:54:55<137:33:03, 25.02s/it]Epoch 34: average [s/it]: 3.166858, current metric: 0.308605, best metric: 0.308225:  21%|██        | 5207/25000 [8:54:57<98:29:24, 17.91s/it] Epoch 34: average [s/it]: 3.166858, current metric: 0.308605, best metric: 0.308225:  21%|██        | 5208/25000 [8:55:00<74:34:34, 13.56s/it]Epoch 34: average [s/it]: 3.166858, current metric: 0.308605, best metric: 0.308225:  21%|██        | 5209/25000 [8:55:01<54:25:25,  9.90s/it]Epoch 34: average [s/it]: 3.166858, current metric: 0.308605, best metric: 0.308225:  21%|██        | 5210/25000 [8:55:03<40:19:10,  7.33s/it]Epoch 34: average [s/it]: 3.166858, current metric: 0.308605, best metric: 0.308225:  21%|██        | 5211/25000 [8:55:04<30:27:11,  5.54s/it]Epoch 34: average [s/it]: 3.166858, current metric: 0.308605, best metric: 0.308225:  21%|██        | 5212/25000 [8:55:05<23:32:45,  4.28s/it]Epoch 34: average [s/it]: 3.166858, current metric: 0.308605, best metric: 0.308225:  21%|██        | 5213/25000 [8:55:07<18:42:48,  3.40s/it]Epoch 34: average [s/it]: 3.166858, current metric: 0.308605, best metric: 0.308225:  21%|██        | 5214/25000 [8:55:08<15:18:50,  2.79s/it]Epoch 34: average [s/it]: 3.166858, current metric: 0.308605, best metric: 0.308225:  21%|██        | 5215/25000 [8:55:09<12:55:35,  2.35s/it]Epoch 34: average [s/it]: 3.166858, current metric: 0.308605, best metric: 0.308225:  21%|██        | 5216/25000 [8:55:11<11:15:13,  2.05s/it]Epoch 34: average [s/it]: 3.166858, current metric: 0.308605, best metric: 0.308225:  21%|██        | 5217/25000 [8:55:12<10:04:58,  1.83s/it]Epoch 34: average [s/it]: 3.166858, current metric: 0.308605, best metric: 0.308225:  21%|██        | 5218/25000 [8:55:14<9:15:48,  1.69s/it] Epoch 34: average [s/it]: 3.166858, current metric: 0.308605, best metric: 0.308225:  21%|██        | 5219/25000 [8:55:15<8:41:26,  1.58s/it]Epoch 34: average [s/it]: 3.166858, current metric: 0.308605, best metric: 0.308225:  21%|██        | 5220/25000 [8:55:44<53:58:05,  9.82s/it]Epoch 34: average [s/it]: 3.166858, current metric: 0.308605, best metric: 0.308225:  21%|██        | 5221/25000 [8:55:45<40:01:25,  7.28s/it]Epoch 34: average [s/it]: 3.166858, current metric: 0.308605, best metric: 0.308225:  21%|██        | 5222/25000 [8:55:47<30:15:20,  5.51s/it]Epoch 34: average [s/it]: 3.166858, current metric: 0.308605, best metric: 0.308225:  21%|██        | 5223/25000 [8:55:48<23:24:18,  4.26s/it]Epoch 34: average [s/it]: 3.166858, current metric: 0.308605, best metric: 0.308225:  21%|██        | 5224/25000 [8:55:49<18:37:17,  3.39s/it]Epoch 34: average [s/it]: 3.166858, current metric: 0.308605, best metric: 0.308225:  21%|██        | 5225/25000 [8:55:51<15:16:14,  2.78s/it]Epoch 34: average [s/it]: 3.166858, current metric: 0.308605, best metric: 0.308225:  21%|██        | 5226/25000 [8:55:52<12:55:50,  2.35s/it]Epoch 34: average [s/it]: 3.166858, current metric: 0.308605, best metric: 0.308225:  21%|██        | 5227/25000 [8:55:53<11:15:22,  2.05s/it]Epoch 34: average [s/it]: 3.166858, current metric: 0.308605, best metric: 0.308225:  21%|██        | 5228/25000 [8:55:55<10:05:07,  1.84s/it]Epoch 34: average [s/it]: 3.166858, current metric: 0.308605, best metric: 0.308225:  21%|██        | 5229/25000 [8:55:56<9:15:52,  1.69s/it] Epoch 34: average [s/it]: 3.166858, current metric: 0.308605, best metric: 0.308225:  21%|██        | 5230/25000 [8:56:21<47:45:47,  8.70s/it]Epoch 34: average [s/it]: 3.166858, current metric: 0.308605, best metric: 0.308225:  21%|██        | 5231/25000 [8:56:22<35:38:14,  6.49s/it]Epoch 34: average [s/it]: 3.166858, current metric: 0.308605, best metric: 0.308225:  21%|██        | 5232/25000 [8:56:24<27:08:55,  4.94s/it]Epoch 34: average [s/it]: 3.166858, current metric: 0.308605, best metric: 0.308225:  21%|██        | 5233/25000 [8:56:25<21:12:24,  3.86s/it]Epoch 34: average [s/it]: 3.166858, current metric: 0.308605, best metric: 0.308225:  21%|██        | 5234/25000 [8:56:26<17:02:54,  3.11s/it]Epoch 34: average [s/it]: 3.166858, current metric: 0.308605, best metric: 0.308225:  21%|██        | 5235/25000 [8:56:28<14:08:17,  2.58s/it]Epoch 34: average [s/it]: 3.166858, current metric: 0.308605, best metric: 0.308225:  21%|██        | 5236/25000 [8:56:29<12:05:58,  2.20s/it]Epoch 34: average [s/it]: 3.166858, current metric: 0.308605, best metric: 0.308225:  21%|██        | 5237/25000 [8:56:30<10:40:24,  1.94s/it]Epoch 34: average [s/it]: 3.166858, current metric: 0.308605, best metric: 0.308225:  21%|██        | 5238/25000 [8:56:32<9:40:26,  1.76s/it] Epoch 34: average [s/it]: 3.166858, current metric: 0.308605, best metric: 0.308225:  21%|██        | 5239/25000 [8:56:33<8:58:30,  1.64s/it]Epoch 34: average [s/it]: 3.166858, current metric: 0.308605, best metric: 0.308225:  21%|██        | 5240/25000 [8:56:34<8:29:12,  1.55s/it]Epoch 34: average [s/it]: 3.166858, current metric: 0.308605, best metric: 0.308225:  21%|██        | 5241/25000 [8:56:36<8:08:40,  1.48s/it]Epoch 34: average [s/it]: 3.166858, current metric: 0.308605, best metric: 0.308225:  21%|██        | 5242/25000 [8:56:37<7:54:15,  1.44s/it]Epoch 34: average [s/it]: 3.166858, current metric: 0.308605, best metric: 0.308225:  21%|██        | 5243/25000 [8:56:39<7:44:08,  1.41s/it]Epoch 34: average [s/it]: 3.166858, current metric: 0.308605, best metric: 0.308225:  21%|██        | 5244/25000 [8:56:40<7:37:07,  1.39s/it]Epoch 34: average [s/it]: 3.166858, current metric: 0.308605, best metric: 0.308225:  21%|██        | 5245/25000 [8:56:41<7:32:09,  1.37s/it]Epoch 34: average [s/it]: 3.166858, current metric: 0.308605, best metric: 0.308225:  21%|██        | 5246/25000 [8:56:53<24:47:13,  4.52s/it]Epoch 34: average [s/it]: 3.166858, current metric: 0.308605, best metric: 0.308225:  21%|██        | 5247/25000 [8:56:54<19:33:12,  3.56s/it]Epoch 34: average [s/it]: 3.166858, current metric: 0.308605, best metric: 0.308225:  21%|██        | 5248/25000 [8:56:56<15:53:28,  2.90s/it]Epoch 34: average [s/it]: 3.166858, current metric: 0.308605, best metric: 0.308225:  21%|██        | 5249/25000 [8:56:57<13:19:32,  2.43s/it]Epoch 34: average [s/it]: 3.166858, current metric: 0.308605, best metric: 0.308225:  21%|██        | 5250/25000 [8:56:58<11:31:44,  2.10s/it]Epoch 34: average [s/it]: 3.166858, current metric: 0.308605, best metric: 0.308225:  21%|██        | 5251/25000 [8:57:00<10:16:19,  1.87s/it]Epoch 34: average [s/it]: 3.166858, current metric: 0.308605, best metric: 0.308225:  21%|██        | 5252/25000 [8:57:01<9:23:33,  1.71s/it] Epoch 34: average [s/it]: 3.166858, current metric: 0.308605, best metric: 0.308225:  21%|██        | 5253/25000 [8:57:02<8:46:35,  1.60s/it]Epoch 34: average [s/it]: 3.166858, current metric: 0.308605, best metric: 0.308225:  21%|██        | 5254/25000 [8:57:04<8:20:45,  1.52s/it]Epoch 34: average [s/it]: 3.166858, current metric: 0.308605, best metric: 0.308225:  21%|██        | 5255/25000 [8:57:05<8:02:39,  1.47s/it]Epoch 34: average [s/it]: 3.166858, current metric: 0.308605, best metric: 0.308225:  21%|██        | 5256/25000 [8:57:18<27:32:35,  5.02s/it]Epoch 34: average [s/it]: 3.166858, current metric: 0.308605, best metric: 0.308225:  21%|██        | 5257/25000 [8:57:20<21:28:54,  3.92s/it]Epoch 34: average [s/it]: 3.166858, current metric: 0.308605, best metric: 0.308225:  21%|██        | 5258/25000 [8:57:21<17:14:20,  3.14s/it]Epoch 34: average [s/it]: 3.166858, current metric: 0.308605, best metric: 0.308225:  21%|██        | 5259/25000 [8:57:22<14:16:01,  2.60s/it]Epoch 34: average [s/it]: 3.166858, current metric: 0.308605, best metric: 0.308225:  21%|██        | 5260/25000 [8:57:24<12:11:15,  2.22s/it]Epoch 34: average [s/it]: 3.166858, current metric: 0.308605, best metric: 0.308225:  21%|██        | 5261/25000 [8:57:25<10:43:56,  1.96s/it]Epoch 34: average [s/it]: 3.166858, current metric: 0.308605, best metric: 0.308225:  21%|██        | 5262/25000 [8:57:26<9:42:48,  1.77s/it] Epoch 34: average [s/it]: 3.166858, current metric: 0.308605, best metric: 0.308225:  21%|██        | 5263/25000 [8:57:59<59:48:45, 10.91s/it]Epoch 34: average [s/it]: 3.166858, current metric: 0.308605, best metric: 0.308225:  21%|██        | 5264/25000 [8:58:00<44:04:03,  8.04s/it]Epoch 34: average [s/it]: 3.166858, current metric: 0.308605, best metric: 0.308225:  21%|██        | 5265/25000 [8:58:01<33:02:45,  6.03s/it]Epoch 34: average [s/it]: 3.166858, current metric: 0.308605, best metric: 0.308225:  21%|██        | 5266/25000 [8:58:03<25:19:48,  4.62s/it]Epoch 34: average [s/it]: 3.166858, current metric: 0.308605, best metric: 0.308225:  21%|██        | 5267/25000 [8:58:04<19:55:48,  3.64s/it]Epoch 34: average [s/it]: 3.166858, current metric: 0.308605, best metric: 0.308225:  21%|██        | 5268/25000 [8:58:05<16:08:59,  2.95s/it]Epoch 34: average [s/it]: 3.166858, current metric: 0.308605, best metric: 0.308225:  21%|██        | 5269/25000 [8:58:07<13:30:13,  2.46s/it]Epoch 34: average [s/it]: 3.166858, current metric: 0.308605, best metric: 0.308225:  21%|██        | 5270/25000 [8:58:08<11:39:04,  2.13s/it]Epoch 34: average [s/it]: 3.166858, current metric: 0.308605, best metric: 0.308225:  21%|██        | 5271/25000 [8:58:09<10:21:14,  1.89s/it]Epoch 34: average [s/it]: 3.166858, current metric: 0.308605, best metric: 0.308225:  21%|██        | 5272/25000 [8:58:11<9:26:52,  1.72s/it] Epoch 34: average [s/it]: 3.166858, current metric: 0.308605, best metric: 0.308225:  21%|██        | 5273/25000 [8:58:12<8:48:47,  1.61s/it]Epoch 34: average [s/it]: 3.166858, current metric: 0.308605, best metric: 0.308225:  21%|██        | 5274/25000 [8:58:13<8:22:05,  1.53s/it]Epoch 34: average [s/it]: 3.166858, current metric: 0.308605, best metric: 0.308225:  21%|██        | 5275/25000 [8:58:15<8:03:23,  1.47s/it]Epoch 34: average [s/it]: 3.166858, current metric: 0.308605, best metric: 0.308225:  21%|██        | 5276/25000 [8:58:16<7:50:18,  1.43s/it]Epoch 34: average [s/it]: 3.166858, current metric: 0.308605, best metric: 0.308225:  21%|██        | 5277/25000 [8:58:17<7:41:10,  1.40s/it]Epoch 34: average [s/it]: 3.166858, current metric: 0.308605, best metric: 0.308225:  21%|██        | 5278/25000 [8:58:19<7:34:45,  1.38s/it]Epoch 34: average [s/it]: 3.166858, current metric: 0.308605, best metric: 0.308225:  21%|██        | 5279/25000 [8:58:47<52:03:40,  9.50s/it]Epoch 34: average [s/it]: 3.166858, current metric: 0.308605, best metric: 0.308225:  21%|██        | 5280/25000 [8:58:49<38:38:27,  7.05s/it]Epoch 34: average [s/it]: 3.166858, current metric: 0.308605, best metric: 0.308225:  21%|██        | 5281/25000 [8:58:50<29:14:53,  5.34s/it]Epoch 34: average [s/it]: 3.166858, current metric: 0.308605, best metric: 0.308225:  21%|██        | 5282/25000 [8:58:51<22:40:17,  4.14s/it]Epoch 34: average [s/it]: 3.166858, current metric: 0.308605, best metric: 0.308225:  21%|██        | 5283/25000 [8:58:53<18:04:00,  3.30s/it]Epoch 34: average [s/it]: 3.166858, current metric: 0.308605, best metric: 0.308225:  21%|██        | 5284/25000 [8:58:54<14:50:42,  2.71s/it]Epoch 34: average [s/it]: 3.166858, current metric: 0.308605, best metric: 0.308225:  21%|██        | 5285/25000 [8:58:55<12:35:20,  2.30s/it]Epoch 34: average [s/it]: 3.166858, current metric: 0.308605, best metric: 0.308225:  21%|██        | 5286/25000 [8:58:57<11:00:40,  2.01s/it]Epoch 34: average [s/it]: 3.166858, current metric: 0.308605, best metric: 0.308225:  21%|██        | 5287/25000 [8:58:58<9:54:17,  1.81s/it] Epoch 34: average [s/it]: 3.166858, current metric: 0.308605, best metric: 0.308225:  21%|██        | 5288/25000 [8:58:59<9:07:52,  1.67s/it]Epoch 34: average [s/it]: 3.166858, current metric: 0.308605, best metric: 0.308225:  21%|██        | 5289/25000 [8:59:01<8:35:19,  1.57s/it]Epoch 34: average [s/it]: 3.166858, current metric: 0.308605, best metric: 0.308225:  21%|██        | 5290/25000 [8:59:02<8:12:33,  1.50s/it]Epoch 34: average [s/it]: 3.166858, current metric: 0.308605, best metric: 0.308225:  21%|██        | 5291/25000 [8:59:03<7:56:35,  1.45s/it]Epoch 34: average [s/it]: 3.166858, current metric: 0.308605, best metric: 0.308225:  21%|██        | 5292/25000 [8:59:05<7:45:26,  1.42s/it]Epoch 34: average [s/it]: 3.166858, current metric: 0.308605, best metric: 0.308225:  21%|██        | 5293/25000 [8:59:06<7:37:37,  1.39s/it]Epoch 34: average [s/it]: 3.166858, current metric: 0.308605, best metric: 0.308225:  21%|██        | 5294/25000 [8:59:07<7:32:14,  1.38s/it]Epoch 34: average [s/it]: 3.166858, current metric: 0.308605, best metric: 0.308225:  21%|██        | 5295/25000 [8:59:12<12:41:55,  2.32s/it]Epoch 34: average [s/it]: 3.166858, current metric: 0.308605, best metric: 0.308225:  21%|██        | 5296/25000 [8:59:29<37:25:45,  6.84s/it]Epoch 34: average [s/it]: 3.166858, current metric: 0.308605, best metric: 0.308225:  21%|██        | 5297/25000 [8:59:30<28:23:49,  5.19s/it]Epoch 34: average [s/it]: 3.166858, current metric: 0.308605, best metric: 0.308225:  21%|██        | 5298/25000 [8:59:32<22:04:39,  4.03s/it]Epoch 34: average [s/it]: 3.166858, current metric: 0.308605, best metric: 0.308225:  21%|██        | 5299/25000 [8:59:33<17:39:04,  3.23s/it]Epoch 34: average [s/it]: 3.166858, current metric: 0.308605, best metric: 0.308225:  21%|██        | 5300/25000 [8:59:35<14:33:08,  2.66s/it]Epoch 34: average [s/it]: 3.166858, current metric: 0.308605, best metric: 0.308225:  21%|██        | 5301/25000 [8:59:36<12:46:22,  2.33s/it]Epoch 34: average [s/it]: 3.166858, current metric: 0.308605, best metric: 0.308225:  21%|██        | 5302/25000 [8:59:38<11:22:59,  2.08s/it]Epoch 34: average [s/it]: 3.166858, current metric: 0.308605, best metric: 0.308225:  21%|██        | 5303/25000 [8:59:39<10:09:47,  1.86s/it]Epoch 34: average [s/it]: 3.166858, current metric: 0.308605, best metric: 0.308225:  21%|██        | 5304/25000 [8:59:40<9:18:34,  1.70s/it] Epoch 34: average [s/it]: 3.166858, current metric: 0.308605, best metric: 0.308225:  21%|██        | 5305/25000 [8:59:42<8:42:40,  1.59s/it]Epoch 34: average [s/it]: 3.166858, current metric: 0.308605, best metric: 0.308225:  21%|██        | 5306/25000 [8:59:43<8:17:36,  1.52s/it]Epoch 34: average [s/it]: 3.166858, current metric: 0.308605, best metric: 0.308225:  21%|██        | 5307/25000 [8:59:44<8:00:08,  1.46s/it]Epoch 34: average [s/it]: 3.166858, current metric: 0.308605, best metric: 0.308225:  21%|██        | 5308/25000 [8:59:46<7:47:50,  1.43s/it]Epoch 34: average [s/it]: 3.166858, current metric: 0.308605, best metric: 0.308225:  21%|██        | 5309/25000 [8:59:47<7:39:12,  1.40s/it]Epoch 34: average [s/it]: 3.166858, current metric: 0.308605, best metric: 0.308225:  21%|██        | 5310/25000 [8:59:48<7:33:12,  1.38s/it]Epoch 34: average [s/it]: 3.166858, current metric: 0.308605, best metric: 0.308225:  21%|██        | 5311/25000 [8:59:50<7:29:02,  1.37s/it]Epoch 34: average [s/it]: 3.166858, current metric: 0.308605, best metric: 0.308225:  21%|██        | 5312/25000 [9:00:07<32:59:30,  6.03s/it]Epoch 34: average [s/it]: 3.166858, current metric: 0.308605, best metric: 0.308225:  21%|██▏       | 5313/25000 [9:00:08<25:17:41,  4.63s/it]Epoch 34: average [s/it]: 3.166858, current metric: 0.308605, best metric: 0.308225:  21%|██▏       | 5314/25000 [9:00:09<19:54:02,  3.64s/it]Epoch 34: average [s/it]: 3.166858, current metric: 0.308605, best metric: 0.308225:  21%|██▏       | 5315/25000 [9:00:11<16:07:29,  2.95s/it]Epoch 34: average [s/it]: 3.166858, current metric: 0.308605, best metric: 0.308225:  21%|██▏       | 5316/25000 [9:00:12<13:28:56,  2.47s/it]Epoch 34: average [s/it]: 3.166858, current metric: 0.308605, best metric: 0.308225:  21%|██▏       | 5317/25000 [9:00:13<11:38:00,  2.13s/it]Epoch 34: average [s/it]: 3.166858, current metric: 0.308605, best metric: 0.308225:  21%|██▏       | 5318/25000 [9:00:15<10:20:16,  1.89s/it]Epoch 34: average [s/it]: 3.166858, current metric: 0.308605, best metric: 0.308225:  21%|██▏       | 5319/25000 [9:00:16<9:25:50,  1.73s/it] Epoch 34: average [s/it]: 3.166858, current metric: 0.308605, best metric: 0.308225:  21%|██▏       | 5320/25000 [9:00:17<8:47:39,  1.61s/it]Epoch 34: average [s/it]: 3.166858, current metric: 0.308605, best metric: 0.308225:  21%|██▏       | 5321/25000 [9:00:19<8:21:00,  1.53s/it]Epoch 34: average [s/it]: 3.166858, current metric: 0.308605, best metric: 0.308225:  21%|██▏       | 5322/25000 [9:00:20<8:02:17,  1.47s/it]Epoch 34: average [s/it]: 3.166858, current metric: 0.308605, best metric: 0.308225:  21%|██▏       | 5323/25000 [9:00:21<7:49:09,  1.43s/it]Epoch 34: average [s/it]: 3.166858, current metric: 0.308605, best metric: 0.308225:  21%|██▏       | 5324/25000 [9:00:23<7:40:04,  1.40s/it]Epoch 34: average [s/it]: 3.166858, current metric: 0.308605, best metric: 0.308225:  21%|██▏       | 5325/25000 [9:00:24<7:33:40,  1.38s/it]Epoch 34: average [s/it]: 3.166858, current metric: 0.308605, best metric: 0.308225:  21%|██▏       | 5326/25000 [9:00:25<7:29:07,  1.37s/it]Epoch 34: average [s/it]: 3.166858, current metric: 0.308605, best metric: 0.308225:  21%|██▏       | 5327/25000 [9:00:27<7:25:56,  1.36s/it]Epoch 34: average [s/it]: 3.166858, current metric: 0.308605, best metric: 0.308225:  21%|██▏       | 5328/25000 [9:00:31<11:56:34,  2.19s/it]Epoch 34: average [s/it]: 3.166858, current metric: 0.308605, best metric: 0.308225:  21%|██▏       | 5329/25000 [9:00:32<10:33:12,  1.93s/it]Epoch 34: average [s/it]: 3.166858, current metric: 0.308605, best metric: 0.308225:  21%|██▏       | 5330/25000 [9:00:33<9:34:47,  1.75s/it] Epoch 34: average [s/it]: 3.166858, current metric: 0.308605, best metric: 0.308225:  21%|██▏       | 5331/25000 [9:00:35<8:53:51,  1.63s/it]Epoch 34: average [s/it]: 3.166858, current metric: 0.308605, best metric: 0.308225:  21%|██▏       | 5332/25000 [9:00:39<12:45:02,  2.33s/it]Epoch 34: average [s/it]: 3.166858, current metric: 0.308605, best metric: 0.308225:  21%|██▏       | 5333/25000 [9:00:40<11:07:07,  2.04s/it]Epoch 34: average [s/it]: 3.166858, current metric: 0.308605, best metric: 0.308225:  21%|██▏       | 5334/25000 [9:00:41<9:58:30,  1.83s/it] Epoch 34: average [s/it]: 3.166858, current metric: 0.308605, best metric: 0.308225:  21%|██▏       | 5335/25000 [9:00:43<9:10:26,  1.68s/it]Epoch 34: average [s/it]: 3.166858, current metric: 0.308605, best metric: 0.308225:  21%|██▏       | 5336/25000 [9:00:44<8:36:46,  1.58s/it]Epoch 34: average [s/it]: 3.166858, current metric: 0.308605, best metric: 0.308225:  21%|██▏       | 5337/25000 [9:00:45<8:13:18,  1.51s/it]Epoch 34: average [s/it]: 3.166858, current metric: 0.308605, best metric: 0.308225:  21%|██▏       | 5338/25000 [9:00:47<7:56:50,  1.46s/it]Epoch 34: average [s/it]: 3.166858, current metric: 0.308605, best metric: 0.308225:  21%|██▏       | 5339/25000 [9:00:51<13:02:26,  2.39s/it]Epoch 34: average [s/it]: 3.166858, current metric: 0.308605, best metric: 0.308225:  21%|██▏       | 5340/25000 [9:00:53<11:19:11,  2.07s/it]Epoch 34: average [s/it]: 3.166858, current metric: 0.308605, best metric: 0.308225:  21%|██▏       | 5341/25000 [9:00:54<10:06:51,  1.85s/it]Epoch 34: average [s/it]: 3.166858, current metric: 0.308605, best metric: 0.308225:  21%|██▏       | 5342/25000 [9:01:18<46:46:00,  8.56s/it]Epoch 34: average [s/it]: 3.166858, current metric: 0.308605, best metric: 0.308225:  21%|██▏       | 5343/25000 [9:01:20<34:55:38,  6.40s/it]Epoch 34: average [s/it]: 3.166858, current metric: 0.308605, best metric: 0.308225:  21%|██▏       | 5344/25000 [9:01:21<26:38:19,  4.88s/it]Epoch 34: average [s/it]: 3.166858, current metric: 0.308605, best metric: 0.308225:  21%|██▏       | 5345/25000 [9:01:22<20:50:13,  3.82s/it]Epoch 34: average [s/it]: 3.166858, current metric: 0.308605, best metric: 0.308225:  21%|██▏       | 5346/25000 [9:01:24<16:46:34,  3.07s/it]Epoch 34: average [s/it]: 3.166858, current metric: 0.308605, best metric: 0.308225:  21%|██▏       | 5347/25000 [9:01:25<13:55:59,  2.55s/it]Epoch 34: average [s/it]: 3.166858, current metric: 0.308605, best metric: 0.308225:  21%|██▏       | 5348/25000 [9:01:26<11:56:34,  2.19s/it]Epoch 34: average [s/it]: 3.166858, current metric: 0.308605, best metric: 0.308225:  21%|██▏       | 5349/25000 [9:01:28<10:32:59,  1.93s/it]Epoch 34: average [s/it]: 3.166858, current metric: 0.308605, best metric: 0.308225:  21%|██▏       | 5350/25000 [9:01:29<9:34:25,  1.75s/it] Epoch 34: average [s/it]: 3.166858, current metric: 0.308605, best metric: 0.308225:  21%|██▏       | 5351/25000 [9:01:30<8:53:29,  1.63s/it]Epoch 34: average [s/it]: 3.166858, current metric: 0.308605, best metric: 0.308225:  21%|██▏       | 5352/25000 [9:01:32<8:24:50,  1.54s/it]Epoch 34: average [s/it]: 3.166858, current metric: 0.308605, best metric: 0.308225:  21%|██▏       | 5353/25000 [9:01:33<8:04:46,  1.48s/it]Epoch 34: average [s/it]: 3.166858, current metric: 0.308605, best metric: 0.308225:  21%|██▏       | 5354/25000 [9:01:34<7:50:40,  1.44s/it]Epoch 34: average [s/it]: 3.166858, current metric: 0.308605, best metric: 0.308225:  21%|██▏       | 5355/25000 [9:01:36<7:40:49,  1.41s/it]Epoch 35: average [s/it]: 2.909901, current metric: 0.324231, best metric: 0.308225:  21%|██▏       | 5355/25000 [9:03:22<7:40:49,  1.41s/it]Epoch 35: average [s/it]: 2.909901, current metric: 0.324231, best metric: 0.308225:  21%|██▏       | 5356/25000 [9:03:33<197:35:35, 36.21s/it]Epoch 35: average [s/it]: 2.909901, current metric: 0.324231, best metric: 0.308225:  21%|██▏       | 5357/25000 [9:03:50<166:06:30, 30.44s/it]Epoch 35: average [s/it]: 2.909901, current metric: 0.324231, best metric: 0.308225:  21%|██▏       | 5358/25000 [9:03:51<118:27:35, 21.71s/it]Epoch 35: average [s/it]: 2.909901, current metric: 0.324231, best metric: 0.308225:  21%|██▏       | 5359/25000 [9:03:53<85:06:32, 15.60s/it] [2026-04-15T18:52:48.405] error: *** JOB 13380203 ON ggpu211 CANCELLED AT 2026-04-15T18:52:48 DUE to SIGNAL Terminated ***
============ Job Information ===================================================
Submitted: 2026-04-15T09:47:18
Started: 2026-04-15T09:48:20
Ended: 2026-04-15T18:52:48
Elapsed: 545 min, Limit: 1440 min, Difference: 895 min
CPUs: 18, Nodes: 1
Estimated Consumption: 1362.50 core-hours
================================================================================
