tomogram,id,length,max_degree,gap_ratio,max_angle,suspect
00004,5,475.59748974456056,2,1.7320508075688774,14.940300798080441,0
00004,10,2194.520064036074,2,1.2247448713915892,14.594491217911127,0
00004,22,462.62362530502077,2,1.2247448713915892,10.354364895193218,0
00004,25,7018.042827278448,2,1.2247448713915892,13.46020135086814,0
00004,27,5262.63964569669,2,1.2247448713915892,14.96676089459534,0
00004,28,2052.210229972621,2,1.2247448713915892,17.152571328639585,0
00004,31,393.8890505706126,2,1.7320508075688774,15.64522260693039,0
00004,37,11889.521951631134,2,1.2247448713915892,16.33471309151125,0
00004,39,2225.366733688809,2,1.2247448713915892,14.594491217911127,0
00004,41,7457.712006870271,2,1.2247448713915892,18.058192439712705,0
00004,46,799.8542688778989,2,1.2247448713915892,10.38717789100708,0
00004,48,972.3705402519023,2,1.7320508075688774,14.458287920298085,0
00004,58,579.6983379061812,2,1.7320508075688774,23.61640690974473,0
00004,60,9032.395291456653,2,1.2247448713915892,13.34138332450906,0
00004,62,7530.021320222426,2,1.2247448713915892,19.455137970372853,0
00004,63,5830.105824444778,2,1.2247448713915892,12.88107704913421,0
00004,65,3569.6429315484866,2,1.2247448713915892,20.96336086917346,0
00004,66,2905.5833708489763,2,1.2247448713915892,25.748256811264227,0
00004,67,2506.0774118074632,2,1.2247448713915892,22.58463218350797,0
00004,69,3011.2833749553943,2,1.2247448713915892,13.232404944544784,0
00004,71,6919.675460395469,2,1.2247448713915892,18.73599759140695,0
00004,73,1319.1484303284037,2,1.2247448713915892,13.184399551949827,0
00004,74,5029.007999037059,2,1.2247448713915892,21.031868979369747,0
00004,76,4371.75793673784,2,1.2247448713915892,18.931823180865177,0
00004,78,5829.682749974059,2,1.2247448713915892,17.646101653311163,0
00004,79,936.7778900765013,2,1.2247448713915892,14.34460171309999,0
00004,80,6527.726065316152,2,1.2247448713915892,20.26694591475719,0
00004,81,4127.3845847967605,2,1.2247448713915892,20.012416942750022,0
00004,83,2217.929652805379,2,1.2247448713915892,18.251895837078507,0
00004,84,3763.6126277451863,2,1.2247448713915892,14.426417022399677,0
00004,85,987.7295241005247,2,1.7320508075688774,14.369988719686718,0
00004,87,2131.1298939931075,2,1.2247448713915892,22.258828634157677,0
00004,88,5006.903193697321,2,1.2247448713915892,20.510210524013292,0
00004,90,974.03040238515,2,1.2247448713915892,26.97259659835897,0
00004,92,1722.9694851319762,2,1.2247448713915892,19.839152544388792,0
00004,93,435.83599564049865,2,1.2247448713915892,15.674215984697037,0
00004,94,5010.780115120184,2,1.2247448713915892,24.19138949286053,0
00004,95,2793.3007658017514,2,1.2247448713915892,27.42177185924808,0
00004,97,2609.7400856298873,2,1.2247448713915892,26.557119043915893,0
00004,98,8327.892196137487,2,1.2247448713915892,18.630759502870255,0
00004,99,1608.1433796945203,2,1.2247448713915892,24.432899959021896,0
00004,100,3034.9824966707693,2,1.2247448713915892,19.296658658980828,0
00004,101,4370.08401615871,2,1.2247448713915892,15.79316904826399,0
00004,103,13723.372625010663,2,1.2247448713915892,18.033874484170827,0
00004,105,4871.819163637589,2,1.2247448713915892,16.07078026407947,0
00004,106,5811.303774654627,2,1.2247448713915892,14.302914425322847,0
00004,108,4889.015809326946,2,1.2247448713915892,12.450989002492033,0
00004,109,2293.3566324210415,2,1.2247448713915892,21.845447639642472,0
00004,111,1238.225954618741,2,1.2247448713915892,17.34606529266992,0
00004,113,8570.577048342257,2,1.2247448713915892,17.646101653311163,0
00004,114,1745.853485068706,2,1.2247448713915892,13.676355848403206,0
00004,116,6147.556075898552,2,1.2247448713915892,24.145541960421642,0
00004,117,6818.191468671576,2,1.2247448713915892,17.313234534061436,0
00004,119,1991.4995518539663,2,1.2247448713915892,14.594491217911127,0
00004,121,4472.941307790509,2,1.2247448713915892,16.92898000424093,0
00004,123,801.1464024484208,2,1.2247448713915892,23.775039634048582,0
00004,125,3992.668283299754,2,1.2247448713915892,19.839152544388792,0
00004,127,1096.6758964259416,2,1.2247448713915892,12.578938551501517,0
00004,128,359.23345526205475,2,1.2247448713915892,15.80487447560024,0
00004,129,6967.587623772641,2,1.2247448713915892,17.34606529266992,0
00004,130,6294.097389377248,2,1.2247448713915892,17.52805072609284,0
00004,131,900.1340622359472,2,1.2247448713915892,19.067970835359922,0
00004,132,3420.6261134466,2,1.2247448713915892,16.835026623031524,0
00004,133,4066.980929052382,2,1.2247448713915892,26.103179322626126,0
00004,134,11870.36378171471,2,1.2247448713915892,23.45923437131516,0
00004,135,5211.600597179287,2,1.2247448713915892,15.818703237031809,0
00004,136,8428.86324888785,2,1.2247448713915892,15.636855953089738,0
00004,137,401.94694506988606,2,1.2247448713915892,15.802513953935541,0
00004,138,2423.390630304562,2,1.2247448713915892,27.49008993144246,0
00004,139,4903.909910531442,2,1.2247448713915892,16.13547740005419,0
00004,141,4493.372192551116,2,1.2247448713915892,13.910764280549548,0
00004,142,5354.625948930553,2,1.2247448713915892,23.97577371272971,0
00004,144,8670.939937335823,2,1.2247448713915892,27.172633907526446,0
00004,146,8110.408467511491,2,1.2247448713915892,28.612774586730698,0
00004,148,4857.224274517479,2,1.2247448713915892,24.445055968548527,0
00004,150,10905.868496685434,2,1.2247448713915892,17.717928902398928,0
00004,154,5416.014715871179,2,1.2247448713915892,23.359124636797223,0
00004,156,7880.26518639882,2,1.2247448713915892,23.55341020033756,0
00004,158,16044.109950984548,2,1.2247448713915892,17.34606529266992,0
00004,159,4703.917200110032,2,1.2247448713915892,26.383209509487678,0
00004,160,1682.4900233306694,2,1.2247448713915892,23.166286414184405,0
00004,162,5275.584351821869,2,1.2247448713915892,19.945195072478384,0
00004,163,7281.437316179277,2,1.2247448713915892,25.56227596945163,0
00004,165,9814.240242875978,2,1.2247448713915892,18.4484038023116,0
00004,167,11131.81285503189,2,1.7320508075688774,20.397613477335724,0
00004,169,8697.301061547303,2,1.2247448713915892,14.96676089459534,0
00004,171,8341.024441558176,2,1.2247448713915892,21.28252841200943,0
00004,173,5970.729608781351,2,1.2247448713915892,14.632559037560624,0
00004,175,2787.340907774922,2,1.2247448713915892,9.315903292097554,0
00004,177,18438.15014086898,3,524.9409490599871,173.78692913432795,1
00004,179,4664.627878228686,2,1.2247448713915892,22.44163329213636,0
00004,180,3449.09547398014,2,1.2247448713915892,17.297929208030236,0
00004,181,847.0309751296196,2,1.2247448713915892,17.548400613792293,0
00004,182,2754.0794396874458,2,1.2247448713915892,21.02529398930802,0
00004,184,2855.542083386866,2,1.2247448713915892,15.45767419200819,0
00004,186,5338.631051597609,2,1.2247448713915892,20.37452718873517,0
00004,187,2030.1515516641543,2,1.2247448713915892,17.70298069253067,0
00004,188,1856.802669083298,2,1.2247448713915892,14.856628668824463,0
00004,189,1294.5074141770265,2,1.2247448713915892,19.80096354055405,0
00004,190,758.3916251784791,2,1.2247448713915892,13.590579654675997,0
00004,192,1827.664438604511,2,1.2247448713915892,15.584095748958754,0
00004,194,4633.273997047119,2,1.2247448713915892,29.284093056065203,0
00004,195,936.4568092563427,2,1.2247448713915892,20.04997572415149,0
00004,197,3004.1479561657843,2,1.2247448713915892,27.42177185924808,0
00004,199,4951.12113537798,2,1.2247448713915892,20.969335831000897,0
00004,200,1733.6315862099304,2,1.2247448713915892,9.124495466661493,0
00004,201,6359.441794068691,2,1.2247448713915892,23.37381837148225,0
00004,202,1314.9722968211527,2,1.2247448713915892,13.34138332450906,0
00004,204,1316.1138597004142,2,1.2247448713915892,13.232404944544784,0
00004,205,2389.50886931254,2,1.2247448713915892,14.940300798080441,0
00004,207,2598.3726667137357,2,1.2247448713915892,11.013041961234762,0
00004,209,2784.113437570966,2,1.2247448713915892,24.191389492860516,0
00004,211,2134.6560555701535,2,1.2247448713915892,14.594491217911127,0
00004,215,466.33487616814534,2,1.2247448713915892,23.739434680845633,0
00004,216,726.7851796550915,2,1.2247448713915892,17.723018355311424,0
00004,217,4340.828692160885,2,1.2247448713915892,27.436714251979804,0
00004,218,2513.48585508783,2,1.2247448713915892,11.013041961234762,0
00004,220,2181.750186897654,2,1.2247448713915892,17.646101653311185,0
00004,221,5715.622668563252,2,1.2247448713915892,26.383209509487678,0
00004,223,7926.29304019269,2,1.2247448713915892,16.879979369055622,0
00004,224,5901.364480843078,2,1.2247448713915892,13.162288268748584,0
00004,226,12742.25568355257,4,150.89234573032522,149.83122834413876,1
00004,229,10650.98845392682,2,1.2247448713915892,22.597066156955833,0
00004,230,528.2624025116914,2,1.2247448713915892,23.97577371272971,0
00004,231,607.7222345219346,2,1.2247448713915892,17.417893096145864,0
00004,232,2010.0490373022965,2,1.2247448713915892,24.6504699466639,0
00004,233,2659.404425652549,2,1.2247448713915892,21.029291751777727,0
00004,235,1015.4857565059793,2,1.2247448713915892,23.999799691718394,0
00004,238,1775.6611062040374,2,1.2247448713915892,15.691488797071798,0
00004,239,1115.2326714528617,2,1.2247448713915892,28.803632690572833,0
00004,241,4107.691607171037,2,1.2247448713915892,24.206160528982046,0
00004,242,497.01155640327994,2,1.2247448713915892,13.590579654675997,0
00004,245,3968.3070605064245,2,1.2247448713915892,28.0281700079151,0
00004,247,754.5705703749067,2,1.2247448713915892,20.510210524013292,0
00004,248,2609.0221179326427,2,1.2247448713915892,21.204650697759686,0
00004,249,1589.0658554041834,2,1.2247448713915892,17.90803946186959,0
00004,251,5597.727994614286,2,1.2247448713915892,23.406354958116008,0
00004,253,8093.401750677371,2,1.2247448713915892,23.97577371272971,0
00004,255,1495.565881420769,2,1.2247448713915892,24.340646728601822,0
00004,257,2143.5412009958227,2,1.2247448713915892,29.175418139614752,0
00004,258,977.4545703116358,2,1.2247448713915892,13.942518488812661,0
00004,259,426.089080693617,2,1.2247448713915892,19.12744580642738,0
00004,260,6191.32267266967,2,1.2247448713915892,28.49603024862846,0
00004,261,1764.8824323183421,2,1.2247448713915892,17.646101653311163,0
00004,263,5302.350112750622,2,1.2247448713915892,12.662230230570273,0
00004,266,1903.371211578222,2,1.2247448713915892,25.208765296758347,0
00004,267,4436.316377964998,2,1.2247448713915892,20.212632236452077,0
00004,269,7201.655642173735,3,107.17509038951168,150.45069117421392,1
00004,271,1991.3683998890458,2,1.2247448713915892,10.665432916716336,0
00004,274,363.3755908857857,2,1.2247448713915892,19.945195072478384,0
00004,275,1108.8419286654257,2,1.2247448713915892,13.853850216940584,0
00004,276,8503.20260294541,2,1.2247448713915892,23.035243407334043,0
00004,278,4169.025548914967,2,1.2247448713915892,13.46020135086814,0
00004,280,2743.908929558548,2,1.2247448713915892,24.445055968548527,0
00004,281,3336.347986288788,2,1.2247448713915892,16.92898000424093,0
00004,282,3630.2297472808104,2,1.2247448713915892,22.85026403953503,0
00004,283,4857.838638543913,3,4.527692569068708,97.28971071889607,1
00004,284,5161.317312389212,2,1.2247448713915892,25.0402981512626,0
00004,286,4847.190797345257,2,1.2247448713915892,25.065829224994697,0
00004,287,4146.372244584289,2,1.2247448713915892,26.565051177077994,0
00004,289,4440.999202289782,2,1.2247448713915892,20.437366472266525,0
00004,291,2104.327685171405,2,1.2247448713915892,23.073918065630988,0
00004,293,1551.5675476210063,2,1.2247448713915892,24.6504699466639,0
00004,295,3604.8901821585278,2,1.2247448713915892,22.05343649554891,0
00004,297,5060.527030067065,2,1.2247448713915892,17.129204872126277,0
00004,298,2242.290875598708,2,1.2247448713915892,12.604382648379175,0
00004,299,6956.173557113922,2,1.2247448713915892,26.553257674788576,0
00004,303,1453.8919608416395,2,1.2247448713915892,12.094158210914713,0
00004,311,7624.605949043214,2,1.2247448713915892,24.432899959021896,0
00004,312,1136.9823980889196,2,1.2247448713915892,19.907065586193777,0
00004,313,2478.701037112484,2,1.2247448713915892,18.630759502870255,0
00004,314,2401.3465311532755,2,1.2247448713915892,30.987719427309628,0
00004,316,2855.4813771984163,2,1.2247448713915892,14.96676089459534,0
00004,317,9021.944987969706,2,1.2247448713915892,19.454191583013177,0
00004,318,684.3247749003784,2,1.2247448713915892,24.896074448610413,0
00004,319,3614.466066265213,2,1.2247448713915892,24.539598837511114,0
00004,320,1244.2616187024983,2,1.2247448713915892,16.579803778585788,0
00004,322,891.0978254077204,2,1.2247448713915892,9.32832813622616,0
00004,323,6284.944059029984,2,1.2247448713915892,17.34606529266992,0
00004,324,1308.5397458603093,2,1.0,24.793845119863857,0
00004,327,1448.5742644551274,2,1.2247448713915892,10.519734890658631,0
00004,328,5135.474547881422,2,1.2247448713915892,21.34762869067621,0
00004,330,5742.096506986205,2,1.2247448713915892,19.354496074488264,0
00004,331,1848.3066002448281,2,1.2247448713915892,19.907065586193777,0
00004,332,2091.333881294228,2,1.2247448713915892,24.94962493896298,0
00004,333,5860.714508912873,2,1.2247448713915892,15.294103009120072,0
00004,335,1322.51189206644,2,1.2247448713915892,20.413327213896814,0
00004,337,5983.571279833373,2,1.2247448713915892,19.023300145218265,0
00004,341,6295.05438368173,2,1.2247448713915892,21.783637563936974,0
00004,342,6661.033660434899,2,1.2247448713915892,30.97239285010101,0
00004,343,1701.2051793387382,2,1.2247448713915892,24.206160528982046,0
00004,344,704.2907770168584,2,1.2247448713915892,17.17513630996075,0
00004,345,1353.2905659521348,2,1.2247448713915892,15.816304848217015,0
00004,350,1531.10266497688,2,1.2247448713915892,30.146155884640212,0
00004,352,1730.740296694611,2,1.2247448713915892,20.254523275698226,0
00004,354,4448.299770927834,2,1.2247448713915892,24.311324947971332,0
00004,356,954.1663939192301,2,1.0,23.073918065630988,0
00004,357,3492.943237088642,2,1.2247448713915892,24.206160528982046,0
00004,359,2423.4513364930117,2,1.2247448713915892,20.157920984563656,0
00004,360,3808.922513841811,2,1.2247448713915892,16.879979369055622,0
00004,362,3457.044085250263,2,1.2247448713915892,22.33014163020794,0
00004,363,1582.9961934369062,2,1.2247448713915892,28.178276503017653,0
00004,366,2469.0906344109803,2,1.2247448713915892,11.099241157764162,0
00004,368,2569.124111583203,2,1.2247448713915892,23.267470530469677,0
00004,369,2468.667039228964,2,1.2247448713915892,21.19804767304036,0
00004,371,865.9579287286962,2,1.2247448713915892,22.05343649554891,0
00004,372,5729.758556030988,2,1.2247448713915892,21.557934814766824,0
00004,375,1945.3740232673983,2,1.2247448713915892,16.99051707514145,0
00004,376,637.5031473523363,2,1.2247448713915892,19.744900651159302,0
00004,378,8654.143976670115,2,1.2247448713915892,21.34762869067621,0
00004,380,549.4379632744727,2,1.2247448713915892,10.519734890658631,0
00004,381,1685.6004000155876,2,1.2247448713915892,24.539598837511114,0
00004,383,4096.270250933728,2,1.2247448713915892,24.839892465014675,0
00004,386,1862.4827337520792,2,1.2247448713915892,22.61986494804045,0
00004,388,488.9803702089364,2,1.2247448713915892,24.378297932622885,0
00004,389,593.6140967817238,2,1.2247448713915892,18.31997385284695,0
00004,391,962.52647122362,2,1.2247448713915892,14.471331487658993,0
00004,393,12485.17426657239,2,1.2247448713915892,21.34762869067621,0
00004,398,2246.646738111581,2,1.7320508075688774,18.756258058384674,0
00004,399,3382.821824711742,2,1.2247448713915892,15.498732756596803,0
00004,402,673.0399309084469,2,1.2247448713915892,19.9414606011728,0
00004,403,2296.104120112394,2,1.2247448713915892,13.934706376086588,0
00004,404,669.3966758123624,2,1.2247448713915892,9.32832813622616,0
00004,409,1501.5408393160765,2,1.2247448713915892,27.24465988904597,0
00004,410,2277.2796808751746,2,1.2247448713915892,21.811053536205673,0
00004,414,2188.858897382335,2,1.2247448713915892,14.381156095361318,0
00004,418,9410.376859187698,2,1.2247448713915892,23.84012885495985,0
00004,420,4552.824214271472,2,1.2247448713915892,27.32510137520008,0
00004,423,1807.622630431103,2,1.2247448713915892,16.77590820749071,0
00004,424,450.6621010779544,2,1.2247448713915892,15.438779127604974,0
00004,426,416.76576092875166,2,1.2247448713915892,13.790754580286901,0
00004,427,398.0166070371632,2,1.2247448713915892,24.992671036245238,0
00004,428,493.84047352991223,2,1.2247448713915892,25.865305358263473,0
00004,429,1322.402088125992,2,1.2247448713915892,25.693380904498568,0
00004,434,1192.5531795285501,2,1.2247448713915892,26.85976682447049,0
00004,437,809.6764691704109,2,1.2247448713915892,22.103242973963845,0
00004,438,799.1435907592441,2,1.2247448713915892,21.248067091148688,0
00004,442,1018.1312505467707,2,1.2247448713915892,13.25057708805898,0
00004,444,3957.1800767843433,2,1.2247448713915892,24.191389492860516,0
00004,446,2307.963650688899,2,1.2247448713915892,21.783637563936974,0
00004,447,1346.4009426370526,2,1.2247448713915892,24.6504699466639,0
00004,449,2419.105213568161,2,1.2247448713915892,35.264389682754675,0
00004,451,364.84552416379563,2,1.2247448713915892,21.248067091148688,0
00004,452,6323.904489801283,2,1.2247448713915892,25.647633407041496,0
00004,457,4078.129781510234,2,1.2247448713915892,22.44163329213636,0
00004,458,1757.3841245351653,2,1.2247448713915892,22.98976777360885,0
00004,459,6443.826029290936,3,61.07372593840988,177.41770153163287,1
00004,461,640.6815198042941,2,1.2247448713915892,17.834593749810075,0
00004,462,2217.2602621488345,2,1.2247448713915892,30.757682302411453,0
00004,463,1068.411043904819,2,1.2247448713915892,17.1018172581828,0
00004,464,3152.3904192398377,2,1.2247448713915892,20.37765627251321,0
00004,469,3589.7915729416145,2,1.2247448713915892,26.85976682447049,0
00004,470,5242.637195687259,2,1.2247448713915892,14.85106246885788,0
00004,471,3223.237609603871,2,1.2247448713915892,21.416714033033607,0
00004,472,1080.8447403546024,2,1.2247448713915892,24.206160528982046,0
00004,474,1748.846768234585,2,1.2247448713915892,18.058192439712705,0
00004,476,1748.9147640016254,2,1.2247448713915892,21.473155050367595,0
00004,477,1236.4762279826828,2,1.2247448713915892,14.433638959402499,0
00004,478,1635.169515254981,2,1.2247448713915892,23.166286414184405,0
00004,480,4252.011021790959,2,1.2247448713915892,22.258828634157677,0
00004,481,2128.5111082572466,2,1.2247448713915892,20.99158237694124,0
00004,483,401.19497948912107,2,1.2247448713915892,13.341383324509087,0
00004,485,378.0166070371633,2,1.2247448713915892,11.91969069827155,0
00004,486,3685.6421477392933,2,1.2247448713915892,26.97259659835897,0
00004,488,3003.0331015914526,2,1.2247448713915892,21.207559933925193,0
00004,489,3347.52354705157,2,1.2247448713915892,18.98954926641019,0
00004,490,2202.8237540098753,2,1.2247448713915892,24.6504699466639,0
00004,495,3072.9918141293424,2,1.2247448713915892,25.02935043392373,0
00004,496,3003.286186644571,2,1.2247448713915892,19.447924868541584,0
00004,500,985.814126904728,2,1.2247448713915892,21.21698339023289,0
00004,501,1233.4489469332834,2,1.2247448713915892,23.267470530469677,0
00004,502,4148.129781510233,2,1.2247448713915892,17.646101653311163,0
00004,504,1757.5959221261733,2,1.2247448713915892,27.478767649194083,0
00004,505,3058.6451704931937,2,1.2247448713915892,17.917374654730725,0
00004,507,953.0666392133768,2,1.2247448713915892,21.821973610035375,0
00004,509,1496.359655174942,2,1.2247448713915892,18.544636110999974,0
00004,511,811.1391128698306,2,1.2247448713915892,24.6504699466639,0
00004,512,3399.3752673381878,2,1.2247448713915892,16.835026623031524,0
00004,518,4569.317471420765,2,1.2247448713915892,27.2121553254954,0
00004,522,3195.096619469079,2,1.2247448713915892,22.9780851869674,0
00004,523,14782.44717858027,2,1.2247448713915892,23.801391846684897,0
00004,524,4262.114056864114,2,1.2247448713915892,18.173440075652657,0
00004,525,1118.2672420808512,2,1.2247448713915892,24.215481053932187,0
00004,528,842.5677586857302,2,1.2247448713915892,25.065829224994697,0
00004,529,1000.700938530634,2,1.2247448713915892,21.473155050367595,0
00004,531,705.50762524175,2,1.2247448713915892,21.029291751777727,0
00004,533,2629.589514938627,2,1.2247448713915892,24.118284359122466,0
00004,535,8956.551485526266,2,1.2247448713915892,18.264421960521606,0
00004,536,2597.907784069609,2,1.2247448713915892,18.858555427248294,0
00004,537,643.9351776018822,2,1.0,24.68240749999896,0
00004,539,384.1275564665507,2,1.2247448713915892,17.18993484515051,0
00004,540,1962.441446289969,2,1.2247448713915892,18.858555427248294,0
00004,541,653.6480946652438,2,1.2247448713915892,13.861216240909103,0
00004,542,1984.191172926027,2,1.2247448713915892,22.50160118866046,0
00004,543,4140.118014042229,2,1.2247448713915892,28.751518538042067,0
00004,546,940.3944368676557,2,1.2247448713915892,23.999799691718394,0
00004,549,4401.689420259502,2,1.2247448713915892,26.399191958738758,0
00004,551,8701.562680249797,2,1.2247448713915892,19.767967940243153,0
00004,553,2367.600761695333,2,1.2247448713915892,22.31367755242344,0
00004,555,1969.2970717215312,2,1.2247448713915892,28.028170007915115,0
00004,556,1851.5189705803064,2,1.2247448713915892,13.33989040469273,0
00004,559,1723.8846712630489,2,1.2247448713915892,27.266044450732828,0
00004,564,1287.972869565623,2,1.2247448713915892,14.771136671103973,0
00004,567,1425.99449477389,3,27.29468812791236,133.0434926345314,1
00004,570,928.6787081151177,2,1.2247448713915892,15.740963203538316,0
00004,571,4333.19387213233,2,1.2247448713915892,15.166038765050718,0
00004,576,1917.3695453779849,2,1.2247448713915892,21.703291364226086,0
00004,579,421.19497948912107,2,1.2247448713915892,27.32510137520008,0
00004,581,9849.800243304991,2,1.2247448713915892,18.971803998196425,0
00004,582,3213.13561595331,2,1.2247448713915892,32.699287673787765,0
00004,585,4998.981290732128,2,1.2247448713915892,22.38093433082779,0
00004,587,925.9579287286963,2,1.2247448713915892,31.834238382853627,0
00004,588,497.4837286259966,2,1.2247448713915892,15.436640338110509,0
00004,589,4605.700403918312,2,1.2247448713915892,16.77590820749071,0
00004,592,12628.720367587071,2,1.2247448713915892,17.297929208030258,0
00004,594,1051.8085035263753,2,1.2247448713915892,11.039484403693542,0
00004,595,1577.8222988743619,2,1.2247448713915892,21.783637563936974,0
00004,597,785.3225359556717,2,1.2247448713915892,34.65279860986214,0
00004,599,558.7952809228581,2,1.0,21.0483051156299,0
00004,601,7187.005126898179,2,1.2247448713915892,18.777680131126097,0
00004,603,1090.844740354602,2,1.2247448713915892,16.878299340066103,0
00004,604,2558.844838936452,2,1.2247448713915892,13.33989040469273,0
00004,608,1281.759926485675,2,1.2247448713915892,21.783637563936974,0
00004,609,3959.8115123792522,2,1.2247448713915892,9.598709885735705,0
00004,613,505.8019977569786,2,1.2247448713915892,14.76255635220315,0
00004,616,572.6163357264306,2,1.2247448713915892,23.729899470926764,0
00004,618,2744.010923209108,2,1.2247448713915892,24.6504699466639,0
00004,620,4541.6899409708,2,1.2247448713915892,22.61156001800822,0
00004,621,2241.1872678216464,3,24.58658170628849,160.3436729833375,1
00004,630,620.4357243297658,2,1.2247448713915892,24.206160528982046,0
00004,635,1024.9188802112926,2,1.2247448713915892,17.62950452541558,0
00004,636,5145.323456478864,2,1.2247448713915892,23.366728726376575,0
00004,638,6610.364269778353,2,1.2247448713915892,21.039469781317234,0
00004,640,1098.6981268414575,2,1.2247448713915892,16.699244233993635,0
00004,642,1237.405993270936,2,1.2247448713915892,23.02732228113361,0
00004,644,1538.4989791094968,2,1.2247448713915892,16.30973718881995,0
00004,645,3188.958961734762,2,1.2247448713915892,17.75279016194669,0
00004,647,5197.012476926471,2,1.2247448713915892,19.34026257571964,0
00004,649,1878.3333085497584,2,1.2247448713915892,18.931823180865177,0
00004,651,5775.185014935352,2,1.2247448713915892,24.6504699466639,0
00004,653,1171.158531596171,2,1.2247448713915892,24.206160528982046,0
00004,654,6027.323818158609,2,1.2247448713915892,26.097452390693757,0
00004,656,4000.3783886739384,2,1.2247448713915892,29.929190615131972,0
00004,659,984.2761978596781,2,1.2247448713915892,14.034647935198617,0
00004,661,7831.257587173657,2,1.2247448713915892,21.178235067483588,0
00004,663,536.1157889985469,2,1.0,29.88150492380292,0
00004,664,1364.9722968211531,2,1.2247448713915892,26.762188506851494,0
00004,666,1438.1093818110003,2,1.2247448713915892,22.207654298596495,0
00004,667,3666.1216095406,2,1.2247448713915892,18.558568958025834,0
00004,668,2126.001605750536,2,1.2247448713915892,16.352891300749565,0
00004,669,846.2862991274449,2,1.2247448713915892,29.06336099876456,0
00004,672,3112.458935718176,2,1.2247448713915892,23.073918065630988,0
00004,677,1004.8090762708448,2,1.2247448713915892,28.751518538042067,0
00004,681,3773.7831378740843,2,1.2247448713915892,18.173440075652657,0
00004,685,469.9781312642296,2,1.2247448713915892,14.5889057869026,0
00004,686,3452.3345526205476,2,1.2247448713915892,23.166286414184405,0
00004,687,2152.925747660436,2,1.2247448713915892,22.020897170594644,0
00004,689,4285.5109957743725,2,1.2247448713915892,17.34606529266992,0
00004,690,1313.0787683611265,2,1.2247448713915892,28.137754305829464,0
00004,695,477.51772650951665,2,1.2247448713915892,22.24902365721237,0
00004,696,5419.813381227683,2,1.2247448713915892,26.08454155204704,0
00004,698,6521.233328878157,2,1.2247448713915892,22.44163329213636,0
00004,699,6331.547120119725,2,1.2247448713915892,19.741553934286124,0
00004,701,3235.951099411702,2,1.2247448713915892,22.510479465324185,0
00004,703,3648.7185265406906,2,1.2247448713915892,13.807889908837273,0
00004,705,378.94637232541635,2,1.2247448713915892,18.73599759140695,0
00004,706,2885.6105998652038,2,1.2247448713915892,16.647145153066415,0
00004,707,983.8113152155515,2,1.2247448713915892,23.739434680845633,0
00004,710,4183.904550250985,2,1.2247448713915892,27.017123217850234,0
00004,712,5452.7464789164105,2,1.2247448713915892,19.34026257571964,0
00004,714,3663.4275384591083,2,1.2247448713915892,21.513361128929827,0
00004,716,7275.358435335276,2,1.2247448713915892,19.653824058053313,0
00004,717,3354.4471682501717,2,1.2247448713915892,15.79316904826399,0
00004,719,6160.249626268746,2,1.2247448713915892,24.118284359122466,0
00004,721,2689.8086021082254,2,1.2247448713915892,29.657012201224315,0
00004,723,658.0020278799828,2,1.2247448713915892,12.856303587263016,0
00004,725,3349.4850712786356,2,1.2247448713915892,21.34762869067621,0
00004,726,443.621386360314,2,1.2247448713915892,12.969761632911768,0
00004,728,490.44301390835614,2,1.2247448713915892,25.448331553162365,0
00004,731,440.90789655248267,2,1.2247448713915892,21.801409486351798,0
00004,734,6350.625165121361,2,1.2247448713915892,20.437366472266525,0
00004,739,400.73009684499453,2,1.1010205144336438,25.037248392830822,0
00004,741,3984.014354191433,2,1.2247448713915892,11.013041961234762,0
00004,746,3654.303366426204,2,1.2247448713915892,22.259724799847877,0
00004,747,903.5315218575033,2,1.2247448713915892,18.723550877885064,0
00004,750,2024.9771363903124,2,1.2247448713915892,21.823437434483807,0
00004,753,1805.9214808357456,2,1.2247448713915892,20.510210524013292,0
00004,756,2748.3308585403274,2,1.2247448713915892,22.020897170594644,0
00004,759,1089.129011602064,2,1.2247448713915892,13.570839872811687,0
00004,761,2558.345958408806,2,1.2247448713915892,23.739434680845633,0
00004,764,1920.370638833752,2,1.2247448713915892,22.103242973963845,0
00004,765,6742.147994297931,2,1.2247448713915892,26.08454155204704,0
00004,766,908.992499356686,2,1.2247448713915892,16.227695169248054,0
00004,767,967.2014852585177,2,1.2247448713915892,21.801409486351798,0
00004,770,4055.3404856454745,2,1.2247448713915892,30.757682302411453,0
00004,772,2900.60669472026,2,1.2247448713915892,13.981294363919437,0
00004,779,1678.3818855904583,2,1.2247448713915892,25.216393414172742,0
00004,780,2718.372666713736,2,1.2247448713915892,25.037248392830822,0
00004,786,1477.4666994593858,2,1.2247448713915892,27.436714251979804,0
00004,787,1637.384124535166,2,1.2247448713915892,13.729132675412634,0
00004,789,7339.705078971425,2,1.2247448713915892,20.510210524013292,0
00004,791,538.009317458573,2,1.2247448713915892,27.680152415056966,0
00004,792,7368.351718501157,2,1.2247448713915892,22.207654298596495,0
00004,793,1323.0787683611265,2,1.2247448713915892,17.49415252540632,0
00004,794,1870.3774077010446,2,1.2247448713915892,17.37394796793831,0
00004,799,623.3343034236755,2,1.2247448713915892,11.324410616995431,0
00004,801,4987.114991288329,2,1.2247448713915892,24.341089936692505,0
00004,802,3027.64011985931,2,1.2247448713915892,13.184399551949827,0
00004,803,1461.4995518539668,2,1.2247448713915892,18.924644416051258,0
00004,806,2085.3254462266987,2,1.2247448713915892,19.496001887415044,0
00004,810,811.6379933974772,2,1.2247448713915892,21.783637563936974,0
00004,812,4402.250048398195,2,1.2247448713915892,27.055008938448992,0
00004,814,405.80199775697855,2,1.2247448713915892,33.3424373880134,0
00004,815,4716.452890210376,2,1.2247448713915892,13.590579654675997,0
00004,816,3768.143839956116,2,1.2247448713915892,18.648949178894554,0
00004,817,7644.564661581104,2,1.2247448713915892,25.514916337235153,0
00004,818,3217.73482393128,2,1.2247448713915892,19.827028653408192,0
00004,820,3397.153368479413,2,1.2247448713915892,23.675347440745686,0
00004,821,1962.6532438809772,2,1.2247448713915892,10.394768281368655,0
00004,823,6512.797966228136,2,1.2247448713915892,21.801409486351798,0
00004,825,367.0528438653901,2,1.2247448713915892,9.00244324138145,0
00004,826,909.6351817083006,2,1.2247448713915892,22.380135051959563,0
00004,827,5763.162784519836,2,1.2247448713915892,21.17308435269213,0
00004,828,4514.9907672222525,2,1.2247448713915892,15.068488159492201,0
00004,830,395.59020016597043,2,1.2247448713915892,11.45057553871207,0
00004,832,2790.57998641533,2,1.2247448713915892,21.02529398930802,0
00004,833,4938.62621202845,2,1.2247448713915892,27.32510137520008,0
00004,834,781.3921979229489,2,1.2247448713915892,20.822658916083743,0
00004,835,3265.274419176567,2,1.2247448713915892,23.739434680845633,0
00004,837,984.8090762708448,2,1.2247448713915892,21.766720011813206,0
00004,838,550.6548114993643,2,1.2247448713915892,24.992671036245238,0
00004,839,4443.9992543229555,2,1.2247448713915892,27.017123217850234,0
00004,841,1729.2436551116716,2,1.2247448713915892,25.083141341496862,0
00004,843,6452.045479936074,2,1.2247448713915892,21.783637563936974,0
00004,844,1730.7742945781315,2,1.2247448713915892,21.561944029260058,0
00004,845,10182.896561544028,2,1.2247448713915892,21.579579911708798,0
00004,846,1694.9917155474927,2,1.2247448713915892,22.012047008899007,0
00004,849,1583.1739931443944,2,1.2247448713915892,15.166038765050718,0
00004,851,806.2450116653346,2,1.2247448713915892,15.802513953935541,0
00004,855,5662.581329067969,2,1.2247448713915892,23.166286414184405,0
00004,857,1323.2565680686148,2,1.2247448713915892,23.03524340733403,0
00004,858,5386.019555440337,2,1.2247448713915892,17.652682048706215,0
00004,859,3670.2564555857407,2,1.2247448713915892,27.20412004425336,0
00004,861,3382.5536397901456,2,1.2247448713915892,26.565051177077994,0
00004,863,3259.060955385322,2,1.2247448713915892,31.9633228884073,0
00004,866,3109.1367614422497,2,1.2247448713915892,28.89378855181029,0
00004,867,1406.181855467454,2,1.2247448713915892,26.55325767478859,0
00004,869,482.6236253050207,2,1.2247448713915892,24.445055968548527,0
00004,873,390.23121631734796,2,1.2247448713915892,22.44163329213636,0
00004,876,3409.4092652217078,2,1.2247448713915892,24.39591857664484,0
00004,878,1081.4116166492886,2,1.2247448713915892,16.24428103931577,0
00004,880,967.6663679026442,2,1.2247448713915892,18.924644416051258,0
00004,885,2135.5027252228892,2,1.2247448713915892,29.49620849656643,0
00004,887,1694.602638960294,2,1.2247448713915892,17.548400613792293,0
00004,889,9164.874594226407,2,1.2247448713915892,18.544636110999956,0
00004,891,680.6475219207741,2,1.2247448713915892,29.644711862502785,0
00004,893,934.5292829127966,2,1.2247448713915892,21.703291364226086,0
00004,898,1034.1663939192301,2,1.2247448713915892,26.148207631005455,0
00004,901,2456.459198816072,2,1.2247448713915892,20.22250250441516,0
00004,902,5464.632717797846,2,1.2247448713915892,26.565051177077994,0
00004,905,1164.04982111149,2,1.2247448713915892,24.6504699466639,0
00004,908,609.1508803378342,2,1.2247448713915892,21.783637563936974,0
00004,910,2291.674901552024,2,1.2247448713915892,16.147051049422622,0
00004,911,1609.3869362243418,2,1.2247448713915892,23.895508186161493,0
00004,913,5549.943124605768,2,1.2247448713915892,25.907523308963157,0
00004,915,3458.6840079458734,2,1.2247448713915892,19.471220634490713,0
00004,916,393.34159300226565,2,1.2247448713915892,20.822658916083743,0
00004,917,1890.192839126264,2,1.2247448713915892,9.518421787129226,0
00004,919,377.51772650951665,2,1.2247448713915892,13.341383324509087,0
00004,921,2210.0684560286363,2,1.2247448713915892,14.646751707511767,0
00004,922,524.2980665954486,2,1.2247448713915892,11.324410616995431,0
00004,925,6617.8771567187105,2,1.2247448713915892,19.46358094358947,0
00004,927,2633.799125618101,2,1.2247448713915892,15.802513953935541,0
00004,928,2414.811986541872,2,1.2247448713915892,32.78927368496107,0
00004,937,6651.3615101223495,2,1.2247448713915892,17.17849869464882,0
00004,938,800.9273152788224,2,1.2247448713915892,15.19537124588986,0
00004,939,1322.4706046043298,2,1.2247448713915892,22.242834413723546,0
00004,940,774.7483700823948,2,1.2247448713915892,8.97262661489648,0
00004,941,2530.8816485091484,2,1.2247448713915892,16.21161171761184,0
00004,944,1517.2476122897874,2,1.2247448713915892,15.793169048263943,0
00004,945,1219.189717790514,2,1.2247448713915892,14.21102524136766,0
00004,947,1467.111620755707,2,1.2247448713915892,28.548791225633764,0
00004,949,5718.698526653352,2,1.2247448713915892,22.380135051959563,0
00004,951,2767.3749056584425,2,1.2247448713915892,14.76255635220315,0
00004,953,1579.8518188684684,2,1.2247448713915892,28.273616626391014,0
00004,954,2945.391512695606,2,1.2247448713915892,9.830589635104632,0
00004,956,490.76409472851464,2,1.0,32.12869550809693,0
00004,957,709.1435907592441,2,1.2247448713915892,10.569651135841074,0
00004,959,772.1441635037139,2,1.2247448713915892,26.797257587643006,0
00004,960,678.7199955772279,2,1.2247448713915892,15.590404644712837,0
00004,963,3534.686194857408,2,1.2247448713915892,25.295110704522987,0
00004,965,2475.361894119649,2,1.7320508075688774,14.112962817904242,0
00004,968,1995.4420190344388,2,1.2247448713915892,17.49415252540632,0
00004,969,397.0528438653902,2,1.2247448713915892,24.684429667267135,0
00004,971,4719.344179725695,2,1.2247448713915892,24.206160528982046,0
00004,973,2654.0600209611066,2,1.2247448713915892,13.107917732956183,0
00004,975,591.3994875015392,2,1.2247448713915892,15.964708382482526,0
00004,978,7566.64275861591,2,1.2247448713915892,23.05557160075898,0
00004,984,2933.4974635242816,2,1.2247448713915892,24.39591857664484,0
00004,987,2315.885032942795,2,1.2247448713915892,26.709131168116006,0
00004,989,500.68880938288436,2,1.2247448713915892,9.518421787129187,0
00004,991,4192.872791312171,2,1.2247448713915892,20.510210524013292,0
00004,992,7604.229522315062,2,1.2247448713915892,19.471220634490713,0
00004,994,3400.5435385223795,2,1.2247448713915892,23.267470530469677,0
00004,995,6177.590073782072,2,1.2247448713915892,12.739878369558308,0
00004,998,1346.5029362876126,2,1.2247448713915892,24.206160528982046,0
00004,1000,1507.7470135287317,2,1.2247448713915892,26.097452390693757,0
00004,1003,4355.496416617192,2,1.2247448713915892,19.34026257571964,0
00004,1005,714.5705703749068,2,1.2247448713915892,22.619864948040405,0
00004,1006,2945.3229962172672,2,1.2247448713915892,23.999799691718394,0
00004,1008,5439.670100115012,2,1.2247448713915892,22.163374264661574,0
00004,1010,1145.4857565059797,2,1.2247448713915892,22.611560018008234,0
00004,1011,3263.8044858985577,2,1.2247448713915892,16.920660574936278,0
00004,1012,1223.0107725940866,2,1.2247448713915892,21.548129137223924,0
00004,1013,1342.54588994996,2,1.2247448713915892,18.630759502870255,0
00004,1014,1921.9765636458424,2,1.2247448713915892,15.219464831173815,0
00004,1017,1433.3245638356548,2,1.2247448713915892,23.55341020033756,0
00004,1018,1432.394798547402,2,1.2247448713915892,14.886761446598769,0
00004,1023,504.6531452991272,2,1.0,18.67090547401321,0
00004,1027,2449.781373091998,2,1.2247448713915892,23.801391846684897,0
00004,1029,1239.6885983181605,2,1.2247448713915892,24.6504699466639,0
00004,1031,2312.8844601983255,2,1.2247448713915892,18.31997385284695,0
00004,1033,663.6140967817237,2,1.2247448713915892,11.97177956779289,0
00004,1035,2752.6926020449546,2,1.2247448713915892,17.679553498070234,0
00004,1036,437.0868417489102,2,1.0,17.027457821106456,0
00004,1037,1253.8647318254116,2,1.2247448713915892,23.166286414184405,0
00004,1039,1474.4734162935065,2,1.2247448713915892,21.243391812772256,0
00004,1041,1790.3774077010446,2,1.2247448713915892,17.44635233721338,0
00004,1043,1004.3781915102385,2,1.2247448713915892,25.17420002011108,0
00004,1045,861.1731107533507,2,1.2247448713915892,18.434948822922017,0
00004,1048,4275.85878489946,2,1.2247448713915892,30.757682302411453,0
00004,1049,661.4334853850592,2,1.2247448713915892,20.04997572415149,0
00004,1050,547.4764390474065,2,1.2247448713915892,10.244090847237457,0
00004,1053,1455.4371794652793,2,1.2247448713915892,30.076396749369767,0
00004,1054,4914.510784709648,2,1.2247448713915892,29.926434866614244,0
00004,1056,870.8860278167122,2,1.2247448713915892,24.6504699466639,0
00004,1057,411.6938600167677,2,1.2247448713915892,13.039174248110935,0
00004,1059,3820.1393620667022,2,1.2247448713915892,32.61412253589957,0
00004,1060,1672.4900233306694,2,1.2247448713915892,14.063773932729447,0
00004,1062,887.0309751296196,2,1.2247448713915892,14.632559037560624,0
00004,1064,616.2935887060349,2,1.2247448713915892,29.354669043763142,0
00004,1068,778.965791051756,2,1.2247448713915892,29.76221954380976,0
00004,1069,3346.8735751213653,2,1.2247448713915892,21.21698339023289,0
00004,1071,3275.863684918322,2,1.2247448713915892,16.260204708311967,0
00004,1072,1170.844740354602,2,1.2247448713915892,18.4484038023116,0
00004,1073,3496.2994092480876,2,1.2247448713915892,19.362074037258637,0
00004,1075,6365.873824318236,2,1.2247448713915892,23.93388935457377,0
00004,1079,957.7756511317946,2,1.2247448713915892,21.557934814766824,0
00004,1080,440.90789655248267,2,1.2247448713915892,13.106596458938395,0
00004,1082,5267.07370382622,2,1.2247448713915892,14.219199999316409,0
00004,1083,370.66210107795445,2,1.2247448713915892,27.994284627359033,0
00004,1084,941.3096229987286,2,1.2247448713915892,11.874585330512055,0
00004,1086,2575.945739131245,2,1.2247448713915892,19.941460601172786,0
00004,1088,3104.5297431743925,2,1.2247448713915892,14.207740332072742,0
00004,1090,1154.9455885162229,2,1.2247448713915892,9.83024783170711,0
00004,1094,529.7250462111111,2,1.2247448713915892,10.519734890658631,0
00004,1096,2188.824899498815,2,1.2247448713915892,16.97848175519271,0
00004,1097,1017.9534508392826,2,1.2247448713915892,23.44661725504679,0
00004,1098,4753.369742541685,2,1.2247448713915892,13.556761408963023,0
00004,1100,1742.6338251546376,2,1.2247448713915892,15.668246370509625,0
00004,1101,2526.4937174108895,2,1.2247448713915892,16.283317984144322,0
00004,1103,1302.2928048968413,2,1.2247448713915892,13.724072015294409,0
00004,1105,594.8989407736553,2,1.0,19.974008521593085,0
00004,1108,736.7851796550914,2,1.2247448713915892,13.262676008304863,0
00004,1110,875.8141269047281,2,1.2247448713915892,37.08395592799447,0
00004,1112,1906.8366669668183,2,1.2247448713915892,20.26328804910924,0
00004,1115,2472.8844601983255,2,1.2247448713915892,24.206160528982046,0
00004,1117,596.7924692336817,2,1.2247448713915892,24.206160528982046,0
00004,1119,1562.5046024878498,2,1.2247448713915892,13.46020135086814,0
00004,1123,357.3059289185085,2,1.2247448713915892,26.85976682447049,0
00004,1124,1305.9360599929257,2,1.2247448713915892,22.33014163020794,0
00004,1127,863.8526026776618,2,1.2247448713915892,20.152143132003218,0
00004,1135,532.903418663069,2,1.2247448713915892,24.311261348852227,0
00004,1137,1215.6902645183977,2,1.2247448713915892,18.60641628206038,0
00004,1139,1075.1981528580436,2,1.0,29.175418139614752,0
00004,1140,3352.123275740837,2,1.2247448713915892,12.094158210914713,0
00004,1143,985.3419546820115,2,1.2247448713915892,23.267470530469677,0
00004,1146,468.2284046281714,2,1.2247448713915892,24.206160528982046,0
00004,1147,620.2579246222779,2,1.2247448713915892,23.616743811158223,0
00004,1149,641.1464024484206,2,1.2247448713915892,20.685080426120702,0
00004,1152,1104.733790925215,2,1.2247448713915892,17.62950452541556,0
00004,1154,816.498096718453,2,1.2247448713915892,13.570839872811714,0
00004,1158,1496.605450649471,2,1.2247448713915892,19.81891962067749,0
00004,1161,458.2624025116915,2,1.2247448713915892,13.102973195492881,0
00004,1163,3836.0997408048293,2,1.2247448713915892,19.81891962067749,0
00004,1164,1861.4436852346762,2,1.2247448713915892,23.166286414184405,0
00004,1171,3910.699469494097,2,1.2247448713915892,17.646101653311163,0
00004,1173,3263.9070002604153,2,1.2247448713915892,16.24428103931577,0
00004,1176,1195.765549864028,2,1.2247448713915892,22.380135051959584,0
00004,1179,1899.3723570671614,2,1.2247448713915892,24.274585807961554,0
00004,1180,2010.404116005975,2,1.2247448713915892,26.565051177078008,0
00004,1181,1223.0107725940866,2,1.2247448713915892,22.5507341282758,0
00004,1188,4738.0321067175355,2,1.2247448713915892,22.44163329213636,0
00004,1192,462.37054025190236,2,1.2247448713915892,17.51948268419237,0
00004,1195,3319.7648646366843,2,1.2247448713915892,19.653824058053313,0
00004,1196,1169.1217220234737,2,1.2247448713915892,24.206160528982046,0
00004,1197,1139.9489729498696,2,1.2247448713915892,24.962218748092162,0
00004,1201,865.4590482010495,2,1.2247448713915892,24.157892495557288,0
00004,1202,921.4189062278789,2,1.2247448713915892,25.547024524369327,0
00004,1204,3688.499439371092,2,1.2247448713915892,32.15097813373739,0
00004,1208,2908.8370286465642,2,1.2247448713915892,22.50160118866046,0
00004,1211,399.1994573785347,2,1.2247448713915892,11.324410616995431,0
00004,1214,1482.9276769585683,2,1.2247448713915892,26.783950140760858,0
00004,1216,722.8208437388486,2,1.2247448713915892,22.46131433520808,0
00004,1217,3272.1640424916495,2,1.2247448713915892,38.16693629650167,0
00004,1218,1108.664128957938,2,1.2247448713915892,15.84769634961371,0
00004,1220,4319.120252986937,2,1.2247448713915892,21.800139040375505,0
00004,1221,665.8967018289486,2,1.0,27.680152415056966,0
00004,1223,6191.301324645197,2,1.2247448713915892,27.404899352331054,0
00004,1224,2433.882221253619,2,1.2247448713915892,16.232786560557784,0
00004,1226,2374.456387126895,2,1.2247448713915892,24.118284359122466,0
00004,1228,4613.425609160975,2,1.2247448713915892,25.268596895334127,0
00004,1230,4108.299770927833,2,1.2247448713915892,21.783637563936974,0
00004,1231,373.6286759389041,2,1.2247448713915892,13.729718712870225,0
00004,1233,4122.626995837643,2,1.2247448713915892,30.207107464641034,0
00004,1235,478.26240251169145,2,1.2247448713915892,22.50160118866046,0
00004,1237,1931.333881294228,2,1.2247448713915892,24.206160528982046,0
00004,1239,612.3632506733122,2,1.2247448713915892,24.39591857664484,0
00004,1240,388.9803702089364,2,1.2247448713915892,21.783637563936974,0
00004,1245,659.717756632521,2,1.2247448713915892,15.214413958603153,0
00004,1248,442.19274054441433,2,1.2247448713915892,11.91969069827155,0
00004,1253,5219.315021411334,2,1.2247448713915892,24.6504699466639,0
00004,1255,797.0309751296197,2,1.2247448713915892,23.073918065630988,0
00004,1256,888.7394143035675,2,1.2247448713915892,31.95622431166797,0
00004,1259,3466.9342813098147,2,1.2247448713915892,30.757682302411453,0
00004,1264,3866.1337386883492,2,1.2247448713915892,14.044199143931941,0
00004,1265,1848.5183978358364,2,1.2247448713915892,19.741553934286124,0
00004,1266,956.2377220867445,2,1.2247448713915892,12.88107704913421,0
00004,1267,1293.687452829221,2,1.2247448713915892,17.75111316334356,0
00004,1269,2502.816464431285,2,1.2247448713915892,12.914009847477482,0
00004,1270,2760.3900575600924,2,1.2247448713915892,19.74272793805543,0
00004,1272,708.7879913442679,2,1.2247448713915892,28.19130538197653,0
00004,1273,2880.57998641533,2,1.2247448713915892,26.097452390693743,0
00004,1274,2822.472994164058,2,1.2247448713915892,35.264389682754654,0
00004,1276,1608.3551772855285,2,1.2247448713915892,30.40420968068554,0
00004,1279,3677.932042365108,2,1.2247448713915892,24.89590710612383,0
00004,1281,1936.55687360877,2,1.2247448713915892,18.058192439712705,0
00004,1283,491.93965549129587,2,1.2247448713915892,13.25057708805898,0
00004,1285,4477.000347778722,2,1.2247448713915892,27.49008993144246,0
00004,1287,3682.7168603404534,2,1.2247448713915892,23.60316478161296,0
00004,1289,2444.1353063067363,2,1.2247448713915892,21.19804767304036,0
00004,1290,7989.799783043396,2,1.2247448713915892,35.26438968275465,0
00004,1292,11881.84532342917,2,1.2247448713915892,20.510210524013292,0
00004,1295,876.5660924854931,2,1.2247448713915892,26.097452390693743,0
00004,1298,3778.7865223077306,2,1.2247448713915892,23.073918065630988,0
00004,1300,1416.0725722383038,2,1.2247448713915892,19.744900651159323,0
00004,1302,2230.8209423206986,2,1.2247448713915892,11.976725812374122,0
00004,1305,1187.4472807330462,2,1.2247448713915892,21.61477894278625,0
00004,1306,4390.8554004658145,2,1.2247448713915892,14.864933005007344,0
00004,1308,387.9826091536432,2,1.2247448713915892,15.64522260693039,0
00004,1309,1325.0135842832633,2,1.2247448713915892,23.166286414184405,0
00004,1310,942.1028760416037,2,1.2247448713915892,25.817645114412688,0
00004,1312,4112.1208257314065,2,1.2247448713915892,21.783637563936974,0
00004,1313,6831.834203056364,2,1.2247448713915892,22.24902365721237,0
00004,1314,2635.4473793148954,2,1.2247448713915892,24.206160528982046,0
00004,1316,2964.0653812415635,2,1.2247448713915892,19.458745598595286,0
00004,1319,504.83823458520544,2,1.2247448713915892,15.80487447560024,0
00004,1320,2411.0254503331166,2,1.2247448713915892,13.981294363919437,0
00004,1322,3098.6451704931933,2,1.2247448713915892,24.6504699466639,0
00004,1324,894.7070826202846,2,1.2247448713915892,10.00797980144135,0
00004,1327,588.9730806303462,2,1.2247448713915892,15.89957235342784,0
00004,1328,683.5728093196135,2,1.2247448713915892,18.37884005235743,0
00004,1331,689.2188761048745,2,1.2247448713915892,23.073918065630988,0
00004,1332,2737.0533041269864,2,1.2247448713915892,24.6504699466639,0
00004,1338,885.814126904728,2,1.2247448713915892,23.073918065630988,0
00004,1339,561.8643701456655,2,1.2247448713915892,10.168947692960412,0
00004,1340,1925.6343978991072,2,1.2247448713915892,19.417850884329095,0
00004,1342,706.9702689411697,2,1.2247448713915892,28.0281700079151,0
00004,1343,873.6068072031336,2,1.2247448713915892,20.130751934828055,0
00004,1344,2557.8397883025686,2,1.2247448713915892,14.864933005007366,0
00004,1345,1760.5624969871233,2,1.2247448713915892,21.167823668492172,0
00004,1346,1058.4523313669292,2,1.2247448713915892,23.515911869876962,0
00004,1347,2096.1114096909832,2,1.2247448713915892,24.474516781221396,0
00004,1348,4145.189914954214,2,1.2247448713915892,14.621119853392232,0
00004,1351,2722.5488002209863,2,1.2247448713915892,12.794854600753482,0
00004,1352,3939.852279130064,2,1.2247448713915892,33.44572033016619,0
00004,1354,2970.5721761254417,2,1.2247448713915892,32.07879356314819,0
00004,1356,379.23345526205475,2,1.2247448713915892,13.861216240909103,0
00004,1357,1646.7074443000304,2,1.2247448713915892,23.739434680845633,0
00004,1358,854.7483700823948,2,1.2247448713915892,10.519734890658631,0
00004,1362,394.33935405755886,2,1.2247448713915892,16.540857772386847,0
00004,1366,1218.977920199506,2,1.2247448713915892,26.68888046810706,0
00004,1370,6032.437527244001,2,1.2247448713915892,25.037248392830822,0
00004,1371,1792.5580190977093,2,1.2247448713915892,29.12552165815173,0
00004,1372,1455.6416874776974,2,1.2247448713915892,26.08454155204704,0
00004,1373,1082.273386170502,2,1.2247448713915892,27.680152415056966,0
00004,1376,2095.3254462266987,2,1.2247448713915892,24.39591857664484,0
00004,1377,2631.229437634237,2,1.2247448713915892,21.557934814766824,0
00004,1378,2560.416765865022,2,1.2247448713915892,26.08454155204704,0
00004,1380,3443.524692540509,2,1.2247448713915892,23.406354958115994,0
00004,1381,1562.0397198437229,2,1.2247448713915892,23.616406909744747,0
00004,1383,795.5683314301998,2,1.2247448713915892,24.118284359122466,0
00004,1389,2911.3246624175044,2,1.2247448713915892,18.971803998196425,0
00004,1392,540.1899288552378,2,1.2247448713915892,16.229749253970443,0
00004,1394,556.5466737591534,2,1.2247448713915892,27.043123977840864,0
00004,1400,727.5031473523363,2,1.2247448713915892,23.267470530469677,0
00004,1401,964.0304023851498,2,1.2247448713915892,12.306273651415921,0
00004,1402,365.303117229332,2,1.2247448713915892,24.206160528982046,0
00004,1405,3806.024455459199,2,1.2247448713915892,25.693380904498568,0
00004,1406,1438.6495498007575,2,1.2247448713915892,25.997526992072004,0
00004,1408,560.8666090903724,2,1.2247448713915892,13.934706376086588,0
00004,1410,1065.772839442618,2,1.2247448713915892,27.104916188932375,0
00004,1413,943.1686328639369,2,1.2247448713915892,17.195046407129496,0
00004,1415,1456.072572238304,2,1.2247448713915892,17.064448479603456,0
00004,1417,2193.356632421042,2,1.2247448713915892,26.399191958738758,0
00004,1418,2368.024877588647,2,1.2247448713915892,18.173440075652657,0
00004,1423,402.6576231885408,2,1.2247448713915892,21.783637563936974,0
00004,1424,1768.7374850054348,2,1.2247448713915892,10.00797980144135,0
00004,1425,472.6916210720609,2,1.0,13.540014619565584,0
00004,1428,589.0070785138662,2,1.2247448713915892,26.762188506851494,0
00004,1429,480.265214200868,2,1.2247448713915892,22.98976777360885,0
00004,1430,1643.4950739645528,2,1.2247448713915892,11.453132073492164,0
00004,1431,3057.038724969806,2,1.2247448713915892,18.924644416051258,0
00004,1432,471.9056576077758,2,1.2247448713915892,27.017123217850234,0
00004,1434,1756.6321589544002,2,1.2247448713915892,23.073918065630988,0
00004,1435,3794.82166568019,2,1.2247448713915892,35.858582762828874,0
00004,1436,890.1340622359471,2,1.2247448713915892,17.94525322979282,0
00004,1437,1369.1144324448842,2,1.2247448713915892,15.584095748958754,0
00004,1440,356.08908069361706,2,1.2247448713915892,21.150038738649876,0
00004,1443,656.9775585197599,2,1.2247448713915892,16.924589926702094,0
00004,1445,882.3486715161318,2,1.2247448713915892,14.856628668824463,0
00004,1446,4540.000920523192,2,1.2247448713915892,15.45767419200819,0
00004,1448,2148.360016854688,2,1.2247448713915892,23.739434680845633,0
00004,1450,1536.325657291422,2,1.2247448713915892,15.518078807088285,0
00004,1453,1059.6278921297107,2,1.2247448713915892,22.44163329213636,0
00004,1455,583.6140967817238,2,1.2247448713915892,21.178235067483588,0
00004,1456,1420.1121935001765,2,1.2247448713915892,25.037248392830822,0
00004,1457,411.94694506988606,2,1.2247448713915892,10.804482422975031,0
00004,1460,623.7918964892119,2,1.2247448713915892,23.31822822001259,0
00004,1461,666.0745015364366,2,1.2247448713915892,18.074454837604133,0
00004,1464,3510.3735491047787,2,1.2247448713915892,14.141110233931645,0
00004,1465,646.4713884135231,2,1.2247448713915892,12.329861690210892,0
00004,1468,2218.790901615295,2,1.2247448713915892,23.359124636797223,0
00004,1469,652.3632506733121,2,1.2247448713915892,11.005169367408227,0
00004,1471,1230.659651068524,2,1.2247448713915892,21.93157975026536,0
00004,1472,725.8214164833183,2,1.2247448713915892,19.49798612486769,0
00004,1473,1555.9967661813757,2,1.2247448713915892,24.340646728601822,0
00004,1475,1660.0636164594764,2,1.2247448713915892,22.786497999597128,0
00004,1476,648.4329126405894,2,1.2247448713915892,9.518421787129187,0
00004,1481,3002.458415006878,2,1.2247448713915892,17.717928902398928,0
00004,1484,3289.662350274826,2,1.2247448713915892,32.876902329796756,0
00004,1485,837.7829407103847,2,1.2247448713915892,25.23940182067891,0
00004,1487,2951.7895450616315,2,1.2247448713915892,24.459722039247833,0
00004,1488,1075.0354530190334,2,1.2247448713915892,12.30998866432851,0
00004,1490,3492.519641906626,2,1.2247448713915892,20.969335831000897,0
00004,1491,2982.9311079408926,2,1.2247448713915892,25.17394178746622,0
00004,1493,2351.100735678747,2,1.2247448713915892,22.24902365721237,0
00004,1495,3680.823331880427,2,1.2247448713915892,25.208765296758347,0
00004,1498,1313.365851297765,2,1.2247448713915892,21.823437434483807,0
00004,1500,894.2494895547483,2,1.2247448713915892,30.29055434869685,0
00004,1501,605.7947081783883,2,1.2247448713915892,16.133491286079536,0
00004,1502,2971.7482575995214,2,1.2247448713915892,17.098435345785862,0
00004,1505,1296.551513328313,2,1.2247448713915892,24.206160528982046,0
00004,1506,3209.7381563317545,2,1.2247448713915892,22.546648952176245,0
00004,1508,2426.4937174108895,2,1.2247448713915892,12.079812063484583,0
00004,1509,1355.4711773487998,2,1.2247448713915892,20.510210524013292,0
00004,1511,1126.0186349171463,2,1.2247448713915892,28.0281700079151,0
00004,1513,605.0767404811435,2,1.2247448713915892,24.6504699466639,0
00004,1518,1607.829588452952,2,1.2247448713915892,13.157955671809123,0
00004,1520,583.1152162540773,2,1.2247448713915892,17.036705770022134,0
00004,1525,355.0913196383238,2,1.2247448713915892,27.680152415056966,0
00004,1528,489.479250736583,2,1.2247448713915892,20.296284442065414,0
00004,1529,412.12474477737413,2,1.2247448713915892,15.584095748958754,0
00004,1531,1739.5914442367598,2,1.2247448713915892,17.1018172581828,0
00004,1532,2101.0055108954793,2,1.2247448713915892,22.750976342787652,0
00004,1535,1539.3869362243422,2,1.2247448713915892,27.680152415056966,0
00004,1536,2656.0822513766225,2,1.2247448713915892,15.79316904826399,0
00004,1538,2607.4161931205526,2,1.2247448713915892,27.2121553254954,0
00004,1540,2114.6827638750838,2,1.2247448713915892,16.098933951056857,0
00004,1542,3502.403069098885,2,1.2247448713915892,28.560825217811256,0
00004,1544,760.6815198042942,2,1.2247448713915892,23.33436123590849,0
00004,1545,3141.059448216637,2,1.2247448713915892,23.006003927113397,0
00004,1548,3681.2566666504645,2,1.2247448713915892,19.8192376741559,0
00004,1553,4004.71238245104,2,1.2247448713915892,28.16444324950053,0
00004,1556,3039.0687656752098,2,1.2247448713915892,13.807889908837273,0
00004,1557,1375.7242624019177,2,1.2247448713915892,19.46358094358947,0
00004,1561,632.8961290844788,2,1.2247448713915892,13.807889908837273,0
00004,1562,426.55396333774354,2,1.2247448713915892,19.407386403902745,0
00004,1563,381.160981605601,2,1.2247448713915892,8.784077210318623,0
00004,1565,2539.724716735882,4,32.17141588429082,171.0103902985941,1
00004,1576,6238.519839070324,2,1.2247448713915892,13.022220204498893,0
00004,1579,5751.590857591267,2,1.2247448713915892,23.78981560574778,0
00004,1583,1104.4807058720967,2,1.2247448713915892,13.25057708805898,0
00004,1585,858.9245035896458,2,1.2247448713915892,28.164443249500543,0
00004,1587,2528.4552416379556,2,1.2247448713915892,16.227695169248033,0
00004,1594,848.7127059986377,2,1.2247448713915892,26.565051177077994,0
00004,1597,516.259590822515,2,1.2247448713915892,21.204650697759686,0
00004,1599,391.4820624257595,2,1.0,22.258828634157677,0
00004,1601,950.4211451725857,2,1.2247448713915892,23.267470530469677,0
00004,1604,1335.758260285438,2,1.2247448713915892,23.775333481879997,0
00004,1607,934.5292829127966,2,1.2247448713915892,22.406871204937463,0
00004,1608,820.674230225704,2,1.2247448713915892,20.194836130031195,0
00004,1610,2418.708326691074,2,1.2247448713915892,14.864933005007344,0
00004,1611,3901.8210929357206,2,1.2247448713915892,17.1018172581828,0
00004,1613,872.1708718086438,2,1.2247448713915892,17.34606529266992,0
00004,1616,6025.129148316062,2,1.2247448713915892,20.437366472266525,0
00004,1618,1353.3245638356548,2,1.2247448713915892,12.858084609909714,0
00004,1620,2146.5301653038405,2,1.2247448713915892,12.838513733634722,0
00004,1623,1552.9961934369062,2,1.2247448713915892,18.4484038023116,0
00004,1624,1054.2761978596782,2,1.2247448713915892,11.46077666780586,0
00004,1625,1813.9526670300893,2,1.2247448713915892,22.380135051959563,0
00004,1631,2030.5479178299433,2,1.2247448713915892,23.166286414184405,0
00004,1635,1231.759926485675,2,1.2247448713915892,21.548129137223924,0
00004,1638,444.3733519410789,2,1.2247448713915892,18.51966457208187,0
00004,1641,1079.8396897207188,2,1.2247448713915892,13.184399551949827,0
00004,1642,1260.6183636064138,2,1.2247448713915892,10.12825432156377,0
00004,1643,1668.02680688678,2,1.2247448713915892,13.31607854467245,0
00004,1644,477.797519867565,2,1.2247448713915892,18.51966457208187,0
00004,1648,1353.5436510052532,2,1.2247448713915892,18.572547115711142,0
00004,1649,715.6436167758302,2,1.0,21.783637563936974,0
00004,1651,925.2399610314512,2,1.2247448713915892,11.622601835933631,0
00004,1653,2523.1642535563738,2,1.2247448713915892,17.75279016194669,0
00004,1656,1252.5118920664404,2,1.2247448713915892,21.801409486351798,0
00004,1658,2588.413954175846,2,1.2247448713915892,23.073918065630988,0
00004,1660,3502.814014421854,2,1.2247448713915892,16.835026623031524,0
00004,1666,824.7896575445051,2,1.2247448713915892,26.32950349168489,0
00004,1667,1203.263857647205,2,1.2247448713915892,19.81923767415592,0
00004,1668,2603.1302556728533,2,1.2247448713915892,19.407386403902745,0
00004,1669,1889.2776529951914,2,1.2247448713915892,20.223777597764673,0
00004,1670,884.5972786798367,2,1.2247448713915892,21.561944029260058,0
00004,1672,503.12250583266734,2,1.2247448713915892,29.751254360963532,0
00004,1676,1540.2827036290746,2,1.2247448713915892,25.208765296758347,0
00004,1678,424.08626900444045,2,1.2247448713915892,23.895508186161493,0
00004,1679,458.9803702089364,2,1.2247448713915892,13.19459262439746,0
00004,1680,361.70114959535783,2,1.2247448713915892,26.797257587643006,0
00004,1681,2255.7830392922347,2,1.2247448713915892,17.646101653311163,0
00004,1683,2022.188361236851,2,1.2247448713915892,21.703291364226086,0
00004,1688,2521.523810149466,2,1.2247448713915892,21.926902323080647,0
00004,1693,622.8694207795488,2,1.2247448713915892,24.215481053932187,0
00004,1694,4431.067198056823,2,1.2247448713915892,12.662230230570273,0
00004,1696,1435.0748111830112,2,1.2247448713915892,24.793845119863857,0
00004,1697,4566.214384314437,2,1.2247448713915892,14.246998402381816,0
00004,1699,582.117455198784,2,1.2247448713915892,10.143566626837526,0
00004,1701,3076.320757272561,2,1.2247448713915892,24.206160528982046,0
00004,1702,1365.150096528641,2,1.2247448713915892,25.02935043392373,0
00004,1706,4724.70264286302,2,1.2247448713915892,28.837573622980045,0
00004,1712,2866.9634396241754,2,1.2247448713915892,21.958143195823045,0
00004,1713,525.3371151128521,2,1.2247448713915892,17.360742478780665,0
00004,1715,4305.348295935362,2,1.2247448713915892,15.802513953935541,0
00004,1716,656.5393841805632,2,1.2247448713915892,19.73887490104932,0
00004,1717,4754.423370216268,2,1.2247448713915892,16.029423979820876,0
00004,1718,1584.1450458947575,2,1.2247448713915892,12.646669179823954,0
00004,1719,5098.297841629701,2,1.2247448713915892,19.827028653408192,0
00004,1721,2929.676929432007,2,1.2247448713915892,15.964708382482526,0
00004,1722,368.2356942067616,2,1.2247448713915892,23.073918065630988,0
00004,1727,2318.2847315090576,2,1.2247448713915892,21.473155050367595,0
00004,1730,944.7410805038046,2,1.2247448713915892,10.58092894199034,0
00004,1733,4279.728937455031,2,1.2247448713915892,22.05191927928608,0
00004,1735,6932.058129795121,2,1.2247448713915892,21.34762869067621,0
00004,1737,5400.128213891847,2,1.2247448713915892,15.68519223515029,0
00004,1739,2792.329713051388,2,1.2247448713915892,19.34026257571964,0
00004,1743,1506.4349405205726,2,1.2247448713915892,24.6504699466639,0
00004,1744,2495.926320404905,2,1.2247448713915892,25.23940182067893,0
00004,1745,3429.436494237935,2,1.2247448713915892,13.556761408963023,0
00004,1747,9284.21301385975,2,1.2247448713915892,13.34138332450906,0
00004,1748,2094.6074785294536,2,1.2247448713915892,13.34138332450906,0
00004,1750,2846.8954438571354,2,1.2247448713915892,19.839152544388792,0
00004,1752,484.12026688796055,2,1.2247448713915892,26.097452390693757,0
00004,1755,1507.152908217818,2,1.2247448713915892,21.301624625646216,0
00004,1758,1119.1630094855846,2,1.2247448713915892,22.93113495243805,0
00004,1761,512.6916210720609,2,1.2247448713915892,16.24428103931577,0
00004,1762,1158.9099244324655,2,1.2247448713915892,13.47558704772299,0
00004,1764,1980.6237238868707,2,1.2247448713915892,10.387177891007045,0
00004,1765,1002.4506651666921,2,1.0,19.471220634490713,0
00004,1769,389.7323357897014,2,1.2247448713915892,27.680152415056966,0
00004,1771,1319.6424712868911,2,1.7320508075688774,26.097452390693743,0
00004,1772,1024.7483700823948,2,1.2247448713915892,14.25003269780357,0
00004,1778,8636.524777221335,2,1.2247448713915892,16.642675087431623,0
00004,1780,2659.4481631240897,2,1.2247448713915892,19.8192376741559,0
00004,1786,3017.148528910254,2,1.2247448713915892,16.835026623031524,0
00004,1787,5233.211361560537,2,1.2247448713915892,14.044199143931941,0
00004,1789,3692.8533725858315,2,1.2247448713915892,15.110151390214007,0
00004,1795,2449.596804517217,2,1.2247448713915892,15.824306329756242,0
00004,1797,1698.2798919398983,2,1.2247448713915892,17.854664735460258,0
00004,1798,588.2211150495813,2,1.2247448713915892,12.43161724367092,0
00004,1799,1135.697554096988,2,1.2247448713915892,24.6504699466639,0
00004,1804,9164.622234313698,4,15.116216457830973,139.82638440044056,1
00004,1806,836.498096718453,2,1.2247448713915892,23.073918065630988,0
00004,1807,704.8236554280252,2,1.2247448713915892,22.44163329213636,0
00004,1809,5899.877578848159,2,1.2247448713915892,19.810259091528202,0
00004,1812,2399.2824925643513,2,1.2247448713915892,16.97848175519271,0
00004,1816,4865.406552114382,2,1.2247448713915892,17.098435345785862,0
00004,1817,2252.2150695417804,2,1.2247448713915892,17.99534139281601,0
00004,1818,5653.559671396923,2,1.2247448713915892,21.80140948635181,0
00004,1820,6570.75386707685,2,1.2247448713915892,29.061756574735647,0
00004,1821,5136.075942770926,2,1.2247448713915892,21.178235067483588,0
00004,1823,1846.8026690832985,2,1.2247448713915892,13.967881205170064,0
00004,1825,1393.1472848394642,2,1.2247448713915892,12.094158210914713,0
00004,1826,358.7685726179282,2,1.2247448713915892,8.466899406704906,0
00004,1827,1241.3023334201384,2,1.2247448713915892,13.745158498284237,0
00004,1828,2221.1420231408574,2,1.2247448713915892,21.801409486351798,0
00004,1829,1174.6585055795845,2,1.2247448713915892,23.166286414184405,0
00004,1830,3228.6718787981235,2,1.2247448713915892,20.04997572415149,0
00004,1832,399.23345526205475,2,1.2247448713915892,29.451938756638977,0
00004,1833,5487.935473347432,2,1.2247448713915892,18.173440075652632,0
00004,1834,2057.9442319625596,2,1.2247448713915892,24.6504699466639,0
00004,1837,3094.393751640312,2,1.2247448713915892,14.372517731979931,0
00004,1839,4804.839155108397,2,1.2247448713915892,23.073918065630988,0
00004,1840,1302.0203011173835,2,1.2247448713915892,15.684206202064507,0
00004,1842,2964.824115689621,2,1.2247448713915892,19.949727686642238,0
00004,1844,1682.7431083837882,2,1.2247448713915892,32.56543877383123,0
00004,1846,2285.393441993739,2,1.2247448713915892,17.17513630996075,0
00004,1850,737.8927446508326,2,1.2247448713915892,22.00943362751226,0
00004,1854,746.7851796550914,2,1.2247448713915892,19.790179464090663,0
00004,1856,1270.1534809622876,2,1.2247448713915892,16.24428103931577,0
00004,1858,1977.8781654936524,2,1.7320508075688774,15.942368605628612,0
00004,1861,2332.679952185907,2,1.2247448713915892,23.03308470592211,0
00004,1862,4229.010449046489,2,1.2247448713915892,16.822450439534624,0
00004,1864,1901.9498553409126,2,1.2247448713915892,15.680237708670893,0
00004,1866,1431.0006713263197,2,1.2247448713915892,13.932443081921841,0
00004,1867,1104.733790925215,2,1.2247448713915892,35.264389682754654,0
00004,1868,907.8927446508326,2,1.2247448713915892,15.528845563741347,0
00004,1869,801.4601936899891,2,1.1010205144336438,17.34606529266992,0
00004,1873,710.3944368676558,2,1.2247448713915892,22.380135051959563,0
00004,1875,2393.7609867818596,3,4.183300132670378,75.77809559924619,1
00004,1877,2080.733007116022,2,1.2247448713915892,22.380135051959563,0
00004,1879,3487.092662290963,2,1.2247448713915892,25.575034765053353,0
00004,1881,1841.8060535169448,2,1.2247448713915892,13.184399551949827,0
00004,1883,1052.7722666981483,2,1.2247448713915892,12.094158210914713,0
00004,1885,1904.731340915784,2,1.2247448713915892,21.649213489221076,0
00004,1886,637.7562324054546,2,1.2247448713915892,26.385972305582623,0
00004,1889,3099.14405102084,2,1.2247448713915892,22.44163329213636,0
00004,1890,900.9200257002323,2,1.2247448713915892,23.267470530469677,0
00004,1891,3015.787878861394,2,1.2247448713915892,13.44006479797696,0
00004,1893,1783.4197886189227,2,1.2247448713915892,12.925766337790986,0
00004,1894,445.05003217621356,2,1.2247448713915892,17.064448479603456,0
00004,1897,607.2913497613282,2,1.2247448713915892,19.616740920543943,0
00004,1898,658.7199955772279,2,1.2247448713915892,23.073918065630988,0
00004,1901,1618.2798919398983,2,1.2247448713915892,27.35629171883813,0
00004,1904,4109.9402143347415,2,1.2247448713915892,17.834593749810075,0
00004,1909,1403.3585617191748,2,1.2247448713915892,21.167823668492172,0
00004,1911,508.23569420676154,2,1.7320508075688774,16.227695169248033,0
00004,1912,412.6576231885408,2,1.2247448713915892,19.927139727099334,0
00004,1915,2282.6799521859075,2,1.2247448713915892,26.565051177077994,0
00004,1916,1445.5391731158393,2,1.2247448713915892,19.34026257571964,0
00004,1917,917.7416532482745,2,1.2247448713915892,32.56543877383123,0
00004,1918,1289.087724139954,2,1.2247448713915892,13.65916907302975,0
00004,1921,1913.412499040332,2,1.2247448713915892,11.005169367408227,0
00004,1922,402.4118277140126,2,1.2247448713915892,25.208765296758347,0
00004,1923,486.2668804011051,2,1.2247448713915892,23.55341020033756,0
00004,1925,854.3174853217884,2,1.2247448713915892,20.04997572415149,0
00004,1928,609.4719611579927,2,1.2247448713915892,18.73599759140695,0
00004,1933,815.5343335466799,2,1.2247448713915892,25.97248970848505,0
00004,1934,881.5699976304371,2,1.2247448713915892,17.360742478780665,0
00004,1941,460.44301390835614,2,1.2247448713915892,8.719411308414095,0
00004,1942,440.90789655248267,2,1.2247448713915892,13.56045681255747,0
00004,1943,605.8287060619084,2,1.2247448713915892,15.243766940116622,0
00004,1945,533.3415930022657,2,1.7320508075688774,15.64522260693039,0
00004,1951,518.7345747344082,2,1.7320508075688774,15.81630484821699,0
00004,1952,3442.7732476710416,2,1.2247448713915892,13.26537940535771,0
00004,1957,899.102303297134,2,1.2247448713915892,6.581944655178083,0
00004,1958,497.7295241005248,2,1.2247448713915892,18.78577116258147,0
00004,1959,476.26688040110514,2,1.2247448713915892,11.534960329839,0
00004,1961,1043.4562365118732,2,1.2247448713915892,10.785276718216169,0
00004,1962,525.2618297672218,2,1.2247448713915892,15.392350898190447,0
00004,1968,1182.2733861705017,2,1.2247448713915892,12.88107704913421,0
00004,1973,352.37782983049254,2,1.2247448713915892,8.932903894554817,0
00004,1982,366.77305050734185,2,1.2247448713915892,9.97856034415482,0
00004,1986,738.6447102315976,2,1.2247448713915892,18.756258058384674,0
00004,1988,1085.0087447141036,2,1.7320508075688774,12.35489466157231,0
00004,1997,371.62586424972756,2,1.2247448713915892,8.719411308414095,0
00004,2004,422.62362530502077,2,1.2247448713915892,7.861753475706927,0
00004,2005,1413.9405378823394,2,1.2247448713915892,9.865806943084403,0
00004,2016,4944.204283046671,2,1.2247448713915892,10.69404695797708,0
00004,2021,1003.5873884767938,2,1.7320508075688774,12.679731201795896,0
00004,2023,7477.62943194605,2,1.2247448713915892,13.184399551949827,0
00004,2024,540.6548114993642,2,1.2247448713915892,11.266189777038273,0
00004,2025,3051.2226687669445,2,1.2247448713915892,13.25205512596847,0
00004,2030,2754.422909954673,2,1.2247448713915892,11.45057553871207,0
00004,2033,1995.2472506100416,2,1.7320508075688774,14.940300798080441,0
00004,2034,2751.1760210243774,2,1.2247448713915892,14.96676089459534,0
00004,2037,1490.0029102710264,2,1.2247448713915892,16.15900898635687,0
00004,2040,1655.6489770562875,2,1.2247448713915892,15.06646419989193,0
00004,2044,1658.4576916473866,2,1.2247448713915892,10.018575415478931,0
00004,2048,642.0761677366737,2,1.2247448713915892,11.748477812877717,0
00004,2055,379.6983379061813,2,1.2247448713915892,11.005169367408227,0
00004,2065,728.6447102315975,2,1.2247448713915892,11.569395781341242,0
00004,2071,5753.6616650474825,2,1.2247448713915892,12.996691136977345,0
00004,2073,1310.2632849027354,2,1.2247448713915892,13.25057708805898,0
00004,2078,468.9803702089364,2,1.2247448713915892,12.925766337790986,0
00004,2083,1451.8425014098952,2,1.2247448713915892,14.594491217911127,0
00004,2085,350.9151861310728,2,1.2247448713915892,9.865806943084403,0
00004,2093,460.90789655248267,2,1.2247448713915892,10.102611791687565,0
00004,2106,1594.2470395453179,2,1.2247448713915892,10.222179390577448,0
00004,2110,478.48148968128976,2,1.2247448713915892,16.33471309151125,0
00004,2111,1068.883216127536,2,1.2247448713915892,13.341383324509087,0
00004,2112,1202.7382688146286,2,1.2247448713915892,14.620873988631672,0
00004,2113,566.0137953479866,2,1.2247448713915892,15.95031652491279,0
00004,2118,1526.7905399355486,2,1.2247448713915892,9.978560344154785,0
00004,2119,558.4742001026996,2,1.2247448713915892,12.094158210914713,0
00004,2125,610.6548114993642,2,1.2247448713915892,11.324410616995431,0
00004,2127,422.1247447773742,2,1.2247448713915892,10.388339351821067,0
00004,2128,1187.6396595977149,2,1.2247448713915892,12.095453544836307,0
00004,2138,864.8042367016853,2,1.7320508075688774,11.919461487010038,0
00004,2146,690.3604389841356,2,1.2247448713915892,9.46232220802565,0
00004,2147,1094.166914630528,2,1.2247448713915892,9.124495466661493,0
00004,2158,1716.2037242032243,2,1.7320508075688774,17.622325575320776,0
00004,2163,2447.583792978424,2,1.7320508075688774,12.591816277789961,0
00004,2165,415.3104068079221,2,1.7320508075688774,12.739878369558308,0
00004,2176,898.1385401253608,2,1.2247448713915892,13.184399551949827,0
00004,2185,382.16603223948437,2,1.2247448713915892,11.26818981387327,0
00004,2189,1820.706298811091,2,1.2247448713915892,13.240519915187184,0
00004,2192,867.6736574812343,2,1.2247448713915892,10.519734890658631,0
00004,2193,869.6424712868908,2,1.2247448713915892,11.453132073492164,0
00004,2194,4927.959271381335,2,1.2247448713915892,17.1018172581828,0
00004,2195,2492.7897561263553,2,1.2247448713915892,10.785276718216169,0
00004,2205,454.08626900444045,2,1.2247448713915892,10.276260108081672,0
00004,2216,1034.05711069008,2,1.2247448713915892,28.0281700079151,0
00004,2236,1963.0987077987638,2,1.2247448713915892,13.676355848403206,0
00004,2237,428.0166070371633,2,1.2247448713915892,21.178235067483588,0
00004,2243,426.0623723886871,2,1.7320508075688774,11.837799174187134,0
00004,2246,465.56349186104046,2,1.4142135623730951,11.42118627499929,0
00004,2256,1080.3385702483654,2,1.2247448713915892,10.388339351821067,0
00004,2258,482.869420779549,2,1.2247448713915892,21.204650697759686,0
00004,2265,2040.1515516641543,2,1.2247448713915892,13.003911942822842,0
00004,2267,1719.7838231014284,2,1.2247448713915892,13.60849010789333,0
00004,2268,403.37559088578575,2,1.2247448713915892,12.309162705981812,0
00004,2273,358.73457473440817,2,1.2247448713915892,11.728583699790743,0
00004,2283,1979.4748714290195,2,1.2247448713915892,13.942518488812661,0
00004,2285,408.73457473440817,2,1.2247448713915892,8.142984531515577,0
00004,2287,507.0188459818701,2,1.2247448713915892,11.324410616995431,0
00004,2293,390.1632205503078,2,1.2247448713915892,12.838513733634722,0
00004,2295,374.83823458520544,2,1.2247448713915892,14.426682954613694,0
00004,2296,995.4517586224595,2,1.2247448713915892,13.184399551949827,0
00004,2297,947.6323700191241,2,1.2247448713915892,8.739037666144998,0
00004,2298,369.6983379061813,2,1.2247448713915892,11.140663704032802,0
00004,2299,639.2188761048744,2,1.2247448713915892,18.86987748008776,0
00004,2303,611.365489618019,2,1.2247448713915892,10.022764500437821,0
00004,2307,695.0840300597337,2,1.2247448713915892,15.942368605628612,0
00004,2311,891.6112850925472,2,1.2247448713915892,13.706961004079837,0
00004,2312,1426.4082322156423,2,1.2247448713915892,11.101504061523428,0
00004,2313,420.40901602483603,2,1.2247448713915892,9.32832813622616,0
00004,2324,667.9680299964629,2,1.2247448713915892,9.965626428315325,0
00004,2327,834.4685767243466,2,1.2247448713915892,11.099484429062267,0
00004,2328,560.8666090903724,2,1.2247448713915892,7.932034576987828,0
00004,2329,624.7969471230952,2,1.2247448713915892,12.131744359753604,0
00004,2333,362.4118277140126,2,1.2247448713915892,12.265003153107942,0
00004,2336,1150.8107424710824,2,1.2247448713915892,11.45057553871207,0
00004,2340,366.05508281009696,2,1.2247448713915892,14.063773932729447,0
00004,2347,1796.6321589544004,2,1.2247448713915892,13.509803953281416,0
00004,2348,1644.711922189444,2,1.2247448713915892,12.872977151741146,0
00004,2350,2325.2501608810685,2,1.2247448713915892,17.405157830624827,0
00004,2351,407.23064357287825,2,1.2247448713915892,13.25057708805898,0
00004,2362,1316.1551471625248,2,1.2247448713915892,12.094158210914713,0
00004,2364,1513.2784368043854,2,1.7320508075688774,16.684328403835064,0
00004,2366,936.9896876675094,2,1.2247448713915892,11.130647700577855,0
00004,2369,439.15816991642447,2,1.2247448713915892,8.747040881616211,0
00004,2375,352.1733218180745,2,1.7320508075688774,12.604382648379175,0
00004,2380,3436.8055793543244,2,1.2247448713915892,11.787368954322078,0
00004,2382,1033.2371493422747,2,1.2247448713915892,8.719411308414095,0
00004,2387,1217.7343636696846,2,1.2247448713915892,13.851641211614359,0
00004,2394,602.8354228960288,2,1.2247448713915892,15.668246370509625,0
00004,2396,1608.172538008881,2,1.7320508075688774,17.039675081489044,0
00004,2400,6149.254835934181,2,1.2247448713915892,15.124007308310608,0
00004,2401,1042.8062645816683,2,1.2247448713915892,25.514916337235167,0
00004,2404,4833.2065219913775,2,1.2247448713915892,11.324410616995431,0
00004,2405,3889.5651961934263,2,1.2247448713915892,13.162288268748584,0
00004,2407,701.6452829760674,2,1.2247448713915892,12.051553463954807,0
00004,2409,1021.7745056428552,2,1.2247448713915892,8.929976487071466,0
00004,2423,421.62586424972756,2,1.2247448713915892,9.90916697122512,0
00004,2424,782.5337608022099,2,1.2247448713915892,17.70008631265546,0
00004,2428,468.19440674465136,2,1.2247448713915892,8.719411308414095,0
00004,2431,606.0065057693965,2,1.2247448713915892,8.728370269080637,0
00004,2432,4333.310965651368,2,1.2247448713915892,17.17513630996075,0
00004,2434,4930.164141073499,2,1.2247448713915892,15.860885753822314,0
00004,2436,1710.2414161669644,2,1.2247448713915892,16.699244233993635,0
00004,2444,778.6519998101877,2,1.2247448713915892,15.64522260693039,0
00004,2451,1386.6127402280604,2,1.2247448713915892,10.524834170647566,0
00004,2453,3517.0780831337825,2,1.2247448713915892,15.076140390093636,0
00004,2455,411.6938600167677,2,1.2247448713915892,16.40485009561975,0
00004,2470,445.337115112852,2,1.2247448713915892,13.73626830562258,0
00004,2474,352.91070824165917,2,1.2247448713915892,11.037738231712137,0
00004,2479,654.0449815423302,2,1.2247448713915892,13.003911942822842,0
00004,2480,598.9730806303462,2,1.2247448713915892,12.095453544836277,0
00004,2482,376.2668804011051,2,1.2247448713915892,7.905872154844837,0
00004,2485,698.4742001026996,2,1.2247448713915892,11.005169367408227,0
00004,2489,855.7461311376882,2,1.2247448713915892,9.031137412859803,0
00004,2490,1163.7700277534414,2,1.2247448713915892,13.003911942822842,0
00004,2493,1682.7018209216776,2,1.2247448713915892,9.995884054018944,0
00004,2494,737.5104369309265,2,1.2247448713915892,11.101504061523428,0
00004,2496,1438.574264455127,2,1.2247448713915892,10.388339351821067,0
00004,2509,1483.0374808990168,2,1.2247448713915892,16.38622606221968,0
00004,2511,4749.098384251167,2,1.2247448713915892,12.659582076362767,0
00004,2513,786.2523012439248,2,1.2247448713915892,18.51966457208187,0
00004,2514,675.0840300597337,2,1.2247448713915892,13.652068961352898,0
00004,2517,361.20226906771126,2,1.2247448713915892,15.32233264879734,0
00004,2523,3958.8404596288883,2,1.2247448713915892,14.864933005007366,0
00004,2524,1293.777317332032,2,1.2247448713915892,13.25057708805898,0
00004,2526,697.0722625917298,2,1.0,17.652682048706215,0
00004,2535,372.8767103581391,2,1.2247448713915892,12.529743331634991,0
00004,2536,1092.4851837615101,2,1.2247448713915892,15.661521917603526,0
00004,2539,625.2958276507417,2,1.2247448713915892,11.194506846391487,0
00004,2541,2316.1726365907307,2,1.2247448713915892,13.676355848403206,0
00004,2544,1499.749825217908,2,1.2247448713915892,12.309162705981842,0
00004,2550,420.4090160248361,2,1.2247448713915892,8.841814560191713,0
00004,2556,651.1196941434907,2,1.2247448713915892,14.594491217911127,0
00004,2557,385.303117229332,2,1.2247448713915892,9.978560344154785,0
00004,2559,1716.3183677128322,2,1.2247448713915892,14.594491217911127,0
00004,2560,2056.4742986845495,2,1.2247448713915892,14.503656367681282,0
00004,2561,465.5489127038602,2,1.2247448713915892,9.714329256091242,0
00004,2565,360.45030348694627,2,1.2247448713915892,11.26818981387327,0
00004,2568,1219.6206025511206,2,1.2247448713915892,24.61384785941666,0
00004,2575,511.9056576077759,2,1.2247448713915892,18.84172493503722,0
00004,2579,534.2980665954486,2,1.2247448713915892,14.112962817904242,0
00004,2587,1948.197317015678,2,1.2247448713915892,15.476117263811327,0
00004,2589,5790.079116139848,2,1.2247448713915892,15.759929289941796,0
00004,2591,3310.772365279998,2,1.2247448713915892,12.98147121077124,0
00004,2593,6137.064484949496,2,1.2247448713915892,16.33471309151125,0
00004,2595,623.3343034236755,2,1.2247448713915892,17.17513630996075,0
00004,2597,921.8157931049652,2,1.2247448713915892,13.676355848403206,0
00004,2599,437.2646414563983,2,1.2247448713915892,9.474875744429848,0
00004,2601,817.7295241005247,2,1.7320508075688774,12.591816277789961,0
00004,2602,607.7222345219345,2,1.2247448713915892,11.13765606396626,0
00004,2604,501.6185746711374,2,1.2247448713915892,9.446232772414904,0
00004,2609,505.05732175480375,2,1.7320508075688774,12.024257783746872,0
00004,2616,3695.9370409658195,2,1.2247448713915892,12.274621909145797,0
00004,2623,723.7918964892118,2,1.2247448713915892,8.719411308414095,0
00004,2624,355.1253175218439,2,1.0,16.260204708311967,0
00004,2626,383.37559088578575,2,1.2247448713915892,8.719411308414095,0
00004,2628,1268.5888436123073,2,1.2247448713915892,11.931837528660528,0
00004,2634,561.8303722621456,2,1.2247448713915892,12.659582076362767,0
00004,2636,4532.544420913422,2,1.2247448713915892,16.911196742940916,0
00004,2638,4232.339912901005,2,1.2247448713915892,15.246616019509633,0
00004,2644,847.427862006706,2,1.2247448713915892,10.394768281368655,0
00004,2645,596.9362710576496,2,1.2247448713915892,9.474875744429848,0
00004,2651,731.8230826835553,2,1.2247448713915892,10.519734890658631,0
00004,2653,441.6598621332476,2,1.2247448713915892,14.246998402381816,0
00004,2654,513.0885079491472,2,1.2247448713915892,14.381156095361318,0
00004,2657,943.2857263829751,2,1.2247448713915892,14.458287920298085,0
00004,2666,461.8716597242558,2,1.2247448713915892,9.082304254900992,0
00004,2668,1504.8630135920025,2,1.2247448713915892,15.84769634961371,0
00004,2670,408.51548756480986,2,1.2247448713915892,9.32832813622616,0
00004,2671,502.869420779549,2,1.2247448713915892,23.55341020033756,0
00004,2672,352.4118277140126,2,1.2247448713915892,11.891470755466127,0
00004,2675,1167.9121633771729,2,1.2247448713915892,12.914009847477482,0
00004,2683,483.87447141343233,2,1.2247448713915892,12.30998866432854,0
00004,2684,676.7924692336817,2,1.2247448713915892,21.548129137223924,0
00004,2685,357.51772650951665,2,1.2247448713915892,11.365430463313306,0
00004,2686,1272.47789418292,2,1.2247448713915892,9.239552728042577,0
00004,2687,754.5365724913868,2,1.2247448713915892,14.458287920298085,0
00004,2690,418.19440674465136,2,1.2247448713915892,8.719411308414095,0
00004,2692,526.9775585197598,2,1.2247448713915892,11.534960329839032,0
00004,2693,394.33935405755886,2,1.2247448713915892,10.063264816911072,0
00004,2695,530.3677285627258,2,1.2247448713915892,11.093723011557817,0
00004,2696,519.2334552620548,2,1.2247448713915892,14.594491217911127,0
00004,2701,506.7244734666415,2,1.2247448713915892,15.368545264137097,0
00004,2703,3512.403069098885,2,1.2247448713915892,14.141110233931645,0
00004,2704,2919.2077279300183,2,1.2247448713915892,18.01218167383045,0
00004,2706,538.727285155818,2,1.2247448713915892,15.415537489646585,0
00004,2712,870.1000643524271,2,1.2247448713915892,14.246998402381816,0
00004,2713,402.4458255975327,2,1.2247448713915892,14.780870598600615,0
00004,2717,6568.096764599606,2,1.2247448713915892,15.645222606930416,0
00004,2718,646.2183033604048,2,1.2247448713915892,27.24122202228699,0
00004,2721,501.1536920270109,2,1.2247448713915892,13.46020135086814,0
00004,2726,1531.998432381613,2,1.2247448713915892,13.494940399463873,0
00004,2728,354.5924391106772,2,1.2247448713915892,11.26818981387327,0
00004,2730,614.2907770168583,2,1.2247448713915892,11.395654497720006,0
00004,2734,1275.006294704673,2,1.2247448713915892,16.77590820749071,0
00004,2739,1294.2956165860178,2,1.2247448713915892,10.785276718216169,0
00004,2742,863.0399309084469,2,1.2247448713915892,14.458287920298085,0
00004,2744,1413.8992504202292,2,1.2247448713915892,9.965626428315325,0
00004,2745,604.0789794258503,2,1.2247448713915892,10.276260108081672,0
00004,2747,556.7244734666415,2,1.2247448713915892,9.446232772414904,0
00004,2752,488.4474917977697,2,1.2247448713915892,10.98865109649398,0
00004,2753,1892.1956508154406,2,1.2247448713915892,10.063264816911072,0
00004,2754,731.399487501539,2,1.2247448713915892,12.429207874352898,0
00004,2759,499.19216779994457,2,1.2247448713915892,11.101504061523428,0
00004,2762,1422.2320987083917,2,1.2247448713915892,11.453132073492164,0
00004,2763,705.0427425976234,2,1.2247448713915892,11.742835847954902,0
00004,2769,491.9056576077758,2,1.2247448713915892,11.194506846391487,0
00004,2771,675.54162312527,2,1.2247448713915892,9.888304704468789,0
00004,2774,540.1559309717177,2,1.2247448713915892,11.093723011557817,0
00004,2780,371.4140666587194,2,1.2247448713915892,14.426417022399677,0
00004,2781,3955.389062686175,2,1.2247448713915892,16.029423979820876,0
00004,2783,784.5705703749067,2,1.2247448713915892,25.841932763167126,0
00004,2784,732.8621312009587,2,1.2247448713915892,16.21161171761184,0
00004,2785,879.4039653909527,2,1.7320508075688774,12.260378212296978,0
00004,2794,640.9006069738923,2,1.2247448713915892,12.30998866432854,0
00004,2799,1586.1065701218236,2,1.2247448713915892,13.56045681255747,0
00004,2800,685.7534207162782,2,1.2247448713915892,14.620873988631672,0
00004,2801,462.62362530502077,2,1.2247448713915892,12.631464486544644,0
00004,2803,2626.754092042598,2,1.2247448713915892,14.458287920298085,0
00004,2804,1147.1261999128874,2,1.2247448713915892,21.800139040375505,0
00004,2805,1007.2014852585177,2,1.2247448713915892,27.548452132323202,0
00004,2807,1193.7287402913316,2,1.2247448713915892,20.10347160955025,0
00004,2809,2349.1537906088615,2,1.2247448713915892,15.476117263811327,0
00004,2810,912.3219632112019,2,1.2247448713915892,14.76255635220315,0
00004,2812,416.7657609287517,2,1.2247448713915892,8.347689227410978,0
00004,2813,427.2719310349884,2,1.2247448713915892,15.364658004399262,0
00004,2815,2657.593992828041,2,1.2247448713915892,16.835026623031524,0
00004,2816,1498.997859637143,2,1.2247448713915892,10.893394649130897,0
00004,2824,1512.4293171422196,2,1.2247448713915892,10.359260298727287,0
00004,2832,841.603995513957,2,1.2247448713915892,9.736860108405827,0
00004,2839,1809.2096572281512,2,1.2247448713915892,12.419622573514463,0
00004,2845,533.3683013071956,2,1.2247448713915892,10.394768281368655,0
00004,2849,1574.8970114755225,2,1.2247448713915892,9.161210360128518,0
00004,2851,355.5902001659704,2,1.2247448713915892,11.093723011557817,0
00004,2854,480.2385058959381,2,1.7320508075688774,17.622325575320776,0
00004,2855,418.4814896812898,2,1.2247448713915892,15.584095748958754,0
00004,2856,647.4351515852962,2,1.2247448713915892,9.239552728042577,0
00004,2861,612.8281333174388,2,1.2247448713915892,8.929976487071507,0
00004,2864,755.337115112852,2,1.7320508075688774,12.604382648379175,0
00004,2869,358.73457473440817,2,1.2247448713915892,13.60849010789333,0
00004,2870,649.4719611579928,2,1.2247448713915892,11.995459126704013,0
00004,2875,2094.1911729260273,2,1.2247448713915892,11.748477812877717,0
00004,2878,355.55620228245033,2,1.2247448713915892,11.26818981387327,0
00004,2879,1109.4452528530628,2,1.7320508075688774,12.260378212296978,0
00004,2880,434.83823458520544,2,1.2247448713915892,10.222179390577448,0
00004,2881,438.69328727229794,2,1.2247448713915892,7.016550102774019,0
00004,2883,947.3865745445958,2,1.2247448713915892,10.354364895193218,0
00004,2888,593.1565037161872,2,1.2247448713915892,13.30392849948221,0
00004,2891,457.5177265095167,2,1.2247448713915892,14.390575635315713,0
00004,2895,859.136301180654,2,1.2247448713915892,8.719411308414095,0
00004,2906,1240.762165430382,2,1.2247448713915892,8.929976487071507,0
00004,2911,1345.9360599929264,2,1.2247448713915892,11.099241157764162,0
00004,2913,1042.5604691071403,2,1.2247448713915892,13.56045681255747,0
00004,2924,850.1073539310173,2,1.2247448713915892,13.157955671809123,0
00004,2925,357.2719310349884,2,1.2247448713915892,9.574227885091826,0
00004,2932,2829.2611445398784,2,1.2247448713915892,10.191946243077876,0
00004,2935,1052.9986434463367,2,1.2247448713915892,16.422718436738947,0
00004,2937,1176.4082322156428,2,1.2247448713915892,15.148111449190639,0
00004,2941,946.2037242032244,2,1.2247448713915892,11.976725812374122,0
00004,2952,582.6163357264305,2,1.2247448713915892,7.482708372354188,0
00004,2953,498.69328727229794,2,1.2247448713915892,11.534960329839,0
00004,2954,1329.7984022586083,2,1.2247448713915892,10.655306050803242,0
00004,2958,646.0065057693965,2,1.2247448713915892,12.88107704913421,0
00004,2959,357.0188459818701,2,1.2247448713915892,11.266114796375659,0
00004,2960,417.5177265095167,2,1.2247448713915892,11.5369590328155,0
00004,2961,476.0550828100969,2,1.2247448713915892,10.44004696091098,0
00004,2968,966.6686068473509,2,1.2247448713915892,13.184399551949827,0
00004,2977,367.51772650951665,2,1.2247448713915892,9.239552728042577,0
00004,2978,625.7534207162782,2,1.2247448713915892,13.676355848403206,0
00004,2980,733.7506090271016,2,1.2247448713915892,9.32832813622616,0
00004,2987,2996.6788066969675,2,1.2247448713915892,22.380135051959563,0
00004,2996,444.0522711209204,2,1.2247448713915892,11.099484429062267,0
00004,2997,1614.636636843814,2,1.2247448713915892,10.71069475421122,0
00004,3007,465.5489127038602,2,1.2247448713915892,8.719411308414095,0
00004,3009,1058.104542241841,2,1.2247448713915892,9.865806943084403,0
00004,3010,453.5873884767939,2,1.2247448713915892,11.50456560066068,0
00004,3011,704.3247749003785,2,1.2247448713915892,12.88107704913421,0
00004,3016,1709.2582342688515,2,1.2247448713915892,11.679194385434043,0
00004,3017,673.5388114360935,2,1.2247448713915892,7.932034576987828,0
00004,3026,543.5461010146836,2,1.2247448713915892,11.77172574335181,0
00004,3029,649.1921677999445,2,1.2247448713915892,10.933567178524408,0
00004,3034,1446.858535702589,2,1.2247448713915892,15.368545264137097,0
00004,3035,523.0472204870371,2,1.2247448713915892,14.961472674128801,0
00004,3036,421.65986213324766,2,1.2247448713915892,10.82279452002857,0
00004,3040,686.4713884135231,2,1.2247448713915892,10.394768281368655,0
00004,3041,1720.4192158744527,2,1.2247448713915892,12.659582076362767,0
00004,3042,5255.577062243279,2,1.2247448713915892,10.433942488838264,0
00004,3044,684.8236554280251,2,1.2247448713915892,16.098933951056857,0
00004,3054,1634.8630135920025,2,1.2247448713915892,10.933567178524408,0
00004,3056,420.6621010779544,2,1.2247448713915892,9.598709885735705,0
00004,3058,720.647521920774,2,1.2247448713915892,18.173440075652632,0
00004,3060,835.746131137688,2,1.2247448713915892,10.558093513803357,0
00004,3065,1112.8475520437792,3,14.849242404917497,142.43417847825805,1
00004,3068,411.160981605601,2,1.2247448713915892,10.394768281368655,0
00004,3070,379.4938298937633,2,1.7320508075688774,14.940300798080441,0
00004,3072,1531.0079609049099,2,1.2247448713915892,15.392839747168834,0
00004,3074,2308.640330924034,2,1.2247448713915892,14.426682954613694,0
00004,3077,456.8070483908619,2,1.4348778704286018,10.844500067342418,0
00004,3078,464.83823458520544,2,1.2247448713915892,20.02298713159381,0
00004,3081,598.2211150495813,2,1.2247448713915892,9.978560344154785,0
00004,3083,435.8019977569786,2,1.2247448713915892,9.888304704468789,0
00004,3085,408.48877925987995,2,1.7320508075688774,10.673978179083592,0
00004,3088,631.6598621332477,2,1.7320508075688774,13.754420596284296,0
00004,3107,493.12250583266734,2,1.2247448713915892,14.594491217911127,0
00004,3108,1382.5046024878502,2,1.2247448713915892,18.058192439712705,0
00004,3109,4570.466323878616,2,1.2247448713915892,10.388339351821067,0
00004,3112,493.1297954112575,2,1.7320508075688774,12.260378212296978,0
00004,3117,353.3755908857857,2,1.2247448713915892,13.81539791643852,0
00004,3118,1047.2014852585176,2,1.2247448713915892,14.044199143931941,0
00004,3123,972.9913538677465,2,1.2247448713915892,12.116916194501094,0
00004,3128,870.3871472890656,2,1.2247448713915892,13.25057708805898,0
00004,3130,378.0166070371633,2,1.2247448713915892,9.768869938463755,0
00004,3131,1791.4582643918561,2,1.2247448713915892,12.325147128522023,0
00004,3133,677.9680299964629,2,1.2247448713915892,12.450989002492063,0
00004,3135,566.266880401105,2,1.2247448713915892,10.60914287819527,0
00004,3137,764.2494895547482,2,1.2247448713915892,11.534960329839,0
00004,3141,389.24074484064494,2,1.7320508075688774,9.725744123593401,0
00004,3144,506.9775585197599,2,1.2247448713915892,10.388339351821067,0
00004,3150,372.3778298304925,2,1.2247448713915892,12.30998866432854,0
00004,3153,1173.6607445242917,2,1.2247448713915892,11.298480339149979,0
00004,3154,721.5359997469169,2,1.2247448713915892,10.491477012331599,0
00004,3155,1381.2537563794385,2,1.2247448713915892,12.659582076362767,0
00004,3156,392.15874266089423,2,1.2247448713915892,11.42175365896231,0
00004,3160,2323.3372136947023,2,1.2247448713915892,25.04415656215702,0
00004,3161,1081.9863032338635,2,1.2247448713915892,20.152143132003218,0
00004,3165,1450.078195616657,2,1.2247448713915892,13.853850216940584,0
00004,3171,358.7418643129983,2,1.7320508075688774,12.653082728689894,0
00004,3181,533.081218370557,2,1.2247448713915892,9.32832813622616,0
00004,3182,718.1798275874711,2,1.2247448713915892,9.474875744429848,0
00004,3183,1562.9354872484564,2,1.2247448713915892,12.914009847477482,0
00004,3185,466.51267587563336,2,1.2247448713915892,8.70145769069067,0
00004,3190,3513.120516084832,2,1.2247448713915892,14.420068106472758,0
00004,3199,859.3893862337725,2,1.2247448713915892,9.366788884351653,0
00004,3205,3386.9561500455848,2,1.2247448713915892,16.879979369055622,0
00004,3206,377.0188459818701,2,1.2247448713915892,8.747040881616211,0
00004,3208,1032.48518376151,2,1.2247448713915892,13.81539791643852,0
00004,3212,749.1435907592441,2,1.2247448713915892,9.32832813622616,0
00004,3222,857.2087748371076,2,1.2247448713915892,11.748477812877717,0
00012,2,1897.8708759150622,2,1.7320508075688774,16.031892858769208,0
00012,4,677.5031473523363,2,1.2247448713915892,13.157955671809123,0
00012,5,890.3944368676557,2,1.2247448713915892,12.024257783746872,0
00012,7,683.2930159615653,2,1.2247448713915892,9.751656020009321,0
00012,10,1237.8368780315423,2,1.2247448713915892,13.81539791643852,0
00012,12,2373.3226345375224,2,1.2247448713915892,11.194506846391487,0
00012,14,4932.14707377474,2,1.7320508075688774,14.940300798080441,0
00012,15,748.9317931682359,2,1.2247448713915892,14.837219776834115,0
00012,16,531.1536920270108,2,1.2247448713915892,21.801409486351798,0
00012,17,562.5823378429105,2,1.2247448713915892,11.534960329839032,0
00012,20,492.8767103581391,2,1.2247448713915892,14.940300798080441,0
00012,22,490.1559309717177,2,1.2247448713915892,12.020031911771735,0
00012,24,1931.0905358291302,2,1.7320508075688774,19.98383933749122,0
00012,25,5943.5038047776325,2,1.2247448713915892,13.145777637364716,0
00012,27,659.1508803378343,2,1.2247448713915892,8.929976487071507,0
00012,28,399.24074484064494,2,1.7320508075688774,12.024257783746872,0
00012,30,2504.1936229354583,2,1.7320508075688774,15.49873275659678,0
00012,31,527.5177265095167,2,1.2247448713915892,13.608490107893356,0
00012,33,1655.1428069500505,2,1.2247448713915892,11.346840443653013,0
00012,34,445.80199775697855,2,1.2247448713915892,17.954244642100225,0
00012,36,1699.1144324448835,2,1.2247448713915892,15.64522260693039,0
00012,38,790.6548114993643,2,1.7320508075688774,14.302914425322847,0
00012,39,394.33935405755886,2,1.2247448713915892,17.360742478780665,0
00012,41,1442.0470094223133,2,1.2247448713915892,14.030739616462228,0
00012,42,437.51772650951665,2,1.2247448713915892,10.519734890658631,0
00012,44,547.6882366384145,2,1.2247448713915892,10.388339351821067,0
00012,45,899.136301180654,2,1.2247448713915892,11.093723011557817,0
00012,46,1012.2806757490916,2,1.2247448713915892,14.044199143931968,0
00012,48,1175.8019977569786,2,1.7320508075688774,21.878208576666495,0
00012,49,2814.334974749995,2,1.2247448713915892,15.95031652491279,0
00012,52,1754.9455885162229,2,1.2247448713915892,16.227695169248033,0
00012,63,4982.201011095897,2,1.7320508075688774,12.591816277789961,0
00012,65,1964.6585055795845,2,1.7320508075688774,13.608490107893356,0
00012,66,931.6598621332477,2,1.7320508075688774,16.133491286079536,0
00012,68,1219.1921677999449,2,1.7320508075688774,17.02052561151984,0
00012,70,1027.0115564032799,2,1.7320508075688774,15.982404672777621,0
00012,72,594.3466436361489,2,1.7320508075688774,17.70298069253067,0
00012,74,1589.56473593183,2,1.2247448713915892,14.96676089459534,0
00012,80,508.5300667219902,2,1.7320508075688774,14.940300798080441,0
00012,84,374.33935405755886,2,1.2247448713915892,10.007979801441312,0
00012,85,5080.07917658955,2,1.2247448713915892,14.458287920298085,0
00012,87,4079.453002693249,2,1.7320508075688774,16.699244233993635,0
00012,89,1135.329825534262,2,1.7320508075688774,23.217628671539853,0
00012,90,2115.1355173714605,2,1.2247448713915892,13.678365259030041,0
00012,91,1715.0014551355132,2,1.7320508075688774,12.591816277789961,0
00012,92,1130.640232342184,2,1.2247448713915892,20.397613477335724,0
00012,93,390.45030348694627,2,1.2247448713915892,16.69674251508476,0
00012,95,1383.8186047941417,2,1.7320508075688774,18.60183317969281,0
00012,96,516.2668804011051,2,1.2247448713915892,11.194506846391487,0
00012,99,1379.873687604239,2,1.2247448713915892,15.217973304576368,0
00012,100,1208.8686369703555,2,1.2247448713915892,15.167902670356698,0
00012,101,445.303117229332,2,1.2247448713915892,17.99240440311572,0
00012,104,1308.9026348538755,2,1.2247448713915892,14.246998402381816,0
00012,106,1767.077622872187,2,1.2247448713915892,22.52653135948205,0
00012,108,1167.6396595977144,2,1.2247448713915892,16.69621246795301,0
00012,109,479.48654031517316,2,1.7320508075688774,11.992373868433067,0
00012,111,660.4503034869462,2,1.7320508075688774,17.622325575320776,0
00012,113,451.92023676495614,2,1.7320508075688774,13.608490107893356,0
00012,120,1350.3458598269553,2,1.2247448713915892,12.131744359753604,0
00012,123,1249.8542688778994,2,1.2247448713915892,16.9206605749363,0
00012,127,473.5873884767939,2,1.2247448713915892,8.728370269080637,0
00012,128,669.9028459185993,2,1.2247448713915892,14.044199143931968,0
00012,130,3748.873997250813,2,1.7320508075688774,18.23940084665114,0
00012,131,4192.06204884109,2,1.2247448713915892,13.654884370931082,0
00012,133,1782.2660965919117,2,1.2247448713915892,14.721935259153575,0
00012,135,458.48877925987995,2,1.7320508075688774,16.99051707514145,0
00012,137,525.7607102948683,2,1.2247448713915892,11.799028424885282,0
00012,138,1204.733790925215,2,1.2247448713915892,11.453132073492164,0
00012,139,407.77081156263506,2,1.2247448713915892,8.094230395379919,0
00012,141,552.903418663069,2,1.2247448713915892,12.024257783746872,0
00012,142,2186.48887784173,2,1.2247448713915892,11.69405908604594,0
00012,143,534.380641519669,2,1.7320508075688774,19.354496074488264,0
00012,145,903.3270138450854,2,1.2247448713915892,15.824306329756242,0
00012,146,931.6185746711374,2,1.7320508075688774,11.919461487010038,0
00012,147,542.6163357264306,2,1.2247448713915892,15.92594759420859,0
00012,155,423.87447141343233,2,1.2247448713915892,16.33471309151125,0
00012,156,2001.4849726967861,2,1.2247448713915892,21.34762869067621,0
00012,159,824.0522711209204,2,1.7320508075688774,12.591816277789961,0
00012,160,706.2862991274447,2,1.2247448713915892,9.200347707707556,0
00012,163,3127.2796808751746,2,1.2247448713915892,17.417893096145864,0
00012,165,1384.4467079885762,2,1.2247448713915892,14.578124788730841,0
00012,166,1247.9680299964627,2,1.7320508075688774,12.30998866432854,0
00012,167,925.0500321762136,2,1.7320508075688774,22.98976777360885,0
00012,169,1143.777317332032,2,1.2247448713915892,26.35432289356595,0
00012,170,890.9006069738924,2,1.2247448713915892,14.940300798080441,0
00012,173,606.7657609287517,2,1.2247448713915892,18.143595793043936,0
00012,174,2990.4532137579727,2,1.7320508075688774,16.9206605749363,0
00012,178,1799.5040297433798,2,1.2247448713915892,13.934706376086588,0
00012,180,437.3059289185085,2,1.2247448713915892,11.26818981387327,0
00012,181,643.0812183705572,2,1.2247448713915892,9.751656020009284,0
00012,189,1228.377046021299,2,1.2247448713915892,12.95354222498941,0
00012,190,364.33935405755886,2,1.2247448713915892,9.751656020009321,0
00012,193,524.5997286892673,2,1.7320508075688774,9.462322208025613,0
00012,196,813.1225058326672,2,1.7320508075688774,15.740963203538316,0
00012,199,2065.8947725308158,2,1.2247448713915892,19.354496074488264,0
00012,201,1084.7337909252146,2,1.2247448713915892,10.569651135841074,0
00012,203,948.3916251784792,2,1.2247448713915892,9.725744123593401,0
00012,204,593.0885079491472,2,1.2247448713915892,11.266189777038273,0
00012,205,1499.1144324448837,2,1.2247448713915892,14.675676721297531,0
00012,206,782.1247447773741,2,1.7320508075688774,14.940300798080441,0
00012,207,2286.8998231646992,2,1.7320508075688774,17.786800769011037,0
00012,208,1236.1624367411146,2,1.2247448713915892,18.16658613672409,0
00012,209,834.0862690044404,2,1.7320508075688774,15.12138524503907,0
00012,210,1205.50033566316,2,1.7320508075688774,16.99051707514145,0
00012,211,755.303117229332,2,1.7320508075688774,15.64522260693039,0
00012,212,966.5126758756332,2,1.7320508075688774,15.608398603079102,0
00012,213,663.3828804643758,2,1.7320508075688774,13.608490107893356,0
00012,215,813.175922442527,2,1.2247448713915892,16.438030185323043,0
00012,216,800.1899288552377,2,1.7320508075688774,19.471220634490713,0
00012,221,404.346643636149,2,1.7320508075688774,11.534960329839032,0
00012,225,891.4067770801292,2,1.7320508075688774,15.32233264879734,0
00012,226,969.657050444071,2,1.7320508075688774,16.699244233993635,0
00012,228,3722.8990393555055,2,1.7320508075688774,17.297592375620344,0
00012,230,576.5199654542234,2,1.7320508075688774,15.12138524503907,0
00012,236,376.31545744180545,2,1.7320508075688774,11.42118627499929,0
00012,237,674.1129773093702,2,1.2247448713915892,10.592171472682876,0
00012,240,1097.7149449433446,2,1.2247448713915892,11.194506846391487,0
00012,242,2083.857962958119,2,1.2247448713915892,11.69405908604594,0
00012,244,1685.6975540969877,2,1.2247448713915892,14.572792566247527,0
00012,246,492.62362530502077,2,1.2247448713915892,14.716373032870864,0
00012,247,1877.1674873749976,2,1.7320508075688774,18.73599759140695,0
00012,248,2027.795590569432,2,1.7320508075688774,14.940300798080441,0
00012,251,900.3191515220254,2,1.2247448713915892,13.022220204498893,0
00012,254,531.4140666587194,2,1.7320508075688774,15.645222606930416,0
00012,257,439.24074484064494,2,1.7320508075688774,7.913858162294959,0
00012,261,1507.420572428116,2,1.7320508075688774,16.92898000424091,0
00012,264,540.956473593183,2,1.7320508075688774,13.327768221525957,0
00012,269,1007.6396595977143,2,1.2247448713915892,12.914009847477454,0
00012,272,1042.110165620194,2,1.2247448713915892,11.453132073492164,0
00012,275,351.66715171183773,2,1.2247448713915892,17.70298069253067,0
00012,277,551.1536920270108,2,1.2247448713915892,11.093723011557817,0
00012,278,439.48654031517316,2,1.7320508075688774,10.938512784116623,0
00012,280,594.5997286892673,2,1.7320508075688774,14.940300798080441,0
00012,283,2055.1088090665307,2,1.2247448713915892,11.919461487010038,0
00012,284,1251.8789493028462,2,1.7320508075688774,11.42118627499929,0
00012,285,6050.709209082117,2,1.7320508075688774,18.756258058384674,0
00012,287,1505.2812484935616,2,1.7320508075688774,19.8192376741559,0
00012,288,2444.179043778278,2,1.7320508075688774,23.461011101937686,0
00012,289,981.3849083443587,2,1.2247448713915892,32.005383208083494,0
00012,291,3225.6246583110865,2,1.2247448713915892,21.039469781317234,0
00012,293,10138.417784970065,2,1.2247448713915892,20.977279111129427,0
00012,294,5255.496416617192,2,1.2247448713915892,30.45031402135562,0
00012,296,2114.3908413692857,2,1.2247448713915892,17.039675081489044,0
00012,297,2006.193984615204,2,1.2247448713915892,25.8977601953095,0
00012,298,2879.6035733845097,2,1.2247448713915892,22.814537050377268,0
00012,299,9315.339016608938,2,1.2247448713915892,16.579803778585788,0
00012,300,3721.276085376804,2,1.2247448713915892,18.73599759140695,0
00012,302,2240.350699396115,2,1.2247448713915892,27.2121553254954,0
00012,303,477.2646414563983,2,1.2247448713915892,22.660230188618755,0
00012,304,3229.691508589187,2,1.2247448713915892,21.958143195823045,0
00012,306,2142.2636465824808,2,1.2247448713915892,18.927550534020153,0
00012,307,1919.53073804831,2,1.2247448713915892,11.453132073492164,0
00012,309,1188.0899630846607,2,1.2247448713915892,11.787368954322078,0
00012,310,678.4329126405894,2,1.2247448713915892,16.579803778585788,0
00012,311,1395.697554096988,2,1.2247448713915892,23.962488974578164,0
00012,313,3748.6378809146036,2,1.2247448713915892,19.839152544388792,0
00012,315,3355.0359132806293,2,1.2247448713915892,26.247610995421873,0
00012,316,1940.7742945781313,2,1.2247448713915892,15.438779127604974,0
00012,317,917.9194529557625,2,1.2247448713915892,14.837219776834115,0
00012,318,3044.7852782369414,2,1.2247448713915892,18.73599759140695,0
00012,320,1973.748159017671,2,1.2247448713915892,18.83912630587764,0
00012,322,1333.8307339418916,2,1.2247448713915892,16.73843712894931,0
00012,323,4879.854729139495,2,1.7320508075688774,20.078032170661366,0
00012,325,596.1157889985469,2,1.1010205144336438,13.676355848403206,0
00012,326,5931.7584574491375,2,1.2247448713915892,19.496001887415044,0
00012,328,1547.1796165227474,2,1.2247448713915892,15.392839747168834,0
00012,330,1032.52647122362,2,1.2247448713915892,18.173440075652632,0
00012,332,953.886600561182,2,1.2247448713915892,23.61640690974473,0
00012,334,1038.6641289579372,2,1.2247448713915892,11.902687058141982,0
00012,335,438.26969209028164,2,1.2247448713915892,16.36005566591529,0
00012,338,1362.7989750030783,2,1.2247448713915892,26.783950140760858,0
00012,340,2310.275414050485,2,1.2247448713915892,20.90092209657053,0
00012,342,3302.8358831576247,2,1.2247448713915892,17.297929208030258,0
00012,344,1129.9295542235295,2,1.7320508075688774,18.628806514613288,0
00012,345,588.2284046281713,2,1.2247448713915892,23.03308470592211,0
00012,347,3177.907784069609,2,1.2247448713915892,28.88452368224896,0
00012,348,1413.2371493422752,2,1.2247448713915892,24.271719387928812,0
00012,349,1060.1899288552377,2,1.7320508075688774,13.608490107893356,0
00012,350,400.7033885400646,2,1.7320508075688774,15.81630484821699,0
00012,352,1591.10995455547,2,1.2247448713915892,15.668246370509625,0
00012,354,604.3320644789687,2,1.2247448713915892,15.576383454093083,0
00012,355,3868.1001629342777,2,1.7320508075688774,23.48400064384468,0
00012,356,585.3031172293319,2,1.2247448713915892,12.208141953057522,0
00012,363,439.479250736583,2,1.2247448713915892,9.751656020009321,0
00012,364,3908.9516721561713,2,1.2247448713915892,17.769466253271798,0
00012,366,839.2115865262842,2,1.2247448713915892,19.98383933749122,0
00012,367,541.160981605601,2,1.2247448713915892,27.738704298512868,0
00012,371,1193.3391429928351,2,1.2247448713915892,15.020256666513825,0
00012,373,1358.883216127536,2,1.2247448713915892,19.94519507247837,0
00012,375,971.4261958064689,2,1.2247448713915892,15.680237708670893,0
00012,376,1437.1529082178172,2,1.2247448713915892,18.77757401238093,0
00012,377,1905.4153107295087,2,1.2247448713915892,17.49415252540632,0
00012,378,677.7562324054547,2,1.2247448713915892,22.01308913351786,0
00012,381,1227.4545703116364,2,1.2247448713915892,20.592270944322284,0
00012,383,1744.4054205264658,2,1.2247448713915892,14.112962817904242,0
00012,384,584.1129773093703,2,1.2247448713915892,12.88107704913421,0
00012,385,1109.129011602064,2,1.2247448713915892,15.438779127604974,0
00012,387,596.0817911150268,2,1.2247448713915892,23.545711659048578,0
00012,390,542.117455198784,2,1.2247448713915892,22.50160118866046,0
00012,391,1580.7888737353114,2,1.2247448713915892,29.7207609250556,0
00012,394,351.16827118419116,2,1.7320508075688774,13.316789774793554,0
00012,398,377.73681367911496,2,1.2247448713915892,11.837799174187134,0
00012,399,2106.140568005344,2,1.2247448713915892,19.8192376741559,0
00012,401,1073.9551170395198,2,1.2247448713915892,15.654070898120262,0
00012,403,1810.535788682193,2,1.2247448713915892,25.116222299570207,0
00012,404,1196.0186349171463,2,1.2247448713915892,25.17420002011108,0
00012,405,731.6452829760673,2,1.2247448713915892,25.065829224994697,0
00012,409,2188.620391486397,2,1.2247448713915892,22.093933546761228,0
00012,415,995.0354530190332,2,1.2247448713915892,16.99051707514145,0
00012,416,419.23345526205475,2,1.2247448713915892,10.94249890686683,0
00012,418,717.7222345219346,2,1.2247448713915892,15.584095748958754,0
00012,423,888.9585014731657,2,1.2247448713915892,17.1018172581828,0
00012,425,443.1297954112575,2,1.7320508075688774,21.166847751979113,0
00012,426,413.62867593890405,2,1.2247448713915892,24.445055968548512,0
00012,434,2565.18164440273,2,1.2247448713915892,30.757682302411453,0
00012,436,1691.2804646843683,2,1.2247448713915892,19.81923767415592,0
00012,437,748.0020278799828,2,1.2247448713915892,16.260204708311967,0
00012,439,2179.8445292898787,2,1.2247448713915892,21.689000134684733,0
00012,441,1001.3582000394288,2,1.2247448713915892,16.99051707514145,0
00012,442,466.5612529163337,2,1.7320508075688774,12.30998866432854,0
00012,444,409.479250736583,2,1.2247448713915892,14.856628668824463,0
00012,445,482.15874266089423,2,1.2247448713915892,10.519734890658631,0
00012,447,804.0716898472601,2,1.2247448713915892,19.839152544388792,0
00012,450,760.4284347511758,2,1.2247448713915892,19.719213853911917,0
00012,451,507.01155640327994,2,1.2247448713915892,21.178235067483588,0
00012,457,773.3270138450853,2,1.2247448713915892,19.296658658980828,0
00012,460,1074.2761978596782,2,1.2247448713915892,23.922536714461074,0
00012,462,1326.415521794233,2,1.2247448713915892,14.03464793519859,0
00012,464,832.6430440313605,2,1.2247448713915892,20.96336086917346,0
00012,466,1687.1529082178172,2,1.2247448713915892,19.417850884329095,0
00012,467,935.0500321762136,2,1.7320508075688774,22.98976777360885,0
00012,468,817.9607404178728,2,1.2247448713915892,24.432899959021896,0
00012,469,536.0817911150269,2,1.2247448713915892,24.453429680391654,0
00012,471,779.2528739883944,2,1.2247448713915892,21.28667951216048,0
00012,472,1139.669179591821,2,1.2247448713915892,14.426417022399677,0
00012,475,789.4646715794026,2,1.2247448713915892,14.675676721297531,0
00012,476,3379.0881392080255,4,47.23346271447817,171.2556288177203,1
00012,477,1319.6278921297107,2,1.2247448713915892,16.227695169248033,0
00012,478,350.45030348694627,2,1.2247448713915892,16.699244233993635,0
00012,479,871.3921979229489,2,1.2247448713915892,23.775039634048582,0
00012,482,519.2334552620548,2,1.2247448713915892,12.994616791916483,0
00012,483,1322.8402624651883,2,1.2247448713915892,20.324088884674165,0
00012,485,891.1804003319407,2,1.2247448713915892,22.98976777360885,0
00012,486,714.577859953497,2,1.2247448713915892,22.58463218350797,0
00012,488,783.1079266754871,2,1.2247448713915892,21.19804767304036,0
00012,491,638.5081979862196,2,1.2247448713915892,17.297929208030258,0
00012,494,600.9346048574125,2,1.2247448713915892,24.469477739935993,0
00012,495,353.1637932947776,2,1.2247448713915892,14.675676721297531,0
00012,497,686.293588706035,2,1.2247448713915892,14.426417022399677,0
00012,498,401.19497948912107,2,1.2247448713915892,9.32832813622616,0
00012,502,537.4837286259966,2,1.4348778704286018,18.275605808148356,0
00012,507,1494.186333356868,2,1.2247448713915892,18.243345577836962,0
00012,510,2671.217308486488,2,1.2247448713915892,21.548129137223924,0
00012,515,679.6837587490011,2,1.2247448713915892,17.1018172581828,0
00012,517,444.37335194107897,2,1.2247448713915892,16.099395856375796,0
00012,518,1012.6697523362902,2,1.2247448713915892,27.32510137520008,0
00012,523,556.0817911150268,2,1.2247448713915892,19.94519507247837,0
00012,524,513.8404735299123,2,1.2247448713915892,18.756258058384674,0
00012,525,555.337115112852,2,1.2247448713915892,37.68464539448559,0
00012,527,470.6960989614745,2,1.2247448713915892,29.856299121586865,0
00012,529,501.9056576077759,2,1.2247448713915892,30.935072302127455,0
00012,530,798.002027879983,2,1.2247448713915892,29.95702067689489,0
00012,533,2226.1186992695734,2,1.2247448713915892,16.92458992670207,0
00012,536,6881.556338996448,2,1.2247448713915892,28.751518538042067,0
00012,540,6740.113114023368,2,1.2247448713915892,21.34762869067621,0
00012,541,1915.2375110220205,2,1.2247448713915892,21.52890440557196,0
00012,544,651.4334853850592,2,1.2247448713915892,22.539296192747834,0
00012,548,3181.9328261743017,2,1.2247448713915892,23.75785892713619,0
00012,550,1664.2203312403876,2,1.2247448713915892,25.383220838158092,0
00012,553,1650.7888737353114,2,1.2247448713915892,13.003911942822842,0
00012,564,584.0862690044404,2,1.2247448713915892,14.07470030982305,0
00012,566,2409.54286719606,2,1.2247448713915892,28.751518538042067,0
00012,567,759.6837587490011,2,1.2247448713915892,28.028170007915115,0
00012,568,960.3604389841357,2,1.2247448713915892,20.4104455216585,0
00012,569,390.6960989614745,2,1.2247448713915892,24.191389492860516,0
00012,572,1503.0180621726768,2,1.2247448713915892,29.657012201224315,0
00012,577,3779.205277920588,2,1.2247448713915892,11.45057553871207,0
00012,581,548.2284046281715,2,1.2247448713915892,17.860283671803057,0
00012,582,1767.5765033998337,2,1.2247448713915892,18.058192439712705,0
00012,585,546.0137953479867,2,1.2247448713915892,21.8184910361824,0
00012,589,645.5489127038602,2,1.2247448713915892,19.417850884329095,0
00012,592,809.1848782213543,2,1.2247448713915892,16.92898000424091,0
00012,593,520.1559309717177,2,1.2247448713915892,8.615630145332878,0
00012,595,2226.9119523124486,2,1.2247448713915892,21.250132164241325,0
00012,596,2139.2436551116716,2,1.2247448713915892,24.313420433863506,0
00012,598,455.09131963832385,2,1.2247448713915892,19.8192376741559,0
00012,600,1554.4661267149163,2,1.2247448713915892,29.51178834882353,0
00012,602,1321.8692097148255,2,1.2247448713915892,26.525352016609677,0
00012,604,2594.3883913598547,2,1.2247448713915892,20.93083380498337,0
00012,605,4796.372244584287,2,1.2247448713915892,16.227695169248033,0
00012,608,437.0528438653902,2,1.2247448713915892,19.006755071665527,0
00012,609,427.52501608810684,2,1.7320508075688774,11.69405908604594,0
00012,611,3270.2098078431736,2,1.2247448713915892,20.90092209657053,0
00012,613,809.4306736958825,2,1.2247448713915892,23.718053386106472,0
00012,614,2566.352365596352,2,1.7320508075688774,17.49415252540632,0
00012,616,3829.6356419698964,2,1.2247448713915892,25.208765296758365,0
00012,617,558.2284046281713,2,1.2247448713915892,13.25057708805898,0
00012,622,1316.9823980889194,2,1.2247448713915892,20.49347509670825,0
00012,623,2948.0608047703,2,1.7320508075688774,27.15291253188568,0
00012,625,1803.5582301624333,2,1.7320508075688774,17.892294753607995,0
00012,627,3250.6577217703903,2,1.7320508075688774,21.548129137223924,0
00012,628,2425.906901678566,2,1.2247448713915892,18.544636110999956,0
00012,629,1501.3630396085882,2,1.2247448713915892,15.636855953089738,0
00012,630,898.8832161275355,2,1.2247448713915892,8.929976487071507,0
00012,633,1041.8910784505956,2,1.2247448713915892,20.421617004734998,0
00012,635,603.1152162540772,2,1.2247448713915892,39.80091282935519,0
00012,640,1683.5096531217328,2,1.2247448713915892,20.284212313147947,0
00012,643,3215.6246583110865,2,1.2247448713915892,24.39591857664484,0
00012,646,2465.858324637865,2,1.2247448713915892,25.216393414172742,0
00012,648,556.5466737591535,2,1.2247448713915892,11.099484429062267,0
00012,651,730.2166371601677,2,1.2247448713915892,16.229749253970443,0
00012,656,1372.7649771195584,2,1.2247448713915892,14.426417022399677,0
00012,658,2279.0172783634835,2,1.2247448713915892,15.492111415740014,0
00012,661,560.9078965524827,2,1.2247448713915892,17.413738504768865,0
00012,662,1328.343048137779,2,1.2247448713915892,13.157955671809123,0
00012,664,1228.8832161275363,2,1.2247448713915892,14.030739616462228,0
00012,666,1448.9099244324657,2,1.2247448713915892,18.893031644014425,0
00012,669,1793.4610760810326,2,1.2247448713915892,26.11486934497178,0
00012,673,1454.7944971136649,2,1.2247448713915892,26.097452390693743,0
00012,676,711.8983680291856,2,1.2247448713915892,38.502077828983765,0
00012,680,2062.5046024878493,2,1.2247448713915892,12.739878369558308,0
00012,681,1174.2761978596782,2,1.2247448713915892,19.278443707507016,0
00012,683,873.3877200335353,2,1.2247448713915892,27.017123217850234,0
00012,685,726.266880401105,2,1.7320508075688774,12.742184288914142,0
00012,687,628.0433153420931,2,1.2247448713915892,24.432899959021896,0
00012,692,751.3994875015392,2,1.2247448713915892,29.8518365689434,0
00012,693,682.8621312009589,2,1.2247448713915892,22.191606566272785,0
00012,706,375.5974897445606,2,1.7320508075688774,12.274621909145797,0
00012,708,615.5902001659704,2,1.7320508075688774,17.752790161946674,0
00012,712,448.26969209028164,2,1.2247448713915892,18.621803343297223,0
00012,730,716.0477932315068,2,1.2247448713915892,14.940300798080441,0
00012,732,363.3755908857857,2,1.2247448713915892,14.177487392858302,0
00012,735,466.5612529163337,2,1.7320508075688774,16.9206605749363,0
00012,737,1103.614096781724,2,1.7320508075688774,23.61640690974473,0
00012,738,533.3415930022657,2,1.7320508075688774,11.26818981387327,0
00012,739,425.55620228245033,2,1.2247448713915892,6.98249728791863,0
00012,740,946.0065057693965,2,1.4348778704286018,10.11886080183113,0
00012,742,2084.748370082395,2,1.7320508075688774,14.940300798080441,0
00012,743,4171.706970137411,2,1.2247448713915892,17.513527099323248,0
00012,745,2081.2051793387377,2,1.2247448713915892,15.392839747168834,0
00012,749,1367.8927446508328,2,1.7320508075688774,12.653082728689894,0
00012,753,1535.5324042485472,2,1.2247448713915892,9.525333457996695,0
00012,755,981.6258642497276,2,1.7320508075688774,12.30998866432854,0
00012,756,1454.5899891012468,2,1.2247448713915892,18.498376074798816,0
00012,757,634.8042367016853,2,1.7320508075688774,17.679553498070234,0
00012,761,1765.9652183072865,2,1.7320508075688774,13.134022306396327,0
00012,762,1253.5873884767939,2,1.7320508075688774,16.699244233993635,0
00012,767,1268.4669105241096,2,1.7320508075688774,15.936433084111606,0
00012,768,1661.596705935367,2,1.7320508075688774,16.699244233993635,0
00012,770,684.00369408022,2,1.2247448713915892,9.518421787129226,0
00012,771,463.6213863603139,2,1.2247448713915892,11.037738231712137,0
00012,778,443.38288046437583,2,1.7320508075688774,12.555016401827574,0
00012,779,426.31545744180545,2,1.7320508075688774,14.940300798080441,0
00012,783,635.3104068079222,2,1.7320508075688774,16.877228514771332,0
00012,785,701.4140666587194,2,1.7320508075688774,12.024257783746872,0
00012,787,1049.3966758123627,2,1.7320508075688774,21.416714033033607,0
00012,790,1160.8253216282624,2,1.7320508075688774,11.837799174187134,0
00012,793,465.05003217621356,2,1.2247448713915892,10.022764500437821,0
00012,794,1035.0281634404432,2,1.2247448713915892,14.426682954613694,0
00012,795,735.9725078858764,2,1.2247448713915892,9.865806943084403,0
00012,796,1112.348671516132,2,1.2247448713915892,15.438779127604974,0
00012,797,360.20450801241805,2,1.7320508075688774,12.35489466157231,0
00012,801,354.5924391106772,2,1.2247448713915892,17.90803946186959,0
00012,804,3485.902062109406,2,1.7320508075688774,15.982404672777621,0
00012,808,956.4568092563428,2,1.2247448713915892,17.17513630996075,0
00012,810,1361.6039955139572,2,1.7320508075688774,16.099844299134098,0
00012,815,1013.8258943727319,2,1.7320508075688774,12.30998866432854,0
00012,821,538.4742001026997,2,1.2247448713915892,8.719411308414095,0
00012,827,542.6309148836109,2,1.7320508075688774,10.792113509892864,0
00012,830,859.691048327591,2,1.7320508075688774,15.64522260693039,0
00012,831,2026.4815882631397,2,1.2247448713915892,13.540014619565584,0
00012,834,1448.4329126405896,2,1.7320508075688774,13.608490107893356,0
00012,836,2843.3226345375215,2,1.2247448713915892,16.133491286079536,0
00012,837,2322.8577518933953,2,1.2247448713915892,15.100595774284058,0
00012,839,1762.4220275636299,2,1.2247448713915892,14.96676089459534,0
00012,840,386.8070483908619,2,1.2247448713915892,19.683476516542658,0
00012,841,541.4480645422394,2,1.7320508075688774,17.23259053153542,0
00012,843,476.05508281009696,2,1.2247448713915892,19.5829043136228,0
00012,844,360.95647359318303,2,1.7320508075688774,12.41274649630476,0
00012,850,3675.9389702639523,2,1.2247448713915892,16.227695169248033,0
00012,851,805.5416231252701,2,1.2247448713915892,14.940300798080441,0
00012,852,1008.8905057061259,2,1.2247448713915892,11.919461487010038,0
00012,855,1909.7911126800184,2,1.2247448713915892,19.354496074488264,0
00012,857,452.1587426608942,2,1.2247448713915892,17.098435345785862,0
00012,858,456.8143379694521,2,1.7320508075688774,14.940300798080441,0
00012,859,425.098609216914,2,1.7320508075688774,13.608490107893356,0
00012,860,582.1247447773742,2,1.2247448713915892,13.046916308451506,0
00012,861,610.1972184338279,2,1.7320508075688774,24.206160528982046,0
00012,862,471.92023676495614,2,1.7320508075688774,8.049466975528361,0
00012,863,1159.1023032971343,2,1.2247448713915892,13.313739196487331,0
00012,865,489.6983379061813,2,1.2247448713915892,11.26818981387327,0
00012,866,1533.229859763685,2,1.2247448713915892,11.266189777038273,0
00012,867,1004.3441936267183,2,1.2247448713915892,14.579821256075755,0
00012,870,650.1486413931274,2,1.2247448713915892,9.121860957131704,0
00012,877,1127.420572428116,2,1.2247448713915892,11.26818981387327,0
00012,882,1546.873114859769,2,1.2247448713915892,15.64522260693039,0
00012,883,708.036025763503,2,1.2247448713915892,15.663337463282302,0
00012,884,725.2885380721516,2,1.2247448713915892,16.260204708311967,0
00012,886,1512.5264712236203,2,1.7320508075688774,12.320605306284394,0
00012,887,450.6960989614745,2,1.2247448713915892,12.88107704913421,0
00012,889,551.4407749636492,2,1.2247448713915892,13.494940399463873,0
00012,891,1190.3458598269556,2,1.2247448713915892,13.177716305610357,0
00012,895,733.8258943727319,2,1.2247448713915892,10.60914287819527,0
00012,901,1678.3964647476387,2,1.2247448713915892,14.458287920298085,0
00012,902,769.7517545160412,2,1.2247448713915892,28.028170007915115,0
00012,903,2999.21933636647,2,1.2247448713915892,23.027322281133593,0
00012,904,685.1107383646635,2,1.2247448713915892,21.178235067483588,0
00012,907,4011.4878829678137,2,1.2247448713915892,26.248620996218868,0
00012,908,413.1637932947776,2,1.2247448713915892,17.978329998422655,0
00012,912,602.8621312009589,2,1.2247448713915892,9.315903292097554,0
00012,914,2011.368399889046,2,1.2247448713915892,15.243766940116622,0
00012,917,852.1101656201938,2,1.2247448713915892,16.931141324815428,0
00012,919,503.621386360314,2,1.2247448713915892,27.02759665049371,0
00012,920,454.3733519410789,2,1.2247448713915892,17.991193135069224,0
00012,922,839.3893862337724,2,1.2247448713915892,22.44163329213636,0
00012,927,1545.9287704143358,2,1.2247448713915892,15.243766940116622,0
00012,932,1012.1101656201938,2,1.2247448713915892,13.335668207133399,0
00012,933,827.9826091536431,2,1.7320508075688774,15.391709942543903,0
00012,935,778.9390827468262,2,1.2247448713915892,15.668246370509625,0
00012,944,635.7607102948684,2,1.2247448713915892,19.10660535086906,0
00012,947,353.34159300226565,2,1.2247448713915892,8.719411308414095,0
00012,951,1182.3219632112018,2,1.7320508075688774,19.8192376741559,0
00012,952,469.02894724963676,2,1.7320508075688774,19.8192376741559,0
00012,954,679.1508803378343,2,1.2247448713915892,14.369988719686694,0
00012,960,587.0261355604601,2,1.7320508075688774,12.260378212296978,0
00012,962,611.1609816056009,2,1.7320508075688774,13.608490107893356,0
00012,968,1419.8129814157887,2,1.2247448713915892,12.320605306284394,0
00012,969,669.4452528530629,2,1.7320508075688774,19.46358094358947,0
00012,970,4448.239064739384,2,1.2247448713915892,12.024257783746872,0
00012,971,492.1927405444143,2,1.2247448713915892,17.297592375620344,0
00012,972,585.8287060619084,2,1.2247448713915892,14.030739616462228,0
00012,973,2948.946832587013,2,1.2247448713915892,16.835026623031524,0
00012,974,612.6503336099506,2,1.2247448713915892,17.873453687731683,0
00012,975,612.5823378429105,2,1.2247448713915892,14.302914425322822,0
00012,976,1441.759926485675,2,1.2247448713915892,23.267470530469677,0
00012,977,841.6525725546575,2,1.7320508075688774,17.890191964535443,0
00012,978,371.4140666587194,2,1.2247448713915892,21.548129137223924,0
00012,979,1172.5750482643207,2,1.7320508075688774,19.00613977217577,0
00012,980,410.6960989614745,2,1.2247448713915892,12.9647799115331,0
00012,983,1766.1964346246343,2,1.7320508075688774,15.564806661388387,0
00012,988,872.1028760416036,2,1.2247448713915892,11.5369590328155,0
00012,991,1205.0135842832633,2,1.2247448713915892,15.95031652491279,0
00012,993,2729.691508589187,2,1.2247448713915892,15.243766940116622,0
00012,996,383.3755908857857,2,1.2247448713915892,19.45419158301316,0
00012,997,1096.517515444793,2,1.2247448713915892,18.243345577836962,0
00012,1000,916.2523012439246,2,1.2247448713915892,14.961472674128801,0
00012,1001,1039.109592875724,2,1.2247448713915892,14.594491217911127,0
00012,1002,2141.02737963125,2,1.2247448713915892,11.787368954322078,0
00012,1003,551.8716597242558,2,1.2247448713915892,14.458287920298085,0
00012,1007,1137.6882366384148,2,1.7320508075688774,12.051553463954837,0
00012,1008,1346.7366026143914,2,1.2247448713915892,17.70298069253067,0
00012,1009,969.1921677999445,2,1.7320508075688774,16.260204708311967,0
00012,1010,3014.524903605233,2,1.2247448713915892,17.906233540182477,0
00012,1011,2403.53443212853,2,1.2247448713915892,34.862247550028094,0
00012,1012,406.77305050734185,2,1.2247448713915892,17.413738504768865,0
00012,1014,1307.7003657861642,2,1.2247448713915892,19.677566774653986,0
00012,1015,976.7584713501615,2,1.7320508075688774,17.86717013558651,0
00012,1017,2724.320395592815,2,1.2247448713915892,20.397613477335724,0
00012,1018,1521.0225400620902,2,1.2247448713915892,19.83427458806394,0
00012,1019,1326.866722818358,4,13.057564857200594,172.5172916276458,1
00012,1020,960.1340622359472,2,1.2247448713915892,14.76255635220315,0
00012,1021,1841.7526369070847,2,1.2247448713915892,20.299250598132488,0
00012,1022,721.1804003319407,2,1.2247448713915892,14.372517731979931,0
00012,1024,611.4334853850592,2,1.2247448713915892,13.184399551949827,0
00012,1027,411.1949794891211,2,1.2247448713915892,21.729808103416506,0
00012,1028,1299.1484303284042,2,1.2247448713915892,12.094158210914713,0
00012,1030,2127.3088391895353,2,1.2247448713915892,15.020256666513825,0
00012,1031,1575.7849685903677,2,1.2247448713915892,22.191606566272785,0
00012,1033,438.98037020893645,2,1.2247448713915892,13.47558704772299,0
00012,1039,2857.506057623363,2,1.2247448713915892,16.099844299134098,0
00012,1041,1197.2427727206282,2,1.2247448713915892,15.636855953089738,0
00012,1043,1754.1377563161677,2,1.2247448713915892,26.557479631173855,0
00012,1044,753.3343034236755,2,1.7320508075688774,24.395918576644824,0
00012,1049,372.88399993672925,2,1.7320508075688774,12.933154491899106,0
00012,1054,575.0986092169139,2,1.7320508075688774,18.628806514613288,0
00012,1055,565.0087447141034,2,1.2247448713915892,9.474875744429848,0
00012,1056,939.1921677999446,2,1.7320508075688774,15.81630484821699,0
00012,1058,1903.3857907354022,2,1.2247448713915892,12.30998866432854,0
00012,1059,564.5511516485669,2,1.2247448713915892,14.594491217911127,0
00012,1060,413.12250583266734,2,1.2247448713915892,9.315903292097554,0
00012,1062,1197.6882366384148,2,1.7320508075688774,14.940300798080441,0
00012,1064,875.5149148203401,2,1.7320508075688774,13.944711465687524,0
00012,1065,363.63596551749424,2,1.7320508075688774,12.35489466157231,0
00012,1066,751.912947186366,2,1.7320508075688774,14.940300798080441,0
00012,1071,446.814337969452,2,1.7320508075688774,12.024257783746872,0
00012,1072,1334.3320644789687,2,1.7320508075688774,14.940300798080441,0
00012,1073,950.1000643524271,2,1.2247448713915892,12.274621909145797,0
00012,1074,4118.781682738571,2,1.2247448713915892,14.03464793519859,0
00012,1076,1014.3320644789687,2,1.7320508075688774,16.15900898635687,0
00012,1085,536.0477932315067,2,1.2247448713915892,13.853850216940584,0
00012,1095,496.77305050734185,2,1.7320508075688774,18.628806514613288,0
00012,1098,1313.5096531217332,2,1.2247448713915892,13.184399551949827,0
00012,1099,650.6548114993642,2,1.2247448713915892,11.97177956779289,0
00012,1102,704.8649428901352,2,1.2247448713915892,28.57177466328236,0
00012,1104,548.4402022191796,2,1.2247448713915892,12.604382648379175,0
00012,1105,713.382880464376,2,1.7320508075688774,12.653082728689894,0
00012,1106,697.1820665321779,2,1.2247448713915892,11.093723011557817,0
00012,1112,579.9368438021194,2,1.2247448713915892,13.34138332450906,0
00012,1116,1106.449519677753,2,1.2247448713915892,12.450989002492033,0
00012,1128,861.6039955139571,2,1.2247448713915892,9.525333457996695,0
00012,1131,350.95647359318303,2,1.7320508075688774,15.415537489646585,0
00012,1135,1756.311078134242,2,1.2247448713915892,11.748477812877717,0
00012,1136,422.15874266089423,2,1.2247448713915892,8.876395080973326,0
00012,1137,2264.7925678155316,2,1.2247448713915892,17.17513630996075,0
00012,1142,1582.110165620194,2,1.7320508075688774,23.267470530469677,0
00012,1143,396.2668804011051,2,1.2247448713915892,8.719411308414095,0
00012,1145,461.6671517118378,2,1.7320508075688774,15.608398603079102,0
00012,1147,457.9826091536432,2,1.2247448713915892,8.426969021480678,0
00012,1150,628.9876597875266,2,1.7320508075688774,16.098933951056765,0
00012,1153,457.0188459818701,2,1.2247448713915892,16.80387970785135,0
00012,1155,706.9362710576496,2,1.2247448713915892,9.751656020009321,0
00012,1157,1000.5649469965537,2,1.2247448713915892,10.519734890658631,0
00012,1160,1224.8236554280254,2,1.7320508075688774,14.620873988631672,0
00012,1162,745.0427425976234,2,1.2247448713915892,16.392522694709424,0
00012,1163,551.9202367649561,2,1.7320508075688774,12.555016401827574,0
00012,1168,1583.4610760810328,2,1.2247448713915892,15.84769634961371,0
00012,1169,1603.3051451093152,2,1.2247448713915892,16.778654880960335,0
00012,1170,1542.0688781580836,2,1.7320508075688774,15.680237708670893,0
00012,1172,1747.8077197171815,2,1.2247448713915892,13.162288268748584,0
00012,1174,987.7076553647544,2,1.2247448713915892,18.51966457208187,0
00012,1175,826.4980967184531,2,1.2247448713915892,14.675676721297531,0
00012,1180,1181.6112850925474,2,1.7320508075688774,12.30998866432854,0
00012,1181,830.1826392766476,2,1.2247448713915892,12.024257783746872,0
00012,1182,926.266880401105,2,1.7320508075688774,12.260378212296978,0
00012,1184,1377.2160644156984,2,1.7320508075688774,20.397613477335724,0
00012,1189,2757.077622872187,2,1.7320508075688774,18.51966457208187,0
00012,1190,1851.0565379456102,2,1.7320508075688774,19.719213853911917,0
00012,1192,3583.724360983768,2,1.2247448713915892,22.380135051959563,0
00012,1193,1833.7675777440109,2,1.2247448713915892,14.96676089459534,0
00012,1194,1764.1717541996877,2,1.2247448713915892,17.313234534061436,0
00012,1195,2000.9375151284391,2,1.2247448713915892,9.474875744429848,0
00012,1196,487.2646414563983,2,1.2247448713915892,16.749936618430045,0
00012,1199,835.0087447141034,2,1.2247448713915892,12.30998866432854,0
00012,1202,553.1565037161874,2,1.2247448713915892,16.15900898635687,0
00012,1210,536.0550828100969,2,1.7320508075688774,12.591816277789961,0
00012,1211,456.0550828100969,2,1.2247448713915892,14.867793922766994,0
00012,1212,749.2334552620548,2,1.7320508075688774,17.02052561151984,0
00012,1215,804.7556596609849,2,1.2247448713915892,9.865806943084403,0
00012,1219,1306.839116976249,2,1.2247448713915892,9.865806943084403,0
00012,1221,2101.9790136552733,2,1.7320508075688774,14.940300798080441,0
00012,1224,1622.3632506733122,2,1.7320508075688774,16.098933951056765,0
00012,1225,524.0862690044405,2,1.2247448713915892,21.61477894278625,0
00012,1227,1788.0608047703,2,1.2247448713915892,14.246998402381816,0
00012,1229,828.6787081151176,2,1.2247448713915892,12.024257783746872,0
00012,1230,476.3081678632153,2,1.7320508075688774,22.242834413723546,0
00012,1233,2137.99280900326,2,1.2247448713915892,11.099484429062267,0
00012,1234,1986.8706648503385,2,1.2247448713915892,14.426682954613694,0
00012,1239,526.0477932315068,2,1.2247448713915892,10.394768281368655,0
00012,1244,1089.1775886427645,2,1.2247448713915892,11.837799174187134,0
00012,1248,792.5750482643203,2,1.2247448713915892,15.668246370509625,0
00012,1252,1854.5292829127966,2,1.7320508075688774,12.30998866432854,0
00012,1253,366.3081678632153,2,1.2247448713915892,12.265003153107912,0
00012,1254,875.7947081783884,2,1.7320508075688774,19.8192376741559,0
00012,1256,5635.168046218443,2,1.2247448713915892,18.544636110999974,0
00012,1258,1179.846979299309,2,1.2247448713915892,16.650272623350357,0
00012,1263,812.1247447773741,2,1.7320508075688774,15.608398603079102,0
00012,1264,451.20226906771126,2,1.7320508075688774,13.608490107893356,0
00012,1265,669.7323357897013,2,1.7320508075688774,13.944711465687524,0
00012,1266,998.2356942067615,2,1.7320508075688774,17.90803946186959,0
00012,1280,2015.0869403307606,2,1.2247448713915892,17.423054708659613,0
00012,1281,1213.0326413298567,2,1.2247448713915892,10.123032633006222,0
00012,1282,417.770811562635,2,1.2247448713915892,15.680237708670893,0
00012,1284,413.16379329477763,2,1.2247448713915892,17.413738504768865,0
00012,1290,1375.2399610314515,2,1.2247448713915892,12.30998866432854,0
00012,1294,1502.0057219602031,2,1.2247448713915892,11.45057553871207,0
00012,1295,952.8281333174386,2,1.7320508075688774,11.767655113052728,0
00012,1298,350.94918401459284,2,1.2247448713915892,7.932034576987828,0
00012,1299,738.2356942067615,2,1.7320508075688774,12.739878369558308,0
00012,1300,907.1747769535878,2,1.2247448713915892,14.594491217911127,0
00012,1301,403.0885079491473,2,1.2247448713915892,9.35555510052489,0
00012,1310,1331.986303233864,2,1.2247448713915892,15.257439714286155,0
00012,1313,1026.7657609287517,2,1.7320508075688774,15.64522260693039,0
00012,1315,1452.7722666981485,2,1.2247448713915892,19.8192376741559,0
00012,1316,481.160981605601,2,1.2247448713915892,9.725744123593364,0
00012,1317,1360.606234458664,2,1.7320508075688774,16.114725566632078,0
00012,1321,922.5677586857303,2,1.2247448713915892,16.114725566632124,0
00012,1322,500.9491840145929,2,1.7320508075688774,14.763132623631531,0
00012,1326,617.4351515852961,2,1.2247448713915892,8.21152348028701,0
00012,1327,1640.282703629075,2,1.2247448713915892,15.201075074127315,0
00012,1329,550.4503034869463,2,1.7320508075688774,16.15900898635687,0
00012,1332,865.2958276507418,2,1.7320508075688774,18.141446483071682,0
00012,1334,510.9491840145929,2,1.7320508075688774,14.940300798080441,0
00012,1335,1050.9078965524827,2,1.7320508075688774,17.02052561151984,0
00012,1336,1796.3863634798722,2,1.2247448713915892,12.330631663218863,0
00012,1338,420.6621010779544,2,1.2247448713915892,9.632732282697262,0
00012,1342,428.0238966157534,2,1.7320508075688774,13.608490107893356,0
00012,1343,556.055082810097,2,1.7320508075688774,12.274621909145797,0
00012,1345,3516.924602171496,2,1.2247448713915892,21.93157975026536,0
00012,1347,5525.0600146897195,4,126.34080892569906,165.7001779267514,1
00012,1348,2838.202156584837,2,1.2247448713915892,15.124007308310608,0
00012,1350,1682.9500664056363,2,1.7320508075688774,18.628806514613288,0
00012,1352,1378.3697564427089,2,1.2247448713915892,15.982404672777621,0
00012,1353,984.8236554280251,2,1.2247448713915892,15.391709942543903,0
00012,1354,543.1225058326673,2,1.2247448713915892,16.13547740005419,0
00012,1356,934.3393540575588,2,1.7320508075688774,14.940300798080441,0
00012,1357,602.6236253050208,2,1.2247448713915892,27.18011072761846,0
00012,1358,793.3003055401555,2,1.7320508075688774,12.131744359753604,0
00012,1359,369.7396253682915,2,1.7320508075688774,17.02052561151984,0
00012,1360,364.62643699419726,2,1.2247448713915892,16.850871519924507,0
00012,1361,757.2646414563982,2,1.7320508075688774,12.35489466157231,0
00012,1363,2956.958600055016,2,1.2247448713915892,13.570839872811714,0
00012,1364,2219.2970717215317,2,1.2247448713915892,14.96676089459534,0
00012,1365,377.0188459818701,2,1.2247448713915892,9.97856034415482,0
00012,1368,2063.222570185095,2,1.7320508075688774,15.64522260693039,0
00012,1370,505.54891270386025,2,1.2247448713915892,12.024257783746872,0
00012,1372,359.48654031517316,2,1.2247448713915892,10.846024877291981,0
00012,1373,856.2668804011051,2,1.7320508075688774,13.944711465687524,0
00012,1375,871.6598621332477,2,1.7320508075688774,14.940300798080441,0
00012,1377,1219.6206025511206,2,1.2247448713915892,12.88107704913421,0
00012,1380,691.1536920270108,2,1.2247448713915892,14.312275476712687,0
00012,1389,910.1559309717177,2,1.7320508075688774,14.156617635372205,0
00012,1391,1076.5539633377434,2,1.7320508075688774,13.608490107893356,0
00012,1392,2326.686096275558,2,1.2247448713915892,10.132496695731643,0
00012,1395,443.12250583266734,2,1.2247448713915892,8.929976487071507,0
00012,1405,2955.829687034802,2,1.2247448713915892,15.84769634961371,0
00012,1409,861.3169125773186,2,1.2247448713915892,9.73147547315766,0
00012,1413,486.97755851975984,2,1.2247448713915892,18.058192439712705,0
00012,1420,910.5989448800736,2,1.2247448713915892,11.799028424885282,0
00012,1424,379.99271042140987,2,1.7320508075688774,12.591816277789961,0
00012,1426,2234.9164302018626,2,1.2247448713915892,15.265832808015565,0
00012,1427,574.551151648567,2,1.2247448713915892,11.919461487010038,0
00012,1433,459.7323357897014,2,1.2247448713915892,13.162288268748584,0
00012,1434,383.1297954112575,2,1.2247448713915892,18.058192439712705,0
00012,1436,3136.048253493102,2,1.2247448713915892,24.39591857664484,0
00012,1438,2278.0122277295995,2,1.2247448713915892,15.668246370509625,0
00012,1439,1149.6424712868911,2,1.2247448713915892,19.839152544388792,0
00012,1441,744.5438620699769,2,1.2247448713915892,11.324410616995431,0
00012,1443,498.51548756480986,2,1.2247448713915892,16.890939648692346,0
00012,1445,779.2261656834646,2,1.7320508075688774,17.17513630996075,0
00012,1448,1929.9203353468063,2,1.2247448713915892,13.676355848403206,0
00012,1456,355.3444046914422,2,1.2247448713915892,15.415537489646585,0
00012,1457,2275.142806950051,2,1.2247448713915892,16.859210075637083,0
00012,1458,1429.873687604239,2,1.2247448713915892,17.66017222823086,0
00012,1459,3271.190600181558,2,1.7320508075688774,15.945395900922833,0
00012,1461,1801.4655539704463,2,1.2247448713915892,16.090816348852144,0
00012,1462,646.4786779921133,2,1.2247448713915892,17.917374654730725,0
00012,1464,396.37616363025546,2,1.0,14.34460171309999,0
00012,1466,1081.2343376530985,2,1.2247448713915892,8.929976487071507,0
00012,1468,1003.7773173320315,2,1.2247448713915892,21.61477894278625,0
00012,1470,2035.634397899107,2,1.2247448713915892,14.940300798080441,0
00012,1474,3436.2697906721314,2,1.7320508075688774,15.022463535166436,0
00012,1475,4669.265984109038,2,1.2247448713915892,17.34606529266992,0
00012,1477,885.337115112852,2,1.7320508075688774,16.36005566591529,0
00012,1478,4087.467680432279,2,1.2247448713915892,20.405800205371907,0
00012,1481,1084.7337909252146,2,1.2247448713915892,17.036705770022134,0
00012,1483,1500.0709060380668,2,1.2247448713915892,13.34138332450906,0
00012,1484,1086.6686068473512,2,1.2247448713915892,18.0644637359691,0
00012,1485,1079.4500924222225,2,1.2247448713915892,15.110151390213982,0
00012,1486,1023.0666392133768,2,1.2247448713915892,18.4484038023116,0
00012,1487,1229.8809771828292,2,1.2247448713915892,11.97177956779289,0
00012,1490,412.3778298304925,2,1.2247448713915892,14.25003269780357,0
00012,1492,428.51548756480986,2,1.2247448713915892,11.21398642809591,0
00012,1494,1503.5363614266635,2,1.2247448713915892,13.282402974434953,0
00012,1495,838.4596209455194,2,1.2247448713915892,19.414248481358914,0
00012,1496,375.35169427003234,2,1.7320508075688774,16.778654880960335,0
00012,1497,361.16827118419116,2,1.7320508075688774,10.379430589455179,0
00012,1503,1145.2399610314515,2,1.2247448713915892,17.152571328639585,0
00012,1505,674.2907770168584,2,1.2247448713915892,14.030739616462228,0
00012,1510,2608.333308549758,2,1.2247448713915892,14.96676089459534,0
00012,1512,1112.8208437388487,2,1.2247448713915892,14.771136671103973,0
00012,1514,440.94918401459284,2,1.2247448713915892,22.619864948040405,0
00012,1522,825.5003356631598,2,1.2247448713915892,8.97262661489648,0
00012,1523,1423.3270138450853,2,1.7320508075688774,13.157955671809123,0
00012,1525,948.4596209455193,2,1.2247448713915892,9.525333457996695,0
00012,1526,874.03769196374,2,1.2247448713915892,11.45057553871207,0
00012,1533,1025.7607102948684,2,1.7320508075688774,12.320605306284394,0
00012,1534,1206.7171838880517,2,1.7320508075688774,19.8192376741559,0
00012,1535,488.76857261792827,2,1.2247448713915892,22.01204700889899,0
00012,1540,1213.0860579397167,2,1.2247448713915892,13.676355848403206,0
00012,1542,651.1124045649007,2,1.2247448713915892,7.932034576987828,0
00012,1543,650.4503034869463,2,1.7320508075688774,19.683476516542637,0
00012,1544,584.8455241637955,2,1.7320508075688774,12.591816277789961,0
00012,1546,566.5806716426733,2,1.2247448713915892,19.741553934286124,0
00012,1549,387.51772650951665,2,1.2247448713915892,8.719411308414095,0
00012,1550,1774.677924305924,2,1.2247448713915892,12.914009847477454,0
00012,1551,2181.2318876436675,2,1.2247448713915892,12.996691136977345,0
00012,1552,627.7708115626349,2,1.7320508075688774,17.02052561151984,0
00012,1559,643.0885079491474,2,1.7320508075688774,17.622325575320776,0
00012,1560,1576.490807139863,2,1.7320508075688774,15.680237708670893,0
00012,1561,465.1253175218439,2,1.2247448713915892,10.782191364032935,0
00012,1565,562.0834573152639,2,1.2247448713915892,12.914009847477482,0
00012,1566,470.66210107795445,2,1.2247448713915892,11.093723011557817,0
00012,1570,1044.2907770168586,2,1.7320508075688774,13.608490107893356,0
00012,1572,724.7969471230953,2,1.2247448713915892,14.458287920298085,0
00012,1575,2069.3116508787116,2,1.2247448713915892,22.05343649554891,0
00012,1576,1768.1288005373399,2,1.2247448713915892,10.519734890658631,0
00012,1577,474.33935405755886,2,1.2247448713915892,16.69621246795301,0
00012,1578,737.250062299218,2,1.2247448713915892,11.31531114762967,0
00012,1584,1006.293588706035,2,1.7320508075688774,16.031892858769208,0
00012,1585,2364.909140623272,2,1.2247448713915892,14.594491217911127,0
00012,1591,421.91294718636595,2,1.2247448713915892,11.093723011557817,0
00012,1592,1227.598372135604,2,1.2247448713915892,15.766362376334218,0
00012,1593,1647.145618639227,2,1.2247448713915892,18.15616285928707,0
00012,1599,641.8983680291856,2,1.2247448713915892,11.298480339149979,0
00012,1600,363.3828804643759,2,1.7320508075688774,13.022220204498893,0
00012,1602,1466.6273193852412,2,1.2247448713915892,17.548400613792293,0
00012,1603,1007.4691494688163,2,1.7320508075688774,15.860885753822314,0
00012,1604,1110.3385702483656,2,1.2247448713915892,15.257220552533585,0
00012,1605,1167.7343636696842,2,1.2247448713915892,11.045738371751995,0
00012,1612,1445.1986735693413,2,1.2247448713915892,15.492111415740014,0
00012,1615,423.12250583266734,2,1.2247448713915892,14.302914425322847,0
00012,1617,1279.6837587490013,2,1.7320508075688774,17.297929208030258,0
00012,1618,420.6960989614745,2,1.2247448713915892,13.184399551949827,0
00012,1619,552.117455198784,2,1.2247448713915892,8.996653103883235,0
00012,1627,1283.5169427003234,2,1.2247448713915892,10.933567178524408,0
00012,1628,5470.022789258963,2,1.2247448713915892,20.2248594311681,0
00012,1629,582.4045381354224,2,1.2247448713915892,21.248067091148688,0
00012,1637,1294.952878094813,2,1.2247448713915892,11.26818981387327,0
00012,1638,2592.392869249269,2,1.2247448713915892,20.847548917249746,0
00012,1640,903.5873884767939,2,1.7320508075688774,23.40468955103232,0
00012,1642,3619.4777817000454,2,1.2247448713915892,14.207740332072742,0
00012,1644,1564.4588371363257,2,1.2247448713915892,11.976725812374122,0
00012,1647,1333.3270138450853,2,1.7320508075688774,16.69621246795301,0
00012,1648,1077.9267425343528,2,1.2247448713915892,19.742727938055452,0
00012,1650,977.454570311636,2,1.2247448713915892,16.31574952077579,0
00012,1651,2867.0071770957165,2,1.2247448713915892,17.752790161946674,0
00012,1652,745.0427425976234,2,1.2247448713915892,11.45057553871207,0
00012,1653,793.5800988982037,2,1.2247448713915892,25.425246845729088,0
00012,1662,526.7657609287517,2,1.2247448713915892,15.492111415740014,0
00012,1664,847.2500622992178,2,1.2247448713915892,11.534960329839032,0
00012,1666,796.2935887060348,2,1.2247448713915892,19.46358094358947,0
00012,1671,1525.4517586224597,2,1.2247448713915892,14.112962817904242,0
00012,1673,2351.05653794561,2,1.7320508075688774,12.274621909145797,0
00012,1674,624.5924391106771,2,1.7320508075688774,15.942368605628612,0
00012,1676,854.7556596609851,2,1.2247448713915892,16.422718436738947,0
00012,1677,1340.5843657228936,2,1.2247448713915892,16.33471309151125,0
00012,1678,909.6983379061813,2,1.7320508075688774,18.848589344405234,0
00012,1680,1353.98182534445,2,1.2247448713915892,10.519734890658631,0
00012,1683,2627.0484645578263,2,1.2247448713915892,19.278443707507016,0
00012,1684,2960.935065119009,2,1.2247448713915892,13.34138332450906,0
00012,1685,3690.818492311268,2,1.2247448713915892,22.20408512078911,0
00012,1688,2684.1231771589873,2,1.2247448713915892,20.078032170661366,0
00012,1690,636.0550828100969,2,1.7320508075688774,17.297592375620344,0
00012,1694,372.91070824165917,2,1.2247448713915892,24.39591857664484,0
00012,1695,391.4480645422395,2,1.2247448713915892,16.038873613518785,0
00012,1696,414.5924391106772,2,1.2247448713915892,17.513527099323248,0
00012,1699,1380.2705744813252,2,1.2247448713915892,10.792113509892864,0
00012,1702,515.5902001659704,2,1.2247448713915892,12.024257783746872,0
00012,1705,1074.952878094813,2,1.2247448713915892,8.347689227410978,0
00012,1710,1456.1551471625244,2,1.2247448713915892,11.26818981387327,0
00012,1712,578.7272851558179,2,1.2247448713915892,9.020145644905352,0
00012,1718,997.4764390474064,2,1.7320508075688774,12.653082728689894,0
00012,1722,527.5177265095166,2,1.2247448713915892,15.668246370509625,0
00012,1724,4838.927874122268,2,1.2247448713915892,15.95031652491279,0
00012,1726,7755.026694403906,2,1.7320508075688774,17.752790161946674,0
00012,1728,14874.934804207202,4,221.95157129428034,153.2526350190633,1
00012,1730,629.4379632744726,2,1.2247448713915892,14.296061320464503,0
00012,1731,2719.4190048097294,2,1.2247448713915892,17.02386618499577,0
00012,1733,6950.974883544581,2,1.2247448713915892,23.166286414184405,0
00012,1735,1632.5386003713697,2,1.2247448713915892,21.282528412009448,0
00012,1737,2657.2723912965844,2,1.2247448713915892,22.546648952176245,0
00012,1739,3202.6240855666165,2,1.2247448713915892,17.906233540182477,0
00012,1740,868.8905057061259,2,1.2247448713915892,19.503182067842452,0
00012,1741,1951.9838532244326,2,1.2247448713915892,13.952736395536723,0
00012,1742,3971.264954285235,4,91.74148461846472,158.26431297862274,1
00012,1743,4384.96791751359,2,1.2247448713915892,15.999486362386753,0
00012,1744,834.03769196374,2,1.2247448713915892,15.564806661388387,0
00012,1745,3274.517614026643,2,1.2247448713915892,18.628806514613288,0
00012,1746,4599.409265221708,2,1.2247448713915892,14.017868385408812,0
00012,1747,941.8837888720054,2,1.2247448713915892,16.227695169248033,0
00012,1748,1624.7532096515547,2,1.2247448713915892,22.68908682537175,0
00012,1750,4611.407237341726,2,1.7320508075688774,22.490445766336034,0
00012,1751,935.7048436755778,2,1.2247448713915892,17.159883671642312,0
00012,1753,3768.2240253206073,2,1.7320508075688774,16.80387970785135,0
00012,1754,730.3944368676557,2,1.2247448713915892,14.277568955307848,0
00012,1755,3023.6607445242907,2,1.7320508075688774,19.354496074488264,0
00012,1756,745.0014551355132,2,1.2247448713915892,17.78426303277903,0
00012,1757,2289.6866690200277,2,1.2247448713915892,14.385676457900244,0
00012,1758,369.7323357897014,2,1.2247448713915892,13.9884221248062,0
00012,1760,1732.5240212141894,2,1.2247448713915892,9.73686010840579,0
00012,1762,1382.8135541602587,2,1.2247448713915892,24.6504699466639,0
00012,1763,1585.4371794652798,2,1.2247448713915892,19.744900651159302,0
00012,1764,2719.664800284257,2,1.2247448713915892,20.624495013972023,0
00012,1766,2958.413954175846,2,1.2247448713915892,23.538201474559692,0
00012,1768,4172.225790102695,2,1.2247448713915892,12.320605306284394,0
00012,1769,1157.476439047407,2,1.7320508075688774,12.739878369558308,0
00012,1771,2168.0753839274803,2,1.2247448713915892,17.23259053153542,0
00012,1772,1636.7511817715713,2,1.7320508075688774,23.842636023792352,0
00012,1773,615.0913196383237,2,1.7320508075688774,15.364658004399262,0
00012,1774,707.9340321129428,2,1.2247448713915892,12.265003153107942,0
00012,1776,2786.936731319245,2,1.2247448713915892,14.675676721297531,0
00012,1778,2114.3689726335156,2,1.2247448713915892,15.740963203538316,0
00012,1779,708.2284046281715,2,1.7320508075688774,20.413327213896814,0
00012,1781,3592.935426798754,2,1.2247448713915892,15.69169574742416,0
00012,1783,1018.179827587471,2,1.2247448713915892,19.638493946269488,0
00012,1786,1471.574837199597,2,1.2247448713915892,27.955777829308914,0
00012,1790,927.1747769535876,2,1.2247448713915892,14.385676457900244,0
00012,1791,470.6960989614745,2,1.2247448713915892,19.98383933749122,0
00012,1792,508.0166070371633,2,1.2247448713915892,25.532403386533897,0
00012,1794,1489.859108447059,2,1.2247448713915892,19.683476516542658,0
00012,1796,3970.051947573323,2,1.2247448713915892,28.751518538042067,0
00012,1801,1579.292232152372,2,1.2247448713915892,15.043890727577839,0
00012,1805,2458.6203914863972,2,1.2247448713915892,17.513527099323248,0
00012,1806,2328.2726023613086,2,1.2247448713915892,14.307202625700132,0
00012,1807,777.5371452358563,2,1.2247448713915892,15.740963203538316,0
00012,1810,1943.9478274609296,2,1.7320508075688774,16.890939648692346,0
00012,1812,2021.9644344980932,2,1.2247448713915892,17.548400613792293,0
00012,1815,943.8258943727319,2,1.2247448713915892,25.644340343736665,0
00012,1816,744.8042367016853,2,1.7320508075688774,12.024257783746872,0
00012,1820,1157.7003657861646,2,1.2247448713915892,21.958143195823045,0
00012,1823,4966.423271634419,2,1.7320508075688774,20.07511419211791,0
00012,1824,1048.4402022191798,2,1.7320508075688774,14.940300798080441,0
00012,1827,5760.205949246907,2,1.2247448713915892,15.476117263811306,0
00012,1829,2571.1274439836766,2,1.2247448713915892,11.045738371751995,0
00012,1831,872.5677586857303,2,1.2247448713915892,11.309932474020162,0
00012,1832,1135.0281634404437,2,1.2247448713915892,18.60183317969281,0
00012,1833,908.9803702089363,2,1.7320508075688774,16.778654880960335,0
00012,1837,462.4118277140126,2,1.2247448713915892,22.249023657212383,0
00012,1838,1217.7003657861642,2,1.2247448713915892,18.756258058384674,0
00012,1840,3584.4010412189023,2,1.2247448713915892,20.96336086917346,0
00012,1841,2240.479922062903,2,1.2247448713915892,21.05172443537291,0
00012,1842,1415.3958920031691,2,1.2247448713915892,12.88107704913421,0
00012,1843,359.23345526205475,2,1.2247448713915892,17.417893096145864,0
00012,1845,811.1731107533507,2,1.2247448713915892,12.34448193317843,0
00012,1847,1843.1254161036936,2,1.2247448713915892,10.38717789100708,0
00012,1849,1893.378501156812,2,1.2247448713915892,19.49798612486769,0
00012,1862,3244.743990774831,2,1.2247448713915892,13.608490107893356,0
00012,1863,2311.212468917328,2,1.2247448713915892,15.81630484821699,0
00012,1864,838.9585014731659,2,1.2247448713915892,13.703039448302473,0
00012,1866,2347.1261999128874,2,1.7320508075688774,12.933154491899106,0
00012,1868,1483.7360298699214,2,1.2247448713915892,15.608398603079102,0
00012,1870,2821.127443983677,2,1.2247448713915892,11.26818981387327,0
00012,1875,637.2646414563983,2,1.2247448713915892,19.46649821410028,0
00012,1877,3919.5724857720156,2,1.2247448713915892,13.590579654675997,0
00012,1878,1078.8977952847163,2,1.7320508075688774,17.622325575320776,0
00012,1879,542.3778298304926,2,1.7320508075688774,12.364552990274685,0
00012,1880,1128.849218244016,2,1.2247448713915892,25.17394178746622,0
00012,1882,788.8905057061257,2,1.2247448713915892,18.003694938225852,0
00012,1884,351.160981605601,2,1.2247448713915892,10.519734890658631,0
00012,1888,683.0885079491472,2,1.7320508075688774,10.480315851966777,0
00012,1890,1236.9071127432899,2,1.2247448713915892,11.787368954322078,0
00012,1893,1115.3031172293322,2,1.7320508075688774,14.28336022687897,0
00012,1895,1725.989476602786,2,1.2247448713915892,14.646751707511767,0
00012,1896,576.0550828100969,2,1.7320508075688774,12.274621909145797,0
00012,1897,838.2138254709912,2,1.2247448713915892,12.925766337790986,0
00012,1899,352.9107082416592,2,1.2247448713915892,8.29539398996445,0
00012,1900,1530.0854851952472,2,1.2247448713915892,10.844500067342418,0
00012,1901,454.3806415196691,2,1.7320508075688774,13.177716305610357,0
00012,1905,2254.383551790696,2,1.2247448713915892,14.03464793519859,0
00012,1906,398.0166070371633,2,1.2247448713915892,11.98109552978984,0
00012,1908,393.87447141343233,2,1.2247448713915892,8.591332813496729,0
00012,1910,1089.9368438021197,2,1.7320508075688774,11.919461487010038,0
00012,1911,787.2719310349884,2,1.7320508075688774,11.095803283136375,0
00012,1912,1870.9253859806895,2,1.2247448713915892,12.30998866432854,0
00012,1913,1005.9919266122163,2,1.2247448713915892,15.217973304576368,0
00012,1914,1659.1702990641743,2,1.7320508075688774,14.26451229807996,0
00012,1916,423.88176099202246,2,1.7320508075688774,13.608490107893356,0
00012,1917,387.0188459818701,2,1.2247448713915892,10.1026117916876,0
00012,1919,686.2523012439246,2,1.2247448713915892,8.747040881616211,0
00012,1924,1395.7534207162785,2,1.7320508075688774,17.17430827338209,0
00012,1925,738.7199955772278,2,1.2247448713915892,18.156162859287047,0
00012,1935,1258.1312505467708,2,1.2247448713915892,13.003911942822842,0
00012,1937,1368.1652484302908,2,1.2247448713915892,13.608490107893356,0
00012,1941,420.94918401459284,2,1.2247448713915892,12.925766337790986,0
00012,1946,1001.1658211747605,2,1.2247448713915892,18.143595793043936,0
00012,1949,1598.0753839274807,2,1.2247448713915892,17.1018172581828,0
00012,1951,1053.8113152155515,2,1.2247448713915892,10.58092894199034,0
00012,1954,1384.2761978596786,2,1.2247448713915892,20.624495013972023,0
00012,1955,4629.080894822959,2,1.2247448713915892,22.05343649554891,0
00012,1956,1160.5989448800738,2,1.2247448713915892,15.068488159492201,0
00012,1957,2880.4726324843123,2,1.2247448713915892,15.942368605628612,0
00012,1959,935.0621613239632,2,1.2247448713915892,28.548791225633764,0
00012,1960,399.2334552620548,2,1.2247448713915892,24.206160528982046,0
00012,1963,363.1370849898476,2,1.4142135623730951,12.355359865083562,0
00012,1971,698.9463723254163,2,1.7320508075688774,13.190610712206839,0
00012,1972,430.4575930655364,2,1.7320508075688774,13.608490107893356,0
00012,1974,433.1225058326674,2,1.2247448713915892,8.876395080973326,0
00012,1977,490.7033885400646,2,1.7320508075688774,12.260378212296978,0
00012,1978,960.9418944360027,2,1.7320508075688774,19.839152544388792,0
00012,1979,598.9730806303462,2,1.2247448713915892,27.64698741595451,0
00012,1982,918.727285155818,2,1.7320508075688774,15.64522260693039,0
00012,1983,353.63596551749424,2,1.7320508075688774,14.940300798080441,0
00012,1984,971.6185746711374,2,1.7320508075688774,17.70298069253067,0
00012,1989,1150.606234458664,2,1.2247448713915892,20.397613477335724,0
00012,1990,741.1124045649005,2,1.2247448713915892,11.45057553871207,0
00012,1992,1569.129011602064,2,1.2247448713915892,16.33471309151125,0
00012,1994,1059.1702990641743,2,1.2247448713915892,10.560643405335785,0
00012,1995,735.5562022824504,2,1.7320508075688774,16.227695169248033,0
00012,2001,1895.8947725308153,2,1.2247448713915892,14.594491217911127,0
00012,2002,737.2646414563982,2,1.7320508075688774,12.825725812557076,0
00012,2005,777.6809470598245,2,1.2247448713915892,10.785276718216169,0
00012,2009,1632.4973129092596,2,1.2247448713915892,14.963217433307127,0
00012,2010,1390.830161197422,2,1.2247448713915892,22.972489226381338,0
00012,2015,1304.7629492395754,2,1.7320508075688774,12.35489466157231,0
00012,2018,524.3320644789687,2,1.2247448713915892,8.876395080973326,0
00012,2024,551.160981605601,2,1.2247448713915892,10.792113509892864,0
00012,2025,647.2646414563982,2,1.2247448713915892,15.415537489646585,0
00012,2026,444.5924391106772,2,1.2247448713915892,14.28336022687897,0
00012,2027,1973.99640450163,2,1.7320508075688774,13.608490107893356,0
00012,2031,407.0188459818701,2,1.2247448713915892,17.513527099323248,0
00012,2037,653.7918964892117,2,1.2247448713915892,10.299242558087482,0
00012,2042,491.1536920270109,2,1.2247448713915892,10.238063413218388,0
00012,2044,586.2595908225148,2,1.2247448713915892,10.180687503249409,0
00012,2054,1772.9281976698658,2,1.2247448713915892,14.390575635315713,0
00012,2058,575.8092873355687,2,1.7320508075688774,17.917374654730725,0
00012,2062,1457.9048737985822,2,1.2247448713915892,11.377525703629253,0
00012,2063,378.7345747344082,2,1.2247448713915892,9.239552728042577,0
00012,2064,815.50762524175,2,1.2247448713915892,11.309932474020195,0
00012,2066,2197.1043311771173,2,1.2247448713915892,15.64522260693039,0
00012,2067,774.346643636149,2,1.7320508075688774,17.02052561151984,0
00012,2068,967.9340321129428,2,1.2247448713915892,14.458287920298085,0
00012,2070,1443.0739287919673,2,1.7320508075688774,12.35489466157231,0
00012,2072,1693.4003698925826,2,1.2247448713915892,18.628806514613288,0
00012,2075,6703.649535899733,2,1.2247448713915892,21.178235067483588,0
00012,2077,359.1994573785347,2,1.2247448713915892,8.719411308414095,0
00012,2079,355.0913196383238,2,1.2247448713915892,12.88107704913421,0
00012,2080,737.7295241005247,2,1.7320508075688774,12.697629229198885,0
00012,2085,1122.5604691071403,2,1.2247448713915892,20.420344853999907,0
00012,2087,1734.0012440707897,2,1.2247448713915892,21.14283776732554,0
00012,2089,714.5365724913867,2,1.2247448713915892,9.32832813622616,0
00012,2090,636.9362710576495,2,1.2247448713915892,13.25057708805898,0
00012,2092,706.7657609287517,2,1.7320508075688774,16.80387970785135,0
00012,2099,803.8744714134322,2,1.7320508075688774,12.739878369558308,0
00012,2101,1785.4517586224595,2,1.7320508075688774,14.594491217911127,0
00012,2112,355.0913196383238,2,1.2247448713915892,11.818802318551825,0
00012,2113,407.77081156263506,2,1.2247448713915892,13.099911532688187,0
00012,2121,611.399487501539,2,1.2247448713915892,10.467317947848274,0
00012,2123,599.4379632744727,2,1.2247448713915892,9.239552728042577,0
00012,2124,523.8671818348422,2,1.2247448713915892,13.590579654675997,0
00012,2126,578.48877925988,2,1.7320508075688774,15.022463535166436,0
00012,2128,584.5924391106772,2,1.7320508075688774,13.134022306396327,0
00012,2137,359.9514229592997,2,1.2247448713915892,9.121860957131704,0
00012,2144,356.80704839086195,2,1.2247448713915892,8.213210701738193,0
00012,2146,517.5104369309265,2,1.2247448713915892,11.036855908610216,0
00012,2150,2246.4228113728227,2,1.7320508075688774,12.933154491899106,0
00012,2152,1091.767216064265,2,1.2247448713915892,9.518421787129226,0
00012,2154,412.62362530502077,2,1.2247448713915892,20.867986431377254,0
00012,2158,1162.2393882869815,2,1.2247448713915892,13.25057708805898,0
00012,2159,1563.4270781975129,2,1.2247448713915892,12.996691136977345,0
00012,2160,1257.0115564032803,2,1.7320508075688774,18.73599759140695,0
00012,2161,707.4691494688163,2,1.2247448713915892,19.653824058053313,0
00012,2163,476.01379534798673,2,1.2247448713915892,27.41271607862907,0
00012,2164,1255.9919266122163,2,1.2247448713915892,15.391709942543903,0
00012,2165,381.6671517118378,2,1.7320508075688774,12.320605306284394,0
00012,2166,2115.593110436997,2,1.2247448713915892,12.914009847477454,0
00012,2167,1434.9382989376327,2,1.2247448713915892,26.762188506851494,0
00012,2170,694.7896575445051,2,1.2247448713915892,11.395654497720006,0
00012,2171,1363.2784368043854,2,1.2247448713915892,14.021094366224647,0
00012,2172,1852.5750482643202,2,1.7320508075688774,12.555016401827574,0
00012,2179,639.9368438021193,2,1.2247448713915892,11.093723011557817,0
00012,2180,860.1413518145373,2,1.2247448713915892,10.846024877291981,0
00012,2181,400.66210107795445,2,1.2247448713915892,11.837799174187134,0
00012,2182,381.4553541208296,2,1.7320508075688774,14.458287920298085,0
00012,2183,1489.51131932197,2,1.2247448713915892,14.961472674128801,0
00012,2184,595.7607102948683,2,1.2247448713915892,13.240519915187184,0
00012,2185,718.1871171660612,2,1.2247448713915892,9.725744123593364,0
00012,2186,548.7345747344082,2,1.7320508075688774,12.591816277789961,0
00012,2187,362.842712474619,2,1.0,4.028263666485194,0
00012,2190,508.93908274682616,2,1.2247448713915892,9.525333457996695,0
00012,2191,406.26688040110514,2,1.2247448713915892,10.519734890658631,0
00012,2194,2302.694531343088,2,1.2247448713915892,15.492111415740014,0
00012,2196,1140.1340622359476,2,1.2247448713915892,15.684206202064507,0
00012,2197,1965.770910144485,2,1.2247448713915892,9.305027682630392,0
00012,2201,1096.062372388687,2,1.7320508075688774,8.189205763930195,0
00012,2202,1418.890505706126,2,1.7320508075688774,13.608490107893356,0
00012,2205,914.00369408022,2,1.2247448713915892,14.594491217911127,0
00012,2208,419.6983379061813,2,1.2247448713915892,11.902687058142012,0
00012,2210,559.6983379061813,2,1.7320508075688774,15.64522260693039,0
00012,2212,498.4402022191796,2,1.2247448713915892,11.77172574335181,0
00012,2213,508.0166070371633,2,1.2247448713915892,11.005169367408227,0
00012,2218,2619.749825217908,2,1.7320508075688774,15.364658004399262,0
00012,2220,636.7657609287517,2,1.2247448713915892,22.50160118866046,0
00012,2222,2544.498195300303,2,1.2247448713915892,10.524834170647566,0
00012,2224,1890.810742471082,2,1.7320508075688774,19.8192376741559,0
00012,2226,1307.7222345219348,2,1.7320508075688774,17.622325575320776,0
00012,2227,685.2958276507418,2,1.2247448713915892,13.807889908837273,0
00012,2228,3779.8086021082254,2,1.2247448713915892,13.162288268748584,0
00012,2236,715.9992161908065,2,1.2247448713915892,16.950320275518177,0
00012,2241,1406.756021340731,2,1.2247448713915892,12.969761632911768,0
00012,2245,874.2834874382683,2,1.2247448713915892,11.453132073492164,0
00012,2247,533.0812183705572,2,1.2247448713915892,12.265003153107942,0
00012,2251,909.9514229592996,2,1.7320508075688774,13.608490107893356,0
00012,2252,440.44301390835614,2,1.2247448713915892,12.265003153107942,0
00012,2253,991.6185746711374,2,1.7320508075688774,12.35489466157231,0
00012,2254,2111.350910460839,2,1.7320508075688774,19.503182067842474,0
00012,2255,1186.873114859769,2,1.2247448713915892,12.925766337790986,0
00012,2256,1150.6621010779545,2,1.7320508075688774,17.02052561151984,0
00012,2260,536.3081678632153,2,1.7320508075688774,17.02052561151984,0
00012,2265,1100.8034528924918,2,1.2247448713915892,8.089382470772563,0
00012,2266,704.5851495320871,2,1.4348778704286018,11.453132073492164,0
00012,2270,1205.6562666348777,2,1.2247448713915892,9.239552728042577,0
00012,2271,1990.0514873117268,2,1.7320508075688774,16.422718436738947,0
00012,2272,833.3197242664951,2,1.2247448713915892,11.916051630952085,0
00012,2275,378.7758621965184,2,1.7320508075688774,13.703039448302473,0
00012,2276,442.15874266089423,2,1.2247448713915892,16.77590820749071,0
00012,2277,1146.5175154447934,2,1.2247448713915892,14.044199143931941,0
00012,2279,671.1124045649007,2,1.2247448713915892,9.124495466661452,0
00012,2282,1654.3568434857657,2,1.2247448713915892,13.194592624397488,0
00012,2284,2052.332163060819,2,1.2247448713915892,10.018575415478931,0
00012,2285,1640.2827036290746,2,1.2247448713915892,13.72971871287025,0
00012,2292,3426.5325548635687,2,1.2247448713915892,14.96676089459534,0
00012,2300,442.15874266089423,2,1.2247448713915892,10.519734890658631,0
00012,2302,822.6163357264306,2,1.2247448713915892,9.725744123593401,0
00012,2304,637.223353994288,2,1.2247448713915892,14.993751272055627,0
00012,2305,370.7033885400646,2,1.7320508075688774,14.313838776615842,0
00012,2306,1246.7293130358012,2,1.2247448713915892,12.739878369558308,0
00012,2308,556.5466737591534,2,1.2247448713915892,11.615211547501852,0
00012,2311,665.0427425976234,2,1.2247448713915892,14.654054617762734,0
00012,2313,566.0477932315067,2,1.2247448713915892,12.925766337790986,0
00012,2315,409.24074484064494,2,1.7320508075688774,12.35489466157231,0
00012,2320,422.16603223948437,2,1.7320508075688774,12.591816277789961,0
00012,2322,568.9390827468261,2,1.2247448713915892,9.888304704468789,0
00012,2323,467.76352198404487,2,1.2247448713915892,9.32832813622616,0
00012,2324,756.7511817715713,2,1.2247448713915892,12.88107704913421,0
00012,2325,1232.7649771195588,2,1.2247448713915892,23.97577371272971,0
00012,2326,840.2093475815775,2,1.2247448713915892,11.301779507577658,0
00012,2327,730.9151861310728,2,1.7320508075688774,15.982404672777621,0
00012,2329,1134.0449815423303,2,1.7320508075688774,12.591816277789961,0
00012,2336,577.5177265095166,2,1.4348778704286018,19.46358094358947,0
00012,2338,453.3755908857857,2,1.2247448713915892,9.351481855002914,0
00012,2340,1365.902062109406,2,1.2247448713915892,14.141110233931645,0
00012,2345,350.94918401459284,2,1.2247448713915892,14.716373032870864,0
00012,2347,509.19216779994457,2,1.2247448713915892,9.239552728042577,0
00012,2348,1466.6127402280604,2,1.2247448713915892,12.274621909145797,0
00012,2349,672.6309148836109,2,1.7320508075688774,17.297592375620344,0
00012,2351,757.7489428268644,2,1.2247448713915892,17.652682048706215,0
00012,2354,1153.025351751267,2,1.2247448713915892,15.086250319449425,0
00012,2355,2913.9818253444496,2,1.7320508075688774,14.675676721297531,0
00012,2358,1028.6787081151176,2,1.2247448713915892,14.675676721297531,0
00012,2359,855.2812484935615,2,1.2247448713915892,15.253195851862717,0
00012,2360,1345.273958914972,2,1.2247448713915892,14.940300798080441,0
00012,2363,525.0573217548038,2,1.7320508075688774,12.933154491899106,0
00012,2365,447.77081156263506,2,1.2247448713915892,16.099844299134098,0
00012,2366,2062.4706046043298,2,1.2247448713915892,17.23259053153542,0
00012,2367,499.94413338070956,2,1.2247448713915892,13.60849010789333,0
00012,2371,1965.1962235599103,2,1.2247448713915892,15.57453295317905,0
00012,2372,1083.3051451093152,2,1.2247448713915892,16.2485104222912,0
00012,2374,2398.0753839274803,2,1.7320508075688774,17.23259053153542,0
00012,2375,684.3733519410787,2,1.7320508075688774,19.471220634490695,0
00012,2376,450.7640947285147,2,1.0,17.34606529266992,0
00012,2377,1750.2754140504849,2,1.2247448713915892,19.49798612486769,0
00012,2380,1771.09053582913,2,1.7320508075688774,23.385645542903703,0
00012,2386,830.8253216282621,2,1.2247448713915892,10.60914287819527,0
00012,2392,739.6084734033707,2,1.2247448713915892,11.365430463313274,0
00012,2396,1292.6556938904082,2,1.2247448713915892,9.525333457996695,0
00012,2397,362.37782983049254,2,1.2247448713915892,10.519734890658631,0
00012,2404,985.2545401886315,2,1.2247448713915892,10.830278237645857,0
00012,2407,991.5287101683267,2,1.2247448713915892,12.347979588092818,0
00012,2408,406.5612529163337,2,1.7320508075688774,14.940300798080441,0
00012,2412,1892.0542990009035,2,1.7320508075688774,16.227695169248033,0
00012,2414,751.6525725546575,2,1.2247448713915892,26.08454155204704,0
00012,2416,574.8795220473157,2,1.7320508075688774,20.397613477335724,0
00012,2421,1781.998432381613,2,1.2247448713915892,10.670695265781017,0
00012,2430,818.9390827468262,2,1.4348778704286018,12.591816277789961,0
00012,2435,773.6068072031336,2,1.2247448713915892,9.315903292097554,0
00012,2441,3002.767887390585,2,1.2247448713915892,18.434948822921996,0
00012,2443,5041.828903225609,2,1.2247448713915892,14.458287920298085,0
00012,2445,955.8481247882482,2,1.2247448713915892,12.051553463954837,0
00012,2447,856.7657609287517,2,1.7320508075688774,14.940300798080441,0
00012,2448,936.225592938995,2,1.7320508075688774,10.98865109649398,0
00012,2449,457.7781011412252,2,1.7320508075688774,12.591816277789961,0
00012,2451,507.0455542868,2,1.2247448713915892,15.201075074127315,0
00012,2452,3008.401825028096,2,1.2247448713915892,17.297929208030258,0
00012,2453,851.1464024484208,2,1.2247448713915892,11.69405908604594,0
00012,2455,1310.0514873117268,2,1.2247448713915892,13.34138332450906,0
00012,2457,1379.0464366778438,2,1.2247448713915892,11.309932474020195,0
00012,2458,591.4067770801292,2,1.2247448713915892,12.131744359753604,0
00012,2463,505.0500321762136,2,1.2247448713915892,10.519734890658631,0
00012,2464,1508.138540125361,2,1.7320508075688774,16.069266650539777,0
00012,2465,455.3444046914422,2,1.7320508075688774,20.07511419211791,0
00012,2466,1608.384335599889,2,1.7320508075688774,12.739878369558308,0
00012,2467,785.2132527265214,2,1.2247448713915892,11.530281719718545,0
00012,2469,2195.2574504596587,2,1.2247448713915892,12.604382648379175,0
00012,2474,5570.507611340726,2,1.2247448713915892,21.783637563936974,0
00012,2476,1426.1964346246345,2,1.2247448713915892,16.6209512676335,0
00012,2477,1567.1529082178176,2,1.2247448713915892,12.739878369558308,0
00012,2478,1475.7874185997985,2,1.7320508075688774,15.668246370509625,0
00012,2479,1157.4618598902264,2,1.2247448713915892,17.679553498070234,0
00012,2480,652.6576231885408,2,1.2247448713915892,19.496001887415044,0
00012,2481,773.5800988982038,2,1.2247448713915892,12.033717480456495,0
00012,2482,6786.190586280533,2,1.2247448713915892,18.366700635149844,0
00012,2484,2008.1239609681807,2,1.7320508075688774,17.752790161946674,0
00012,2485,2475.4206710099656,2,1.2247448713915892,16.556062750119516,0
00012,2486,5114.691034426567,2,1.2247448713915892,17.892294753607977,0
00012,2488,789.6983379061812,2,1.7320508075688774,13.608490107893356,0
00012,2489,1663.0107725940866,2,1.2247448713915892,17.23259053153542,0
00012,2491,5855.194754523373,2,1.2247448713915892,27.643779721150395,0
00012,2492,3228.02680688678,2,1.7320508075688774,13.267116625506935,0
00012,2493,805.0087447141034,2,1.2247448713915892,12.98147121077124,0
00012,2494,991.8643701456656,2,1.7320508075688774,19.374556182843357,0
00012,2496,1003.3343034236755,2,1.7320508075688774,16.699244233993635,0
00012,2497,2138.593683181467,2,1.2247448713915892,20.34977161104105,0
00012,2499,1938.8346390868353,2,1.7320508075688774,17.892294753607995,0
00012,2502,2095.2666693363817,2,1.7320508075688774,12.653082728689894,0
00012,2505,2492.6605334595674,2,1.2247448713915892,15.95031652491279,0
00012,2509,1452.7649771195584,2,1.2247448713915892,23.895508186161475,0
00012,2515,1051.6452829760674,2,1.2247448713915892,14.727143263511532,0
00012,2516,552.3705402519023,2,1.2247448713915892,11.005169367408227,0
00012,2518,504.12026688796055,2,1.2247448713915892,13.400914276397783,0
00012,2519,387.77081156263506,2,1.2247448713915892,23.839134166508487,0
00012,2521,1816.9556897839893,2,1.7320508075688774,15.64522260693039,0
00012,2523,442.88399993672925,2,1.7320508075688774,15.81630484821699,0
00012,2534,1904.9431385067921,2,1.2247448713915892,14.96676089459534,0
00012,2535,647.9340321129428,2,1.2247448713915892,11.811458083446446,0
00012,2537,873.0326413298567,2,1.2247448713915892,9.995884054018944,0
00012,2539,511.92023676495614,2,1.7320508075688774,14.940300798080441,0
00012,2540,747.8927446508326,2,1.2247448713915892,9.995884054018944,0
00012,2543,732.3219632112019,2,1.2247448713915892,10.354364895193218,0
00012,2548,1969.7498252179082,2,1.2247448713915892,16.33471309151125,0
00012,2549,369.9514229592997,2,1.2247448713915892,21.91222983644508,0
00012,2550,1123.8040256369618,2,1.2247448713915892,9.995884054018944,0
00012,2555,1941.759926485675,2,1.2247448713915892,39.653397467732646,0
00012,2556,3075.1160986451205,2,1.7320508075688774,13.608490107893356,0
00012,2558,7382.44236681316,2,1.2247448713915892,16.684328403835085,0
00012,2560,600.4357243297659,2,1.2247448713915892,11.266189777038273,0
00012,2561,703.5388114360935,2,1.2247448713915892,14.034647935198617,0
00012,2562,761.8303722621455,2,1.2247448713915892,21.801409486351798,0
00012,2564,3278.112292082026,2,1.2247448713915892,14.426417022399677,0
00012,2568,1099.3480987716625,2,1.2247448713915892,21.783637563936953,0
00012,2571,1401.5481288946671,2,1.2247448713915892,10.846024877291981,0
00012,2572,394.1275564665507,2,1.2247448713915892,17.23259053153542,0
00012,2573,1425.573691710657,2,1.2247448713915892,13.339890404692703,0
00012,2577,1080.5916553014836,2,1.2247448713915892,14.646751707511767,0
00012,2579,799.2115865262841,2,1.2247448713915892,14.96676089459534,0
00012,2580,474.33935405755886,2,1.2247448713915892,17.036705770022134,0
00012,2582,1728.7933516247251,2,1.2247448713915892,13.25057708805898,0
00012,2583,462.6236253050207,2,1.2247448713915892,10.380945076963314,0
00012,2590,717.2306435728782,2,1.7320508075688774,12.260378212296978,0
00012,2592,819.2261656834646,2,1.7320508075688774,13.556761408963023,0
00012,2597,550.238505895938,2,1.7320508075688774,11.26818981387327,0
00012,2598,527.5104369309265,2,1.2247448713915892,9.78229954581133,0
00012,2599,371.4140666587194,2,1.2247448713915892,10.272367815140441,0
00012,2603,443.8744714134323,2,1.2247448713915892,9.751656020009321,0
00012,2609,3146.596231772747,2,1.2247448713915892,10.60914287819527,0
00012,2610,439.94413338070956,2,1.2247448713915892,9.965626428315325,0
00012,2611,3725.3162273499747,2,1.2247448713915892,24.613597652978562,0
00012,2612,578.9390827468262,2,1.2247448713915892,12.024257783746872,0
00012,2613,1242.9500664056368,2,1.2247448713915892,10.524834170647566,0
00012,2616,370.45030348694627,2,1.2247448713915892,10.180687503249409,0
00012,2618,507.77081156263506,2,1.7320508075688774,13.608490107893356,0
00012,2620,1144.268908281088,2,1.2247448713915892,14.787815306530348,0
00012,2621,816.5053862970431,2,1.2247448713915892,14.458287920298085,0
00012,2628,3285.3400253838786,2,1.7320508075688774,18.571833157206825,0
00012,2629,474.5924391106772,2,1.4348778704286018,14.404727017974905,0
00012,2633,1112.828133317439,2,1.7320508075688774,16.260204708311967,0
00012,2638,680.1559309717177,2,1.2247448713915892,11.324410616995431,0
00012,2640,382.16603223948437,2,1.2247448713915892,9.632732282697262,0
00012,2642,927.2087748371077,2,1.2247448713915892,11.395654497720006,0
00012,2644,1188.1798275874712,2,1.7320508075688774,12.30998866432854,0
00012,2646,521.4067770801292,2,1.2247448713915892,11.534960329839,0
00012,2648,1412.0737177272435,2,1.2247448713915892,12.95354222498941,0
00012,2649,3084.4617474073525,2,1.2247448713915892,17.548400613792293,0
00012,2650,541.6671517118377,2,1.7320508075688774,18.628806514613288,0
00012,2651,1651.8716597242558,2,1.7320508075688774,12.591816277789961,0
00012,2652,537.01884598187,2,1.2247448713915892,11.480668543281055,0
00012,2654,353.594678055384,2,1.2247448713915892,10.48608489717287,0
00012,2657,2677.060593705577,2,1.2247448713915892,19.8192376741559,0
00012,2660,749.6910483275911,2,1.4348778704286018,16.778654880960335,0
00012,2663,1519.121722023474,2,1.2247448713915892,21.34762869067621,0
00012,2665,3199.4384235360685,2,1.2247448713915892,17.679553498070234,0
00012,2667,367.51772650951665,2,1.2247448713915892,9.525333457996695,0
00012,2668,2432.1130758912204,2,1.2247448713915892,16.099844299134098,0
00012,2669,1803.4197886189224,2,1.2247448713915892,20.37452718873517,0
00012,2670,436.3008782846251,2,1.2247448713915892,19.839152544388792,0
00012,2671,487.2646414563983,2,1.2247448713915892,11.093723011557817,0
00012,2673,1249.3068113095524,2,1.2247448713915892,11.453132073492164,0
00012,2674,1104.9868759783335,2,1.2247448713915892,15.341461403379261,0
00012,2676,630.9006069738924,2,1.2247448713915892,10.670695265780983,0
00012,2677,577.2233539942881,2,1.2247448713915892,11.534960329839,0
00012,2681,1150.8520299331922,2,1.2247448713915892,18.202598468725995,0
00012,2682,1949.8032418277678,2,1.2247448713915892,28.657117456558147,0
00012,2683,1403.0666392133771,2,1.7320508075688774,13.608490107893356,0
00012,2684,2456.1405680053444,2,1.7320508075688774,13.327768221525957,0
00012,2686,770.3604389841356,2,1.2247448713915892,10.632985137412122,0
00012,2687,623.0812183705572,2,1.2247448713915892,13.078002059379564,0
00012,2699,372.12474477737413,2,1.2247448713915892,5.7759448213013425,0
00012,2700,569.4452528530629,2,1.2247448713915892,12.320605306284394,0
00012,2702,429.94413338070956,2,1.2247448713915892,9.73147547315766,0
00012,2703,584.5438620699769,2,1.2247448713915892,10.579960015487499,0
00012,2704,579.6910483275911,2,1.2247448713915892,8.347689227410978,0
00012,2705,633.1152162540772,2,1.2247448713915892,16.15900898635687,0
00012,2706,385.3104068079221,2,1.7320508075688774,22.406871204937463,0
00012,2711,1358.9803702089364,2,1.7320508075688774,8.069301159393786,0
00012,2712,3164.620128388501,2,1.2247448713915892,19.259109700054104,0
00012,2714,358.26969209028164,2,1.2247448713915892,16.31574952077579,0
00012,2715,501.9056576077758,2,1.2247448713915892,13.177716305610328,0
00012,2716,367.0188459818701,2,1.2247448713915892,27.44862347567437,0
00012,2718,1481.5894163567768,2,1.2247448713915892,13.95531306886578,0
00012,2719,1181.0565379456107,2,1.2247448713915892,11.13403719141546,0
00012,2724,389.1994573785347,2,1.2247448713915892,15.81630484821699,0
00012,2730,507.23064357287825,2,1.2247448713915892,11.266189777038273,0
00012,2731,2156.3669447535326,2,1.7320508075688774,14.706531212461035,0
00012,2733,667.4837286259966,2,1.7320508075688774,15.802513953935541,0
00012,2739,722.8354228960288,2,1.7320508075688774,13.608490107893356,0
00012,2740,365.12531752184384,2,1.1010205144336438,14.063773932729447,0
00012,2741,428.98037020893645,2,1.2247448713915892,11.77172574335181,0
00012,2744,418.48877925987995,2,1.7320508075688774,12.33908727832621,0
00012,2745,441.72785790028774,2,1.0,12.450989002492063,0
00012,2746,874.0716898472601,2,1.2247448713915892,11.078016446095742,0
00012,2748,584.8382345852053,2,1.2247448713915892,18.202598468725995,0
00012,2751,1822.4778941829195,2,1.2247448713915892,16.69621246795301,0
00012,2758,968.2065358924009,2,1.2247448713915892,14.044199143931941,0
00012,2759,775.3298255342619,2,1.2247448713915892,14.963217433307127,0
00012,2760,3470.59456557251,2,1.2247448713915892,23.267470530469677,0
00012,2761,2783.9186691465693,2,1.7320508075688774,27.738704298512868,0
00012,2762,3799.6380919793273,2,1.7320508075688774,16.031892858769208,0
00012,2763,1401.6185746711376,2,1.7320508075688774,14.940300798080441,0
00012,2765,2375.597950006156,2,1.2247448713915892,15.068488159492201,0
00012,2767,2507.3209683372847,2,1.2247448713915892,15.668246370509625,0
00012,2768,2593.3785011568125,2,1.2247448713915892,16.13547740005419,0
00012,2769,352.8767103581391,2,1.2247448713915892,11.309932474020195,0
00012,2770,1345.9919266122165,2,1.2247448713915892,19.259109700054104,0
00012,2771,1372.7649771195584,2,1.2247448713915892,15.12138524503907,0
00012,2772,2147.625080440534,2,1.7320508075688774,15.564806661388387,0
00012,2773,3899.171280037068,2,1.2247448713915892,19.407386403902745,0
00012,2776,863.0666392133767,2,1.2247448713915892,15.584095748958754,0
00012,2778,1480.6183636064138,2,1.2247448713915892,11.69405908604594,0
00012,2779,422.62362530502077,2,1.2247448713915892,19.497746715862043,0
00012,2780,440.9491840145929,2,1.2247448713915892,19.794264919098893,0
00012,2781,2482.5046024878498,2,1.7320508075688774,19.151414733363538,0
00012,2782,429.9781312642296,2,1.2247448713915892,21.313574341045495,0
00012,2785,1482.5191816450301,2,1.2247448713915892,16.684328403835064,0
00012,2787,2244.897011475523,2,1.7320508075688774,17.90803946186959,0
00012,2788,780.3944368676557,2,1.2247448713915892,14.264148672198392,0
00012,2789,395.1253175218439,2,1.2247448713915892,17.34606529266992,0
00012,2791,1261.6185746711376,2,1.7320508075688774,19.827028653408174,0
00012,2792,3896.678806696968,2,1.7320508075688774,19.98383933749122,0
00012,2793,684.0935585830306,2,1.7320508075688774,16.114725566632078,0
00012,2795,1809.0585658255936,2,1.2247448713915892,10.519734890658631,0
00012,2797,608.9390827468262,2,1.2247448713915892,14.780870598600615,0
00012,2799,351.4480645422394,2,1.2247448713915892,19.8192376741559,0
00012,2804,1171.6525725546576,2,1.7320508075688774,15.64522260693039,0
00012,2813,567.01155640328,2,1.2247448713915892,10.524834170647566,0
00012,2814,724.2980665954486,2,1.2247448713915892,9.83024783170711,0
00012,2818,757.975319575053,2,1.2247448713915892,16.227695169248033,0
00012,2822,365.80928733556874,2,1.2247448713915892,9.83024783170711,0
00012,2824,3665.585820858407,2,1.7320508075688774,23.461011101937686,0
00012,2826,2727.0557541364165,2,1.2247448713915892,17.23259053153542,0
00012,2827,839.8615584564891,2,1.2247448713915892,11.799028424885282,0
00012,2830,949.9441333807096,2,1.7320508075688774,22.191606566272785,0
00012,2834,1029.306811309552,2,1.2247448713915892,10.388339351821067,0
00012,2835,518.2624025116916,2,1.2247448713915892,6.6663228424104215,0
00012,2836,739.8955563400092,2,1.2247448713915892,9.751656020009321,0
00012,2837,429.0143680924565,2,1.2247448713915892,13.232404944544758,0
00012,2838,1108.664128957938,2,1.2247448713915892,13.003911942822842,0
00012,2840,3423.054970327223,2,1.2247448713915892,19.374556182843357,0
00012,2841,504.1275564665507,2,1.7320508075688774,11.69405908604594,0
00012,2845,397.06013344398025,2,1.7320508075688774,14.572792566247527,0
00012,2846,622.6649127671309,2,1.7320508075688774,15.81630484821699,0
00012,2847,1108.6714185365277,2,1.2247448713915892,15.64522260693039,0
00012,2849,1651.08324625054,2,1.2247448713915892,22.786497999597128,0
00012,2850,1015.9166412665861,2,1.2247448713915892,18.931823180865177,0
00012,2852,434.59972868926735,2,1.7320508075688774,11.42118627499929,0
00012,2854,761.6792808595873,2,1.2247448713915892,12.88107704913421,0
00012,2856,534.1348460451409,2,1.7320508075688774,15.64522260693039,0
00012,2858,713.8404735299123,2,1.7320508075688774,15.391709942543903,0
00012,2863,1356.7244734666415,2,1.7320508075688774,11.787368954322078,0
00012,2864,456.7657609287517,2,1.2247448713915892,14.464948881743451,0
00012,2870,662.5750482643202,2,1.2247448713915892,8.089382470772563,0
00012,2872,2475.522664660526,2,1.2247448713915892,26.08454155204704,0
00012,2873,3035.2307421547284,2,1.7320508075688774,16.69621246795301,0
00012,2878,672.1101656201937,2,1.2247448713915892,9.00244324138145,0
00012,2879,1394.2616187024983,2,1.2247448713915892,10.519734890658631,0
00012,2881,853.8744714134323,2,1.7320508075688774,12.320605306284394,0
00012,2888,405.337115112852,2,1.2247448713915892,10.768561337657069,0
00012,2889,1517.6663679026442,2,1.2247448713915892,22.380135051959563,0
00012,2891,437.2306435728782,2,1.2247448713915892,12.52611446132605,0
00012,2892,641.6598621332475,2,1.7320508075688774,12.739878369558308,0
00012,2897,565.5562022824503,2,1.7320508075688774,12.35489466157231,0
00012,2898,1179.3893862337732,2,1.2247448713915892,17.039675081489044,0
00012,2900,730.409016024836,2,1.7320508075688774,12.30998866432854,0
00012,2904,2178.1093818110007,2,1.2247448713915892,21.416714033033607,0
00012,2905,4647.110916650842,4,49.27473997901968,173.38777187622665,1
00012,2906,3372.2325589699867,2,1.2247448713915892,22.191606566272785,0
00012,2907,1769.8591084470586,2,1.2247448713915892,18.756258058384674,0
00012,2908,8793.059017181939,4,162.24980739587951,167.71255188981243,1
00012,2910,9103.511554617819,2,1.2247448713915892,15.824306329756242,0
00012,2912,4807.277751577042,2,1.2247448713915892,17.34606529266992,0
00012,2914,1057.6323700191242,2,1.2247448713915892,20.331760972036196,0
00012,2915,2197.2529725702448,2,1.2247448713915892,11.453132073492164,0
00012,2917,5589.343719464099,2,1.7320508075688774,17.548400613792293,0
00012,2919,3291.8065742282424,2,1.7320508075688774,17.969139740157015,0
00012,2920,1336.668606847351,2,1.2247448713915892,28.24973549497427,0
00012,2921,1695.4226003080994,2,1.2247448713915892,13.81539791643852,0
00012,2922,1131.8497909884854,2,1.2247448713915892,19.45680852550826,0
00012,2923,734.8382345852054,2,1.7320508075688774,22.786497999597128,0
00012,2925,5852.167473473974,2,1.2247448713915892,14.458287920298085,0
00012,2926,1040.3531494055455,2,1.2247448713915892,16.82134415065176,0
00012,2927,1284.7604992301444,2,1.2247448713915892,14.136350256962555,0
00012,2928,1555.697554096988,2,1.2247448713915892,19.46358094358947,0
00012,2930,1681.02737963125,2,1.2247448713915892,16.133491286079536,0
00012,2932,904.994165556923,2,1.2247448713915892,15.284954264775195,0
00012,2933,6399.14644503528,4,82.915619758885,168.64628073503127,1
00012,2935,2339.973751956666,2,1.2247448713915892,15.476117263811306,0
00012,2938,1237.9947383013928,2,1.2247448713915892,18.73599759140695,0
00012,2939,862.321963211202,2,1.2247448713915892,16.24428103931577,0
00012,2943,4692.629445847074,2,1.2247448713915892,18.003694938225852,0
00012,2945,3946.421342336286,2,1.2247448713915892,12.604382648379175,0
00012,2946,476.3008782846252,2,1.2247448713915892,29.49620849656643,0
00012,2948,2375.483827207847,2,1.2247448713915892,25.584007203560105,0
00012,2951,613.3755908857856,2,1.7320508075688774,16.133491286079536,0
00012,2952,472.12474477737413,2,1.2247448713915892,22.163374264661574,0
00012,2954,2240.268124471895,2,1.2247448713915892,22.05343649554891,0
00012,2958,418.73457473440817,2,1.2247448713915892,12.131744359753604,0
00012,2959,1261.6574121238173,2,1.2247448713915892,14.675676721297531,0
00012,2960,2242.6872417644972,2,1.2247448713915892,16.99051707514145,0
00012,2962,1772.202940394031,2,1.2247448713915892,24.206160528982046,0
00012,2964,1432.4706046043302,2,1.2247448713915892,19.496001887415044,0
00012,2966,491.4140666587194,2,1.7320508075688774,19.230999851007436,0
00012,2970,827.7149449433444,2,1.2247448713915892,11.045738371751995,0
00012,2975,2558.4698207951365,2,1.2247448713915892,13.25057708805898,0
00012,2976,1291.6112850925474,2,1.7320508075688774,17.892294753607995,0
00012,2977,1146.8876940169494,2,1.2247448713915892,11.324410616995431,0
00012,2980,816.3008782846251,2,1.7320508075688774,14.03464793519859,0
00012,2984,1104.5632807963166,2,1.2247448713915892,16.23257612679643,0
00012,2985,1785.4371794652793,2,1.2247448713915892,20.856229647241694,0
00012,2986,701.2022690677112,2,1.7320508075688774,15.64522260693039,0
00012,2988,450.0,2,4.0,0.0,0
00012,2992,379.74691494688165,2,1.7320508075688774,13.608490107893356,0
00012,2993,1392.2928048968415,2,1.2247448713915892,11.976725812374122,0
00012,3005,979.6983379061813,2,1.7320508075688774,12.933154491899106,0
00012,3007,2185.571241701227,2,1.2247448713915892,13.003911942822842,0
00012,3008,1443.1079266754873,2,1.7320508075688774,17.70298069253067,0
00012,3010,748.7685726179283,2,1.7320508075688774,15.64522260693039,0
00012,3011,1222.840262465189,2,1.2247448713915892,15.069955749637609,0
00012,3014,723.8258943727319,2,1.2247448713915892,12.024257783746872,0
00012,3015,471.66715171183773,2,1.7320508075688774,12.739878369558308,0
00012,3016,588.2356942067615,2,1.7320508075688774,17.679553498070234,0
00012,3017,570.2579246222778,2,1.0,8.726371833246995,0
00012,3019,600.8666090903723,2,1.2247448713915892,6.43767610600781,0
00012,3021,1313.0180621726763,2,1.2247448713915892,12.274621909145797,0
00012,3024,1228.335758559189,2,1.2247448713915892,13.003911942822842,0
00012,3025,369.7323357897014,2,1.2247448713915892,9.88263963711237,0
00012,3034,1796.0992805432336,2,1.2247448713915892,14.867793922766994,0
00012,3036,987.4618598902262,2,1.2247448713915892,14.81157043042286,0
00012,3037,534.8309450066153,2,1.2247448713915892,17.6267600929573,0
00012,3040,468.5300667219902,2,1.7320508075688774,12.024257783746872,0
00012,3041,1287.7149449433446,2,1.7320508075688774,15.982404672777621,0
00012,3047,435.80928733556874,2,1.7320508075688774,11.837799174187134,0
00012,3048,671.1124045649007,2,1.2247448713915892,11.851164173440692,0
00012,3050,884.3174853217884,2,1.2247448713915892,14.426417022399677,0
00012,3052,353.1297954112575,2,1.2247448713915892,10.830278237645857,0
00012,3056,1146.4568092563431,2,1.2247448713915892,16.260204708311967,0
00012,3059,359.24074484064494,2,1.7320508075688774,12.739878369558308,0
00012,3060,372.66491276713094,2,1.2247448713915892,17.297929208030258,0
00012,3063,676.7244734666415,2,1.2247448713915892,13.32230722013723,0
00012,3067,1706.0992805432336,2,1.2247448713915892,19.907065586193777,0
00012,3068,4278.873936801111,2,1.2247448713915892,22.289556611466878,0
00012,3070,1003.1152162540773,2,1.7320508075688774,17.769784482804894,0
00012,3073,702.3972485568322,2,1.2247448713915892,24.04137117413046,0
00012,3075,375.0913196383238,2,1.2247448713915892,11.377525703629287,0
00012,3076,438.0166070371633,2,1.2247448713915892,10.111413719359064,0
00012,3081,530.1972184338279,2,1.2247448713915892,12.260378212296978,0
00012,3083,1641.5699976304372,2,1.7320508075688774,20.180731511220237,0
00012,3084,476.3008782846252,2,1.2247448713915892,15.429107187863947,0
00012,3085,3092.295715167868,2,1.2247448713915892,16.818515135027077,0
00012,3086,727.7295241005248,2,1.7320508075688774,14.594491217911127,0
00012,3088,1555.4444690438693,2,1.2247448713915892,11.194506846391487,0
00012,3095,512.8767103581391,2,1.2247448713915892,12.024257783746872,0
00012,3097,822.8767103581391,2,1.7320508075688774,15.64522260693039,0
00012,3102,653.8258943727318,2,1.2247448713915892,8.97262661489648,0
00012,3108,445.3104068079221,2,1.7320508075688774,15.64522260693039,0
00012,3111,983.3270138450853,2,1.7320508075688774,14.26451229807996,0
00012,3115,1820.0223289973665,2,1.2247448713915892,22.05343649554891,0
00012,3116,649.6837587490008,2,1.2247448713915892,8.719411308414095,0
00012,3117,406.7657609287517,2,1.2247448713915892,8.739037666144998,0
00012,3118,741.3994875015389,2,1.2247448713915892,13.25057708805898,0
00012,3119,362.37782983049254,2,1.2247448713915892,12.131744359753604,0
00012,3121,1319.087724139954,2,1.2247448713915892,11.309932474020195,0
00012,3122,494.58514953208714,2,1.2247448713915892,9.239552728042577,0
00012,3124,2131.358200039429,2,1.7320508075688774,21.250132164241325,0
00012,3125,1351.2756251152086,2,1.2247448713915892,14.572792566247527,0
00012,3126,656.259590822515,2,1.2247448713915892,15.195371245889882,0
00012,3128,1116.449519677753,2,1.2247448713915892,14.063773932729447,0
00012,3131,534.8309450066153,2,1.2247448713915892,11.365430463313274,0
00012,3133,495.80928733556874,2,1.7320508075688774,15.265832808015565,0
00012,3134,824.3247749003785,2,1.2247448713915892,14.620873988631672,0
00012,3135,7755.848310054586,4,136.4294689574067,169.79347965398193,1
00012,3136,1506.7244734666415,2,1.7320508075688774,27.266044450732828,0
00012,3138,1819.8396897207188,2,1.7320508075688774,12.993002278206772,0
00012,3140,395.098609216914,2,1.7320508075688774,17.513527099323248,0
00012,3142,436.05508281009696,2,1.2247448713915892,14.372517731979931,0
00012,3144,3402.5075127588757,2,1.2247448713915892,18.51966457208187,0
00012,3149,360.20450801241805,2,1.7320508075688774,9.865806943084403,0
00012,3150,1653.9405378823394,2,1.2247448713915892,12.131744359753604,0
00012,3151,382.91799782024935,2,1.7320508075688774,21.282528412009448,0
00012,3152,382.37782983049254,2,1.2247448713915892,8.929976487071466,0
00012,3153,681.160981605601,2,1.7320508075688774,11.12422897272998,0
00012,3155,621.160981605601,2,1.7320508075688774,12.555016401827574,0
00012,3162,2265.695624798855,2,1.2247448713915892,13.25057708805898,0
00012,3164,3238.9856700396913,2,1.2247448713915892,16.33471309151125,0
00012,3166,640.613524037254,2,1.2247448713915892,9.751656020009284,0
00012,3167,604.5778599534968,2,1.2247448713915892,22.619864948040433,0
00012,3170,901.8157931049653,2,1.2247448713915892,14.620873988631672,0
00012,3172,508.9876597875265,2,1.7320508075688774,13.495323785487784,0
00012,3177,1225.9773474550361,2,1.2247448713915892,15.368545264137097,0
00012,3181,668.2624025116914,2,1.2247448713915892,17.62100832602552,0
00012,3186,605.7607102948683,2,1.2247448713915892,10.191946243077876,0
00012,3188,695.7534207162781,2,1.2247448713915892,10.491477012331599,0
00012,3192,516.3008782846251,2,1.2247448713915892,10.394768281368655,0
00012,3194,2174.629347265224,2,1.2247448713915892,11.453132073492164,0
00012,3195,574.0789794258503,2,1.2247448713915892,12.34448193317843,0
00012,3198,2033.6582945148602,2,1.2247448713915892,15.654070898120262,0
00012,3199,2309.0391470992536,2,1.7320508075688774,21.801409486351798,0
00012,3201,1637.1601977964074,2,1.2247448713915892,14.458287920298085,0
00012,3203,932.5750482643203,2,1.2247448713915892,16.295437568661967,0
00012,3205,716.2183033604047,2,1.2247448713915892,14.76255635220315,0
00012,3207,966.4908071398628,2,1.2247448713915892,9.179157800252401,0
00012,3211,589.4379632744726,2,1.2247448713915892,10.354364895193218,0
00012,3213,593.6140967817238,2,1.2247448713915892,12.88107704913421,0
00012,3215,1058.0972526632509,2,1.2247448713915892,11.45057553871207,0
00012,3222,363.6286759389041,2,1.2247448713915892,14.136350256962555,0
00012,3224,1147.8028801480223,2,1.2247448713915892,8.61563014533292,0
00012,3225,2033.5096531217332,2,1.7320508075688774,16.098933951056765,0
00012,3226,444.38064151966904,2,1.7320508075688774,16.36005566591529,0
00012,3229,2439.6720898628473,2,1.2247448713915892,13.590579654675997,0
00012,3234,3067.0338854006463,2,1.2247448713915892,17.513527099323248,0
00012,3235,1193.5800988982041,2,1.7320508075688774,17.297929208030258,0
00012,3236,1370.3725681318856,2,1.2247448713915892,20.284212313147947,0
00012,3238,1853.0326413298567,2,1.7320508075688774,23.267470530469677,0
00012,3239,1368.6787081151178,2,1.7320508075688774,21.990227663548602,0
00012,3240,427.770811562635,2,1.2247448713915892,16.9206605749363,0
00012,3241,3954.4763265645324,2,1.2247448713915892,16.890939648692346,0
00012,3242,362.37782983049254,2,1.2247448713915892,23.03308470592211,0
00012,3243,870.3944368676557,2,1.2247448713915892,27.421771859248093,0
00012,3244,1117.748942826865,2,1.2247448713915892,31.09093035767304,0
00012,3246,1219.9368438021193,2,1.7320508075688774,19.941460601172786,0
00012,3248,2710.3312806697754,2,1.7320508075688774,16.92898000424091,0
00012,3249,873.1152162540772,2,1.2247448713915892,17.23259053153542,0
00012,3251,1037.2087748371077,2,1.2247448713915892,14.67242692154771,0
00012,3252,452.67220234572113,2,1.7320508075688774,13.102973195492881,0
00012,3255,946.5053862970432,2,1.2247448713915892,21.958143195823045,0
00012,3256,3242.6192459974573,2,1.7320508075688774,17.297592375620344,0
00012,3259,1444.0304023851504,2,1.7320508075688774,19.8192376741559,0
00012,3262,837.2573518778082,2,1.2247448713915892,23.55341020033756,0
00012,3265,505.5489127038602,2,1.2247448713915892,13.807889908837273,0
00012,3267,1169.4039653909526,2,1.7320508075688774,13.608490107893356,0
00012,3279,1080.5576574179636,2,1.2247448713915892,11.093723011557817,0
00012,3280,354.1348460451409,2,1.7320508075688774,11.26818981387327,0
00012,3282,426.5612529163337,2,1.7320508075688774,19.8192376741559,0
00012,3287,1491.9790136552729,2,1.2247448713915892,14.856628668824463,0
00012,3289,1521.7599264856747,2,1.2247448713915892,14.76255635220315,0
00012,3290,674.8042367016855,2,1.7320508075688774,15.81630484821699,0
00012,3291,670.435724329766,2,1.2247448713915892,14.030739616462228,0
00012,3293,945.5489127038602,2,1.7320508075688774,11.255239732662076,0
00012,3297,1806.0992805432336,2,1.2247448713915892,13.608490107893356,0
00012,3299,394.8042367016854,2,1.2247448713915892,7.603868555930996,0
00012,3304,1091.8570805670756,2,1.2247448713915892,12.591816277789961,0
00012,3305,455.0986092169139,2,1.7320508075688774,15.608398603079102,0
00012,3307,401.2095586463014,2,1.7320508075688774,14.940300798080441,0
00012,3308,495.3371151128521,2,1.2247448713915892,10.933567178524408,0
00012,3309,381.160981605601,2,1.2247448713915892,9.239552728042577,0
00012,3311,439.1994573785347,2,1.2247448713915892,11.099484429062267,0
00012,3312,1920.8082924616515,2,1.2247448713915892,13.25057708805898,0
00012,3319,935.9919266122162,2,1.2247448713915892,16.098933951056857,0
00012,3322,466.01379534798673,2,1.2247448713915892,10.846024877291981,0
00012,3324,1746.345076017762,2,1.2247448713915892,10.388339351821067,0
00012,3325,624.0935585830306,2,1.7320508075688774,17.02052561151984,0
00012,3327,567.0188459818701,2,1.7320508075688774,10.98865109649398,0
00012,3333,859.6910483275911,2,1.7320508075688774,15.982404672777621,0
00012,3338,1864.9310093590425,2,1.2247448713915892,14.594491217911127,0
00012,3342,425.3104068079221,2,1.7320508075688774,15.257220552533585,0
00012,3343,1684.4321288313963,2,1.2247448713915892,13.157955671809123,0
00012,3345,1585.923930845176,2,1.7320508075688774,17.917374654730725,0
00012,3347,595.2958276507418,2,1.2247448713915892,10.48608489717287,0
00012,3349,4631.378599738662,2,1.2247448713915892,14.940300798080441,0
00012,3350,2288.5451061407666,2,1.2247448713915892,14.96676089459534,0
00012,3351,3012.5560897995765,2,1.2247448713915892,14.774859799458856,0
00012,3352,1893.1812827229844,2,1.2247448713915892,22.380135051959563,0
00012,3354,1861.6967702877942,2,1.2247448713915892,19.20673009003168,0
00012,3356,2347.245682991654,2,1.2247448713915892,14.763132623631531,0
00012,3358,641.4334853850592,2,1.2247448713915892,17.173620363820163,0
00012,3359,1648.2798919398983,2,1.2247448713915892,10.00797980144135,0
00012,3361,3016.973179212196,2,1.2247448713915892,19.49798612486769,0
00012,3362,1850.4459241793825,2,1.2247448713915892,16.77590820749071,0
00012,3363,446.5879612212636,2,1.2247448713915892,15.79316904826399,0
00012,3366,363.62867593890405,2,1.2247448713915892,13.25057708805898,0
00012,3369,742.287965327682,2,1.2247448713915892,17.036705770022134,0
00012,3371,377.51772650951665,2,1.2247448713915892,13.724072015294409,0
00012,3374,439.1994573785347,2,1.2247448713915892,10.519734890658562,0
00012,3377,1314.2761978596786,2,1.2247448713915892,12.679731201795896,0
00012,3380,1470.8520299331922,2,1.7320508075688774,15.022463535166436,0
00012,3383,820.1073539310173,2,1.2247448713915892,14.03624346792651,0
00012,3384,1312.9913538677465,2,1.2247448713915892,11.5369590328155,0
00012,3393,1228.9172140110559,2,1.2247448713915892,15.64522260693039,0
00012,3396,425.83599564049865,2,1.2247448713915892,8.876395080973326,0
00012,3398,2130.5770761443036,2,1.7320508075688774,19.041300167376622,0
00012,3400,380.4503034869463,2,1.2247448713915892,14.620873988631672,0
00012,3404,1229.635181708301,2,1.2247448713915892,14.858083355528983,0
00012,3406,1358.2944710970785,2,1.2247448713915892,11.534960329839,0
00012,3410,3084.643926422404,2,1.7320508075688774,15.64522260693039,0
00012,3411,646.0137953479867,2,1.2247448713915892,16.31574952077579,0
00012,3412,1234.543862069977,2,1.7320508075688774,15.022463535166436,0
00012,3417,482.15874266089423,2,1.2247448713915892,11.490459903731518,0
00012,3419,505.29582765074184,2,1.2247448713915892,12.265003153107942,0
00012,3424,588.2211150495813,2,1.2247448713915892,10.102305056035826,0
00012,3425,359.23345526205475,2,1.2247448713915892,8.280665361813488,0
00012,3427,1159.5866046676003,2,1.2247448713915892,12.697629229198885,0
00012,3430,2998.7695535908215,2,1.2247448713915892,16.99051707514145,0
00012,3431,612.3705402519023,2,1.2247448713915892,9.902421754138846,0
00012,3435,918.9390827468262,2,1.7320508075688774,12.260378212296978,0
00012,3439,930.8593195117824,2,1.2247448713915892,14.594491217911127,0
00012,3441,1075.9846370336263,2,1.2247448713915892,10.519734890658631,0
00012,3445,907.4205724281157,2,1.2247448713915892,9.525333457996695,0
00012,3452,1144.4539975671669,2,1.2247448713915892,11.101504061523428,0
00012,3455,553.3683013071956,2,1.2247448713915892,14.141110233931645,0
00012,3457,1591.7453473284945,2,1.2247448713915892,10.655306050803242,0
00012,3459,403.88176099202246,2,1.7320508075688774,13.608490107893356,0
00012,3465,1559.9003959091688,2,1.2247448713915892,15.64522260693039,0
00012,3466,1567.6663679026447,2,1.7320508075688774,15.95031652491279,0
00012,3469,447.0188459818701,2,1.2247448713915892,12.604382648379175,0
00012,3478,1232.2660965919115,2,1.2247448713915892,11.324410616995431,0
00012,3480,5920.812183705571,2,1.2247448713915892,22.05343649554891,0
00012,3483,4258.394995711102,2,1.2247448713915892,12.920966381583579,0
00012,3485,2511.421816498905,2,1.2247448713915892,14.646751707511767,0
00012,3487,3916.425721643849,2,1.7320508075688774,13.608490107893356,0
00012,3488,475.303117229332,2,1.2247448713915892,11.266189777038273,0
00012,3489,409.9514229592997,2,1.2247448713915892,14.458287920298085,0
00012,3490,854.0304023851498,2,1.2247448713915892,26.32950349168489,0
00012,3491,2740.9035172449194,2,1.2247448713915892,16.92458992670207,0
00012,3492,403.3755908857857,2,1.2247448713915892,16.835026623031524,0
00012,3494,659.4306736958825,2,1.2247448713915892,14.385676457900244,0
00012,3496,949.8469792993087,2,1.2247448713915892,11.42175365896231,0
00012,3498,2498.3357585591893,2,1.7320508075688774,17.917374654730725,0
00012,3500,1505.2326714528617,2,1.2247448713915892,17.892294753607995,0
00012,3503,524.1202668879605,2,1.2247448713915892,9.928076069432418,0
00012,3505,528.2284046281715,2,1.2247448713915892,24.869950281163117,0
00012,3506,2454.807146972712,2,1.2247448713915892,12.095453544836307,0
00012,3513,566.5126758756332,2,1.2247448713915892,12.914009847477454,0
00012,3514,1092.307384054022,2,1.2247448713915892,10.748235858035278,0
00012,3515,1716.4009426370524,2,1.2247448713915892,17.161703457743588,0
00012,3517,707.7295241005247,2,1.7320508075688774,12.591816277789961,0
00012,3520,534.7629492395752,2,1.2247448713915892,8.719411308414095,0
00012,3521,2142.4827337520796,2,1.2247448713915892,16.133491286079536,0
00012,3523,5744.673544998361,2,1.7320508075688774,17.23259053153542,0
00012,3525,4288.930324131699,2,1.2247448713915892,17.59139487336639,0
00012,3527,1082.4851837615101,2,1.2247448713915892,9.978560344154785,0
00012,3528,424.5924391106772,2,1.2247448713915892,22.58463218350797,0
00012,3529,564.3320644789687,2,1.2247448713915892,14.139108311650528,0
00012,3530,382.8767103581391,2,1.2247448713915892,9.525333457996732,0
00012,3532,1115.5489127038604,2,1.7320508075688774,15.124007308310608,0
00012,3536,578.9730806303462,2,1.2247448713915892,13.853850216940584,0
00012,3538,688.4742001026996,2,1.2247448713915892,15.684206202064507,0
00012,3539,356.5612529163337,2,1.7320508075688774,15.64522260693039,0
00012,3544,1088.897795284716,2,1.7320508075688774,14.940300798080441,0
00012,3545,426.77305050734185,2,1.7320508075688774,11.69405908604594,0
00012,3546,1156.2255929389953,2,1.7320508075688774,16.090816348852144,0
00012,3547,497.5177265095167,2,1.2247448713915892,12.30998866432854,0
00012,3548,460.45030348694627,2,1.7320508075688774,15.564806661388387,0
00012,3554,2558.547556150197,2,1.7320508075688774,14.940300798080441,0
00012,3562,1035.9919266122163,2,1.2247448713915892,13.853850216940584,0
00012,3563,480.7033885400646,2,1.7320508075688774,13.084229844481316,0
00012,3572,462.91799782024935,2,1.7320508075688774,12.033717480456495,0
00012,3578,616.266880401105,2,1.4348778704286018,17.152571328639585,0
00012,3583,636.0405036529165,2,1.2247448713915892,8.469670211696638,0
00012,3585,1357.1116207557075,2,1.2247448713915892,13.33989040469273,0
00012,3587,1056.9216919004693,2,1.2247448713915892,11.453132073492164,0
00012,3591,704.0376919637401,2,1.2247448713915892,10.132496695731643,0
00012,3592,449.91013549718946,2,1.2247448713915892,16.090816348852144,0
00012,3596,1867.8368780315423,2,1.7320508075688774,11.534960329839032,0
00012,3597,1759.1217220234737,2,1.2247448713915892,20.37452718873517,0
00012,3603,770.435724329766,2,1.2247448713915892,23.2499982270274,0
00012,3610,993.3343034236755,2,1.7320508075688774,12.653082728689894,0
00012,3611,363.6286759389041,2,1.2247448713915892,8.407016629684815,0
00012,3612,614.3320644789686,2,1.2247448713915892,13.102973195492881,0
00012,3613,459.2407448406449,2,1.7320508075688774,14.940300798080441,0
00012,3614,725.7874185997982,2,1.2247448713915892,11.013041961234762,0
00012,3616,751.3994875015392,2,1.2247448713915892,10.180687503249409,0
00012,3618,1341.0978254077204,2,1.2247448713915892,11.266189777038273,0
00012,3628,650.9346048574125,2,1.2247448713915892,13.107917732956183,0
00012,3633,975.9652183072864,2,1.2247448713915892,14.458287920298085,0
00012,3634,561.878949302846,2,1.7320508075688774,11.324410616995431,0
00012,3639,1487.5837929784238,2,1.2247448713915892,9.525333457996695,0
00012,3640,604.0789794258503,2,1.2247448713915892,9.525333457996695,0
00012,3645,727.393864123186,2,1.2247448713915892,11.377525703629287,0
00012,3647,1206.5393841805635,2,1.7320508075688774,13.608490107893356,0
00012,3648,399.48654031517316,2,1.2247448713915892,15.740963203538316,0
00012,3653,635.0767404811435,2,1.2247448713915892,13.157955671809123,0
00012,3657,762.8208437388487,2,1.2247448713915892,11.837799174187134,0
00012,3661,1148.6374206530077,2,1.2247448713915892,20.48684533725166,0
00012,3662,360.6960989614745,2,1.2247448713915892,25.667057499233525,0
00012,3664,409.4865403151731,2,1.2247448713915892,13.608490107893356,0
00012,3667,1011.6185746711374,2,1.7320508075688774,13.608490107893356,0
00012,3669,2003.6388757885209,2,1.2247448713915892,11.837799174187134,0
00012,3678,1170.0514873117268,2,1.2247448713915892,11.629566464912871,0
00012,3679,449.98542084281974,2,1.2247448713915892,12.274621909145797,0
00012,3680,862.5677586857303,2,1.2247448713915892,13.25205512596847,0
00012,3682,1480.8034528924918,2,1.2247448713915892,15.95031652491279,0
00012,3686,471.160981605601,2,1.2247448713915892,12.914009847477482,0
00012,3688,669.1921677999445,2,1.2247448713915892,12.30998866432854,0
00012,3695,755.8092873355686,2,1.7320508075688774,16.684328403835064,0
00012,3696,666.7584713501616,2,1.2247448713915892,11.056719315366836,0
00012,3697,1588.3891751690485,2,1.2247448713915892,21.55793481476681,0
00012,3699,507.2646414563983,2,1.2247448713915892,10.491477012331565,0
00012,3700,2784.7852782369414,2,1.2247448713915892,16.9206605749363,0
00012,3702,3574.186793618464,2,1.2247448713915892,20.152143132003218,0
00012,3707,952.6090461478404,2,1.2247448713915892,14.458287920298085,0
00012,3713,933.3343034236755,2,1.7320508075688774,19.354496074488264,0
00012,3715,1492.0688781580839,2,1.7320508075688774,16.098933951056765,0
00012,3716,464.33935405755886,2,1.2247448713915892,9.574227885091826,0
00012,3718,1465.2326714528613,2,1.2247448713915892,16.647145153066415,0
00012,3719,439.6983379061813,2,1.2247448713915892,17.917374654730725,0
00012,3720,370.956473593183,2,1.7320508075688774,12.591816277789961,0
00012,3721,799.3966758123624,2,1.2247448713915892,13.60849010789333,0
00012,3723,461.37277919660914,2,1.2247448713915892,14.277568955307848,0
00012,3729,1027.729524100525,2,1.7320508075688774,14.458287920298085,0
00012,3732,1262.54588994996,2,1.2247448713915892,11.818802318551825,0
00012,3740,1506.1624367411146,2,1.2247448713915892,15.64522260693039,0
00012,3741,493.594678055384,2,1.7320508075688774,11.099484429062267,0
00012,3742,1272.5604691071403,2,1.2247448713915892,18.756258058384674,0
00012,3744,634.1275564665506,2,1.7320508075688774,17.548400613792293,0
00012,3745,1089.9441333807094,2,1.7320508075688774,15.64522260693039,0
00012,3746,1283.2225701850946,2,1.2247448713915892,12.094158210914713,0
00012,3748,351.4480645422394,2,1.2247448713915892,8.929976487071466,0
00012,3749,4863.160394960107,2,1.2247448713915892,18.717374890254167,0
00012,3751,2202.551250230417,2,1.2247448713915892,14.76255635220315,0
00012,3752,1950.2268370097843,2,1.2247448713915892,13.465584513421302,0
00012,3753,4421.500012115563,2,1.2247448713915892,16.099844299134098,0
00012,3754,1902.3394526394086,2,1.2247448713915892,10.524834170647566,0
00012,3755,1629.2436551116716,2,1.2247448713915892,12.914009847477454,0
00012,3757,2751.0200900526597,2,1.2247448713915892,24.39591857664484,0
00012,3758,883.3755908857855,2,1.7320508075688774,14.940300798080441,0
00012,3759,382.664912767131,2,1.2247448713915892,17.297929208030258,0
00012,3761,1456.9629793625795,2,1.7320508075688774,22.380135051959563,0
00012,3763,737.2160644156978,2,1.2247448713915892,14.646751707511767,0
00012,3764,386.55396333774354,2,1.2247448713915892,13.676355848403206,0
00012,3765,2282.6459543023866,2,1.2247448713915892,10.719083505540947,0
00012,3768,401.160981605601,2,1.2247448713915892,13.102973195492881,0
00012,3770,2165.566402132067,2,1.2247448713915892,14.620873988631672,0
00012,3771,1526.9702689411697,2,1.7320508075688774,12.41274649630476,0
00012,3773,761.1682711841912,2,1.7320508075688774,13.134022306396327,0
00012,3777,363.88176099202246,2,1.7320508075688774,11.69405908604594,0
00012,3778,2921.4776831181957,2,1.2247448713915892,12.134238125938635,0
00012,3779,2036.2037242032247,2,1.7320508075688774,16.392522694709424,0
00012,3780,813.3610117286054,2,1.2247448713915892,14.623069867706592,0
00012,3781,459.95142295929963,2,1.7320508075688774,12.30998866432854,0
00012,3782,546.7657609287517,2,1.2247448713915892,13.656241875712324,0
00012,3787,937.1747769535876,2,1.2247448713915892,17.54840061379231,0
00012,3789,1717.5619242426533,2,1.2247448713915892,15.793169048263943,0
00012,3791,614.8795220473156,2,1.7320508075688774,19.827028653408174,0
00012,3802,496.5539633377436,2,1.2247448713915892,15.824306329756242,0
00012,3806,455.8432852190888,2,1.7320508075688774,12.555016401827574,0
00012,3807,574.5098641864568,2,1.2247448713915892,10.632985137412122,0
00012,3812,413.9084692969524,2,1.0,14.390575635315713,0
00012,3813,715.0840300597337,2,1.2247448713915892,14.458287920298085,0
00012,3818,1887.1529082178172,2,1.2247448713915892,14.458287920298085,0
00012,3824,528.0166070371632,2,1.2247448713915892,12.274621909145797,0
00012,3832,719.9514229592996,2,1.7320508075688774,12.739878369558308,0
00012,3833,947.7295241005248,2,1.7320508075688774,16.699244233993635,0
00012,3839,1631.1464024484208,2,1.7320508075688774,17.679553498070234,0
00012,3841,515.5149148203402,2,1.2247448713915892,7.9625528540492665,0
00012,3843,856.5879612212636,2,1.7320508075688774,15.942368605628612,0
00012,3846,384.346643636149,2,1.7320508075688774,13.134022306396327,0
00012,3849,1656.4640988349329,2,1.7320508075688774,15.64522260693039,0
00012,3850,556.5199654542234,2,1.7320508075688774,12.260378212296978,0
00012,3851,679.6570504440709,2,1.2247448713915892,16.260204708311967,0
00012,3853,494.346643636149,2,1.7320508075688774,12.274621909145797,0
00012,3856,651.160981605601,2,1.7320508075688774,14.940300798080441,0
00012,3857,1493.278436804385,2,1.7320508075688774,19.354496074488264,0
00012,3859,1107.7222345219352,2,1.7320508075688774,17.02052561151984,0
00012,3860,819.6983379061812,2,1.7320508075688774,12.591816277789961,0
00012,3862,690.4017264462459,2,1.2247448713915892,15.255118703057791,0
00012,3863,1092.0615885794937,2,1.2247448713915892,12.659582076362767,0
00012,3865,851.6379933974772,2,1.2247448713915892,15.489150175498072,0
00012,3867,1159.3408091930723,2,1.2247448713915892,13.400914276397783,0
00012,3879,1719.340809193072,2,1.7320508075688774,13.313739196487331,0
00012,3881,696.0550828100969,2,1.7320508075688774,15.022463535166436,0
00012,3884,785.5756210087901,2,1.2247448713915892,14.390575635315713,0
00012,3887,1708.8905057061259,2,1.7320508075688774,19.006755071665527,0
00012,3893,568.48877925988,2,1.7320508075688774,9.725744123593401,0
00012,3895,814.2834874382683,2,1.2247448713915892,9.525333457996732,0
00012,3896,569.657050444071,2,1.2247448713915892,9.751656020009284,0
00012,3903,415.56349186104046,2,1.4142135623730951,11.42118627499929,0
00012,3905,416.0623723886871,2,1.7320508075688774,14.940300798080441,0
00012,3906,583.5800988982038,2,1.2247448713915892,13.25057708805898,0
00012,3908,963.5800988982037,2,1.7320508075688774,16.098933951056765,0
00012,3911,671.6112850925472,2,1.2247448713915892,8.719411308414095,0
00012,3915,1028.897795284716,2,1.7320508075688774,11.919461487010038,0
00012,3916,550.1899288552377,2,1.2247448713915892,9.274499806697353,0
00012,3918,4602.395779520295,2,1.2247448713915892,17.91753627234175,0
00012,3919,474.3393540575588,2,1.2247448713915892,12.667533880372154,0
00012,3927,406.089080693617,2,1.2247448713915892,13.807889908837273,0
00012,3929,577.7635219840448,2,1.2247448713915892,11.767655113052728,0
00012,3931,438.9876597875265,2,1.7320508075688774,11.26818981387327,0
00012,3932,383.38288046437583,2,1.7320508075688774,14.940300798080441,0
00012,3933,627.7222345219346,2,1.2247448713915892,9.830589635104632,0
00012,3934,435.098609216914,2,1.7320508075688774,13.608490107893356,0
00012,3936,386.5612529163337,2,1.7320508075688774,11.194506846391487,0
00012,3942,1070.421145172586,2,1.2247448713915892,20.07511419211791,0
00012,3943,1043.5582301624331,2,1.2247448713915892,14.141110233931645,0
00012,3944,1248.6568393793477,2,1.2247448713915892,15.243766940116622,0
00012,3945,378.94637232541635,2,1.2247448713915892,12.34448193317843,0
00012,3951,394.8455241637956,2,1.7320508075688774,10.719083505541017,0
00012,3952,425.3444046914422,2,1.7320508075688774,18.4484038023116,0
00012,3954,1703.278436804385,2,1.7320508075688774,15.49873275659678,0
00012,3957,484.0935585830306,2,1.7320508075688774,9.865806943084403,0
00012,3958,397.7781011412252,2,1.7320508075688774,10.785276718216169,0
00012,3963,1163.0739287919673,2,1.7320508075688774,10.222179390577448,0
00012,3964,722.5750482643203,2,1.2247448713915892,11.453132073492164,0
00012,3966,7260.622254850334,2,1.2247448713915892,14.940300798080441,0
00012,3968,6664.879033983672,2,1.2247448713915892,14.19970137833276,0
00012,3969,392.20003012300447,2,1.2247448713915892,13.608490107893356,0
00012,3970,1886.8658252811788,2,1.2247448713915892,15.069955749637609,0
00012,3971,906.7657609287517,2,1.7320508075688774,12.033717480456495,0
00012,3974,1437.9267425343528,2,1.7320508075688774,13.608490107893356,0
00012,3976,816.259590822515,2,1.2247448713915892,14.940300798080441,0
00012,3979,1624.412710105056,2,1.2247448713915892,15.436640338110488,0
00012,3981,423.63596551749424,2,1.7320508075688774,20.07511419211791,0
00012,3984,1012.52647122362,2,1.2247448713915892,11.093723011557817,0
00012,3986,432.4118277140126,2,1.2247448713915892,11.45057553871207,0
00012,3993,1353.833183951322,2,1.7320508075688774,15.391709942543903,0
00012,3995,2463.7875171816486,2,1.2247448713915892,23.840128854959865,0
00012,3996,1665.950639150106,2,1.7320508075688774,13.313739196487331,0
00012,3997,530.6548114993642,2,1.2247448713915892,13.341383324509087,0
00012,4001,1214.2616187024978,2,1.2247448713915892,11.976725812374122,0
00012,4005,831.8643701456656,2,1.2247448713915892,12.739878369558308,0
00012,4006,639.1921677999445,2,1.2247448713915892,11.324410616995431,0
00012,4016,466.5199654542235,2,1.2247448713915892,16.99051707514145,0
00012,4019,383.12979541125753,2,1.2247448713915892,10.830278237645857,0
00012,4023,1238.8346390868355,2,1.2247448713915892,8.747040881616254,0
00012,4024,364.33935405755886,2,1.2247448713915892,7.494494822116666,0
00012,4029,471.2095586463014,2,1.7320508075688774,15.64522260693039,0
00012,4030,475.8092873355687,2,1.7320508075688774,14.329730900339687,0
00012,4033,5349.236825794678,2,1.2247448713915892,15.020256666513825,0
00012,4035,969.9295542235291,2,1.2247448713915892,17.249406079259614,0
00012,4037,1092.314673632612,2,1.2247448713915892,15.564806661388387,0
00012,4039,744.0862690044405,2,1.7320508075688774,17.413738504768865,0
00012,4047,3042.8577518933953,2,1.2247448713915892,18.73599759140695,0
00012,4049,1744.9310093590425,2,1.2247448713915892,15.674215984697037,0
00012,4050,2604.2130416617974,2,1.7320508075688774,25.065829224994697,0
00012,4051,2596.6788066969675,2,1.2247448713915892,16.23353248826157,0
00012,4053,1883.959956608679,2,1.2247448713915892,12.024257783746872,0
00012,4058,1007.1674873749976,2,1.2247448713915892,11.818802318551825,0
00012,4060,501.20226906771126,2,1.7320508075688774,13.240519915187184,0
00012,4069,681.6112850925472,2,1.2247448713915892,10.102611791687565,0
00012,4071,524.346643636149,2,1.7320508075688774,14.358443232894302,0
00012,4075,377.5177265095167,2,1.2247448713915892,10.519734890658631,0
00012,4076,1409.9003959091688,2,1.2247448713915892,14.141110233931645,0
00012,4080,1312.280675749092,2,1.2247448713915892,12.024257783746872,0
00012,4081,2055.948189140676,2,1.2247448713915892,15.438779127604974,0
00012,4082,1409.5938942461908,2,1.2247448713915892,11.919461487010038,0
00012,4084,553.3683013071956,2,1.2247448713915892,19.296658658980828,0
00012,4088,371.62586424972756,2,1.2247448713915892,8.719411308414095,0
00012,4092,604.0935585830306,2,1.7320508075688774,12.604382648379175,0
00012,4093,464.84552416379563,2,1.7320508075688774,13.703039448302473,0
00012,4094,828.4402022191796,2,1.7320508075688774,12.033717480456495,0
00012,4097,880.3871472890654,2,1.2247448713915892,15.214413958603153,0
00012,4101,498.73457473440817,2,1.4348778704286018,17.015416089174668,0
00012,4108,5298.604864003977,2,1.2247448713915892,13.590579654675997,0
00012,4110,3406.0827720879206,2,1.2247448713915892,13.718492150521655,0
00012,4112,2359.8736876042385,2,1.7320508075688774,12.98147121077124,0
00012,4114,350.7033885400646,2,1.4348778704286018,16.099844299134098,0
00012,4117,739.9854208428198,2,1.7320508075688774,19.354496074488264,0
00012,4120,463.6286759389041,2,1.7320508075688774,16.99051707514145,0
00012,4121,567.7708115626349,2,1.7320508075688774,13.262676008304837,0
00012,4123,7088.397905982128,2,1.2247448713915892,14.620873988631672,0
00012,4127,455.5149148203401,2,1.2247448713915892,13.807889908837273,0
00012,4128,3275.6737560630845,2,1.2247448713915892,15.64522260693039,0
00012,4129,1351.506841432557,2,1.2247448713915892,26.383209509487678,0
00012,4133,498.0506049206834,2,1.2247448713915892,16.133491286079536,0
00012,4135,856.4980967184531,2,1.2247448713915892,14.030739616462228,0
00012,4136,441.87165972425584,2,1.2247448713915892,10.632985137412156,0
00012,4140,352.6309148836109,2,1.2247448713915892,13.102973195492881,0
00012,4142,781.8230826835554,2,1.2247448713915892,19.126975854254173,0
00012,4145,428.26969209028164,2,1.2247448713915892,9.865806943084403,0
00012,4146,737.5177265095167,2,1.7320508075688774,17.513527099323248,0
00012,4151,828.4596209455194,2,1.2247448713915892,9.598709885735705,0
00012,4155,567.2719310349885,2,1.7320508075688774,15.06646419989193,0
00012,4156,428.4814896812898,2,1.2247448713915892,13.362707311080829,0
00012,4171,1145.3031172293322,2,1.7320508075688774,14.940300798080441,0
00012,4173,3275.4692480506665,2,1.2247448713915892,14.458287920298085,0
00012,4175,860.4284347511758,2,1.2247448713915892,12.450989002492063,0
00012,4181,638.7199955772278,2,1.2247448713915892,11.298480339149979,0
00012,4182,403.6286759389041,2,1.2247448713915892,13.706961004079863,0
00012,4183,610.6548114993642,2,1.2247448713915892,12.131744359753604,0
00012,4187,980.6329427635939,2,1.2247448713915892,14.369988719686694,0
00012,4196,538.9390827468262,2,1.2247448713915892,22.289556611466878,0
00012,4197,595.50762524175,2,1.2247448713915892,13.676355848403206,0
00012,4200,661.1536920270108,2,1.2247448713915892,10.222179390577448,0
00012,4202,1262.3000944754317,2,1.2247448713915892,13.608490107893356,0
00012,4203,996.7317630452316,2,1.7320508075688774,12.30998866432854,0
00012,4204,358.7418643129983,2,1.7320508075688774,18.813265589201286,0
00012,4207,548.4742001026997,2,1.2247448713915892,16.684328403835085,0
00012,4208,706.9702689411696,2,1.2247448713915892,13.003911942822842,0
00012,4209,524.7629492395752,2,1.2247448713915892,8.719411308414095,0
00012,4213,1062.0955864630137,2,1.2247448713915892,14.246998402381816,0
00012,4215,993.7918964892118,2,1.7320508075688774,12.30998866432854,0
00012,4219,2063.0841286415834,2,1.2247448713915892,10.524834170647566,0
00012,4221,522.6309148836109,2,1.7320508075688774,14.940300798080441,0
00012,4222,1921.054608647477,2,1.2247448713915892,9.995884054018944,0
00012,4223,1487.6323700191242,2,1.2247448713915892,12.260378212296978,0
00012,4226,801.6185746711374,2,1.7320508075688774,12.739878369558308,0
00012,4227,783.073928791967,2,1.2247448713915892,35.14855161138371,0
00012,4230,385.35169427003234,2,1.7320508075688774,17.70298069253067,0
00012,4231,762.4191172926027,2,1.7320508075688774,14.940300798080441,0
00012,4232,1602.0882968844235,2,1.2247448713915892,21.93157975026536,0
00012,4233,384.1348460451408,2,1.7320508075688774,16.99051707514145,0
00012,4235,639.2407448406449,2,1.7320508075688774,14.940300798080441,0
00012,4236,593.8817609920225,2,1.7320508075688774,15.64522260693039,0
00012,4237,1118.883216127536,2,1.2247448713915892,10.785276718216169,0
00012,4244,504.29806659544863,2,1.2247448713915892,10.018575415478896,0
00012,4250,2160.4313450222025,2,1.2247448713915892,12.996691136977345,0
00012,4251,544.8455241637955,2,1.7320508075688774,12.591816277789961,0
00012,4255,685.7534207162782,2,1.2247448713915892,19.49798612486769,0
00012,4263,688.3989147570693,2,1.2247448713915892,6.340971373199777,0
00012,4264,509.1921677999445,2,1.2247448713915892,14.030739616462228,0
00012,4265,362.4191172926028,2,1.7320508075688774,17.46675022829262,0
00012,4266,1787.3574162302352,2,1.2247448713915892,17.622325575320776,0
00012,4267,1387.1261999128874,2,1.2247448713915892,14.940300798080441,0
00012,4268,820.3191515220254,2,1.2247448713915892,13.003911942822842,0
00012,4270,606.0550828100969,2,1.7320508075688774,13.608490107893356,0
00012,4271,765.9992161908065,2,1.2247448713915892,11.728583699790773,0
00012,4272,599.1921677999445,2,1.2247448713915892,10.260235222290836,0
00012,4273,1012.52647122362,2,1.2247448713915892,11.951023358683004,0
00012,4275,846.2110137818146,2,1.2247448713915892,13.25057708805898,0
00012,4282,1073.0885079491472,2,1.7320508075688774,14.940300798080441,0
00012,4283,817.941321691533,2,1.7320508075688774,12.591816277789961,0
00012,4284,468.9876597875265,2,1.7320508075688774,16.64267508743156,0
00012,4288,2679.735246060728,2,1.2247448713915892,14.390575635315713,0
00012,4289,624.0449815423302,2,1.2247448713915892,10.846024877291981,0
00012,4291,451.4140666587194,2,1.2247448713915892,10.933567178524408,0
00012,4292,969.6424712868908,2,1.2247448713915892,11.101504061523428,0
00012,4296,887.2087748371077,2,1.2247448713915892,17.52805072609284,0
00012,4297,746.0065057693967,2,1.2247448713915892,17.036705770022134,0
00012,4298,666.3081678632153,2,1.7320508075688774,10.98865109649398,0
00012,4301,602.3778298304926,2,1.7320508075688774,12.30998866432854,0
00012,4302,683.3610117286053,2,1.2247448713915892,12.265003153107912,0
00012,4303,1969.7838231014282,2,1.2247448713915892,16.227695169248033,0
00012,4304,2580.6018551511006,2,1.2247448713915892,11.346840443653045,0
00012,4305,540.1559309717177,2,1.2247448713915892,8.972626614896399,0
00012,4306,1197.8781654936524,2,1.2247448713915892,9.632732282697262,0
00012,4319,1256.2304325081545,2,1.2247448713915892,14.063773932729447,0
00012,4326,947.2646414563983,2,1.7320508075688774,14.940300798080441,0
00012,4327,431.4553541208296,2,1.7320508075688774,20.227781776949794,0
00012,4332,752.7868458553285,2,1.2247448713915892,10.143566626837526,0
00012,4335,455.303117229332,2,1.2247448713915892,10.320910749897246,0
00012,4339,379.6983379061813,2,1.2247448713915892,9.574227885091826,0
00012,4342,1834.234910397568,2,1.7320508075688774,25.208765296758365,0
00012,4347,753.3197242664952,2,1.2247448713915892,11.395654497720006,0
00012,4351,875.0087447141034,2,1.2247448713915892,12.591816277789961,0
00012,4352,859.4233841172924,2,1.2247448713915892,13.26537940535771,0
00012,4353,612.8281333174388,2,1.2247448713915892,8.142984531515577,0
00012,4354,1258.3989147570696,2,1.7320508075688774,9.865806943084403,0
00012,4358,357.77081156263506,2,1.2247448713915892,11.26818981387327,0
